
local KeyMap = {
	Id = 1,
	BestAttackRange = 2,
	RunSpeed = 3,
	IsLookAtTarget = 4,
	WalkSpeed = 5,
	WanderType = 6,
	WanderRange = 7,
	RestChance = 8,
	RestTime = 9,
	DumbChance = 10,
	DumbTime = 11,
	ScanEnemyRange = 12,
	ScanEnemyAngle = 13,
	ScanEnemyType = 14,
	IsKite = 15,
	KeepAwayCd = 16,
	KeepAwayMaxRange = 17,
	KeepAwayTime = 18,
	KeepAwayChance = 19,
	RunawayCd = 20,
	RunawaySpeed = 21,
	Time = 22,
	RunawayHealthPct = 23,
	HomeRange = 24,
	FlashRange = 25,
	OwnStates = 26,

}

local R = {
	_1 = {1,2,3,4},
	_2 = {1,2,3},
	_3 = {1},
	_4 = {200,300,500,700},
	_5 = {1,3,4},
	_6 = {2000,4000},
}

local AITemplateList = 
{
	[3]=
	{
		3,
		1500,
		0,
		false,
		0,
		1,
		0,
		0,
		0,
		0,
		{},
		700,
		180,
		1,
		false,
		3000,
		50,
		3000,
		0,
		3000,
		500,
		5000,
		10,
		1200,
		2000,
		R._1,
	},
	[2001]=
	{
		2001,
		250,
		0,
		false,
		0,
		0,
		3000,
		5000,
		3000,
		0,
		{},
		10000,
		180,
		1,
		false,
		3000,
		50,
		3000,
		0,
		3000,
		500,
		5000,
		10,
		10000,
		10000,
		R._2,
	},
	[2101]=
	{
		2101,
		250,
		0,
		false,
		0,
		0,
		3000,
		5000,
		3000,
		0,
		{},
		10000,
		180,
		1,
		false,
		3000,
		50,
		3000,
		0,
		3000,
		500,
		5000,
		10,
		10000,
		10000,
		R._2,
	},
	[3001]=
	{
		3001,
		600,
		0,
		false,
		0,
		0,
		3000,
		5000,
		3000,
		0,
		{},
		10000,
		180,
		1,
		false,
		3000,
		50,
		3000,
		0,
		3000,
		500,
		5000,
		10,
		10000,
		10000,
		R._2,
	},
	[3101]=
	{
		3101,
		600,
		0,
		false,
		0,
		0,
		3000,
		5000,
		3000,
		0,
		{},
		10000,
		180,
		1,
		false,
		3000,
		50,
		3000,
		0,
		3000,
		500,
		5000,
		10,
		10000,
		10000,
		R._2,
	},
	[4001]=
	{
		4001,
		600,
		0,
		false,
		0,
		0,
		3000,
		5000,
		3000,
		0,
		{},
		10000,
		180,
		1,
		false,
		3000,
		50,
		3000,
		0,
		3000,
		500,
		5000,
		10,
		10000,
		10000,
		R._2,
	},
	[4101]=
	{
		4101,
		600,
		0,
		false,
		0,
		0,
		3000,
		5000,
		3000,
		0,
		{},
		10000,
		180,
		1,
		false,
		3000,
		50,
		3000,
		0,
		3000,
		500,
		5000,
		10,
		10000,
		10000,
		R._2,
	},
	[5001]=
	{
		5001,
		250,
		0,
		false,
		0,
		0,
		3000,
		5000,
		3000,
		0,
		{},
		10000,
		180,
		1,
		false,
		3000,
		50,
		3000,
		0,
		3000,
		500,
		5000,
		10,
		10000,
		10000,
		R._2,
	},
	[8000]=
	{
		8000,
		250,
		0,
		false,
		0,
		3,
		300,
		0,
		0,
		0,
		{},
		0,
		180,
		0,
		false,
		3000,
		50,
		3000,
		0,
		3000,
		500,
		5000,
		10,
		900,
		2000,
		R._2,
	},
	[8001]=
	{
		8001,
		700,
		0,
		false,
		0,
		3,
		300,
		0,
		0,
		0,
		{},
		0,
		180,
		0,
		false,
		3000,
		50,
		3000,
		0,
		3000,
		500,
		5000,
		10,
		900,
		2000,
		R._2,
	},
	[200101]=
	{
		200101,
		250,
		0,
		false,
		-200,
		1,
		300,
		5000,
		3000,
		0,
		{},
		450,
		180,
		0,
		false,
		3000,
		50,
		3000,
		0,
		3000,
		500,
		5000,
		10,
		1200,
		2000,
		R._1,
	},
	[200102]=
	{
		200102,
		250,
		0,
		false,
		-200,
		0,
		300,
		5000,
		3000,
		0,
		{},
		900,
		180,
		0,
		false,
		3000,
		50,
		3000,
		0,
		3000,
		500,
		5000,
		10,
		4000,
		2000,
		R._1,
	},
	[200103]=
	{
		200103,
		250,
		0,
		false,
		-200,
		0,
		300,
		5000,
		3000,
		0,
		{},
		0,
		180,
		0,
		false,
		3000,
		50,
		3000,
		0,
		3000,
		500,
		5000,
		10,
		1200,
		2000,
		R._1,
	},
	[200104]=
	{
		200104,
		250,
		0,
		false,
		-200,
		0,
		300,
		5000,
		3000,
		0,
		{},
		0,
		180,
		0,
		false,
		3000,
		50,
		3000,
		0,
		3000,
		500,
		5000,
		10,
		4000,
		2000,
		R._1,
	},
	[200105]=
	{
		200105,
		250,
		0,
		false,
		-200,
		0,
		300,
		5000,
		3000,
		0,
		{},
		2000,
		180,
		0,
		false,
		3000,
		50,
		3000,
		0,
		3000,
		500,
		5000,
		10,
		4000,
		2000,
		R._1,
	},
	[300101]=
	{
		300101,
		600,
		0,
		false,
		-200,
		0,
		300,
		5000,
		3000,
		0,
		{},
		450,
		180,
		0,
		false,
		3000,
		50,
		3000,
		0,
		3000,
		500,
		5000,
		10,
		1200,
		2000,
		R._1,
	},
	[300102]=
	{
		300102,
		600,
		0,
		false,
		-200,
		0,
		300,
		5000,
		3000,
		0,
		{},
		900,
		180,
		0,
		false,
		3000,
		50,
		3000,
		0,
		3000,
		500,
		5000,
		10,
		4000,
		2000,
		R._1,
	},
	[300103]=
	{
		300103,
		600,
		0,
		false,
		-200,
		0,
		300,
		5000,
		3000,
		0,
		{},
		0,
		180,
		0,
		false,
		3000,
		50,
		3000,
		0,
		3000,
		500,
		5000,
		10,
		1200,
		2000,
		R._1,
	},
	[300104]=
	{
		300104,
		600,
		0,
		false,
		-200,
		0,
		300,
		5000,
		3000,
		0,
		{},
		0,
		180,
		0,
		false,
		3000,
		50,
		3000,
		0,
		3000,
		500,
		5000,
		10,
		4000,
		2000,
		R._1,
	},
	[300105]=
	{
		300105,
		600,
		0,
		false,
		-200,
		0,
		300,
		5000,
		3000,
		0,
		{},
		2000,
		180,
		0,
		false,
		3000,
		50,
		3000,
		0,
		3000,
		500,
		5000,
		10,
		4000,
		2000,
		R._1,
	},
	[400101]=
	{
		400101,
		600,
		0,
		false,
		-200,
		1,
		300,
		5000,
		3000,
		0,
		{},
		450,
		180,
		0,
		false,
		3000,
		50,
		3000,
		0,
		3000,
		500,
		5000,
		10,
		1200,
		2000,
		R._1,
	},
	[400102]=
	{
		400102,
		600,
		0,
		false,
		-200,
		0,
		300,
		5000,
		3000,
		0,
		{},
		900,
		180,
		0,
		false,
		3000,
		50,
		3000,
		0,
		3000,
		500,
		5000,
		10,
		4000,
		2000,
		R._1,
	},
	[400103]=
	{
		400103,
		600,
		0,
		false,
		-200,
		0,
		300,
		5000,
		3000,
		0,
		{},
		0,
		180,
		0,
		false,
		3000,
		50,
		3000,
		0,
		3000,
		500,
		5000,
		10,
		1200,
		2000,
		R._1,
	},
	[400104]=
	{
		400104,
		600,
		0,
		false,
		-200,
		0,
		300,
		5000,
		3000,
		0,
		{},
		0,
		180,
		0,
		false,
		3000,
		50,
		3000,
		0,
		3000,
		500,
		5000,
		10,
		4000,
		2000,
		R._1,
	},
	[400105]=
	{
		400105,
		600,
		0,
		false,
		-200,
		0,
		300,
		5000,
		3000,
		0,
		{},
		2000,
		180,
		0,
		false,
		3000,
		50,
		3000,
		0,
		3000,
		500,
		5000,
		10,
		4000,
		2000,
		R._1,
	},
	[500101]=
	{
		500101,
		250,
		0,
		false,
		-200,
		1,
		300,
		5000,
		3000,
		0,
		{},
		450,
		180,
		0,
		false,
		3000,
		50,
		3000,
		0,
		3000,
		500,
		5000,
		10,
		1200,
		2000,
		R._1,
	},
	[500102]=
	{
		500102,
		250,
		0,
		false,
		-200,
		0,
		300,
		5000,
		3000,
		0,
		{},
		900,
		180,
		0,
		false,
		3000,
		50,
		3000,
		0,
		3000,
		500,
		5000,
		10,
		4000,
		2000,
		R._1,
	},
	[500103]=
	{
		500103,
		250,
		0,
		false,
		-200,
		0,
		300,
		5000,
		3000,
		0,
		{},
		0,
		180,
		0,
		false,
		3000,
		50,
		3000,
		0,
		3000,
		500,
		5000,
		10,
		1200,
		2000,
		R._1,
	},
	[500104]=
	{
		500104,
		250,
		0,
		false,
		-200,
		0,
		300,
		5000,
		3000,
		0,
		{},
		0,
		180,
		0,
		false,
		3000,
		50,
		3000,
		0,
		3000,
		500,
		5000,
		10,
		4000,
		2000,
		R._1,
	},
	[500105]=
	{
		500105,
		250,
		0,
		false,
		-200,
		0,
		300,
		5000,
		3000,
		0,
		{},
		2000,
		180,
		0,
		false,
		3000,
		50,
		3000,
		0,
		3000,
		500,
		5000,
		10,
		4000,
		2000,
		R._1,
	},
	[210201]=
	{
		210201,
		100,
		0,
		false,
		0,
		3,
		400,
		0,
		0,
		0,
		{},
		300,
		180,
		0,
		false,
		3000,
		50,
		3000,
		0,
		3000,
		500,
		5000,
		10,
		1200,
		2000,
		R._2,
	},
	[312101]=
	{
		312101,
		0,
		0,
		false,
		400,
		3,
		400,
		0,
		0,
		0,
		{},
		0,
		180,
		1,
		false,
		3000,
		50,
		3000,
		0,
		3000,
		500,
		5000,
		10,
		1200,
		2000,
		R._3,
	},
	[1000100]=
	{
		1000100,
		1500,
		0,
		false,
		0,
		1,
		0,
		0,
		0,
		0,
		{},
		700,
		180,
		1,
		false,
		3000,
		50,
		3000,
		0,
		3000,
		500,
		5000,
		10,
		1200,
		2000,
		{},
	},
	[1000101]=
	{
		1000101,
		1500,
		0,
		false,
		0,
		1,
		0,
		0,
		0,
		0,
		{},
		700,
		180,
		1,
		false,
		3000,
		50,
		3000,
		0,
		3000,
		500,
		5000,
		10,
		1200,
		2000,
		{},
	},
	[1000102]=
	{
		1000102,
		0,
		0,
		false,
		0,
		1,
		0,
		0,
		0,
		0,
		{},
		0,
		0,
		1,
		false,
		3000,
		50,
		3000,
		0,
		0,
		0,
		0,
		0,
		0,
		0,
		R._3,
	},
	[1010101]=
	{
		1010101,
		250,
		0,
		false,
		-200,
		1,
		400,
		5000,
		3000,
		0,
		{},
		1200,
		180,
		1,
		false,
		3000,
		50,
		3000,
		0,
		3000,
		500,
		5000,
		10,
		2000,
		2000,
		R._1,
	},
	[1010102]=
	{
		1010102,
		250,
		0,
		false,
		-200,
		1,
		400,
		5000,
		3000,
		0,
		{},
		700,
		180,
		1,
		false,
		3000,
		50,
		3000,
		0,
		3000,
		500,
		5000,
		10,
		1200,
		2000,
		R._1,
	},
	[1020101]=
	{
		1020101,
		250,
		0,
		false,
		0,
		1,
		400,
		5000,
		3000,
		0,
		{},
		1700,
		180,
		1,
		false,
		3000,
		50,
		3000,
		0,
		3000,
		500,
		5000,
		10,
		6000,
		2000,
		R._1,
	},
	[1030101]=
	{
		1030101,
		400,
		0,
		false,
		0,
		1,
		400,
		5000,
		3000,
		0,
		{},
		1700,
		180,
		1,
		false,
		3000,
		50,
		3000,
		0,
		3000,
		500,
		5000,
		10,
		6000,
		2000,
		R._1,
	},
	[1070101]=
	{
		1070101,
		500,
		0,
		false,
		200,
		1,
		400,
		5000,
		3000,
		0,
		{},
		1000,
		180,
		1,
		false,
		3000,
		50,
		3000,
		0,
		3000,
		500,
		5000,
		10,
		6000,
		2000,
		R._1,
	},
	[1070102]=
	{
		1070102,
		500,
		0,
		false,
		200,
		1,
		400,
		5000,
		3000,
		0,
		{},
		1200,
		180,
		1,
		false,
		3000,
		50,
		3000,
		0,
		3000,
		500,
		5000,
		10,
		1200,
		2000,
		R._1,
	},
	[1090101]=
	{
		1090101,
		250,
		0,
		false,
		200,
		1,
		400,
		5000,
		3000,
		0,
		{},
		1700,
		180,
		1,
		false,
		3000,
		50,
		3000,
		0,
		3000,
		500,
		5000,
		10,
		6000,
		2000,
		R._1,
	},
	[1100101]=
	{
		1100101,
		400,
		0,
		false,
		0,
		1,
		400,
		5000,
		3000,
		0,
		{},
		1700,
		180,
		1,
		false,
		3000,
		50,
		3000,
		0,
		3000,
		500,
		5000,
		10,
		6000,
		2000,
		R._1,
	},
	[1100102]=
	{
		1100102,
		400,
		0,
		false,
		0,
		1,
		400,
		5000,
		3000,
		0,
		{},
		1200,
		180,
		1,
		false,
		3000,
		50,
		3000,
		0,
		3000,
		500,
		5000,
		10,
		1200,
		2000,
		R._1,
	},
	[1140101]=
	{
		1140101,
		300,
		0,
		true,
		200,
		1,
		400,
		5000,
		3000,
		0,
		{},
		1000,
		180,
		1,
		false,
		3000,
		50,
		3000,
		0,
		3000,
		500,
		5000,
		10,
		6000,
		4000,
		R._1,
	},
	[1150101]=
	{
		1150101,
		2000,
		0,
		true,
		200,
		1,
		400,
		5000,
		3000,
		0,
		{},
		3000,
		180,
		1,
		false,
		3000,
		50,
		3000,
		0,
		3000,
		500,
		5000,
		10,
		6000,
		4000,
		R._1,
	},
	[1170101]=
	{
		1170101,
		800,
		0,
		true,
		200,
		1,
		400,
		5000,
		3000,
		0,
		{},
		3000,
		180,
		1,
		false,
		3000,
		50,
		3000,
		0,
		3000,
		500,
		5000,
		10,
		6000,
		4000,
		R._1,
	},
	[1990101]=
	{
		1990101,
		0,
		0,
		false,
		0,
		1,
		0,
		50,
		3000,
		0,
		{},
		700,
		180,
		1,
		false,
		3000,
		50,
		3000,
		0,
		3000,
		500,
		5000,
		10,
		1200,
		2000,
		{},
	},
	[1990102]=
	{
		1990102,
		0,
		0,
		false,
		0,
		1,
		0,
		50,
		3000,
		0,
		{},
		700,
		180,
		1,
		false,
		3000,
		50,
		3000,
		0,
		3000,
		500,
		5000,
		10,
		1200,
		2000,
		{},
	},
	[2010101]=
	{
		2010101,
		300,
		0,
		false,
		200,
		1,
		400,
		5000,
		3000,
		0,
		{},
		1000,
		180,
		1,
		false,
		3000,
		50,
		3000,
		0,
		3000,
		500,
		5000,
		10,
		6000,
		2000,
		R._1,
	},
	[2020102]=
	{
		2020102,
		250,
		100,
		false,
		-200,
		1,
		400,
		5000,
		3000,
		0,
		{},
		1700,
		180,
		1,
		false,
		3000,
		50,
		3000,
		0,
		3000,
		500,
		5000,
		10,
		6000,
		2000,
		R._1,
	},
	[2030101]=
	{
		2030101,
		250,
		50,
		false,
		-200,
		1,
		300,
		5000,
		3000,
		0,
		{},
		450,
		180,
		1,
		false,
		3000,
		50,
		3000,
		0,
		3000,
		500,
		5000,
		10,
		1200,
		2000,
		R._1,
	},
	[2030102]=
	{
		2030102,
		250,
		50,
		false,
		-200,
		0,
		300,
		5000,
		3000,
		0,
		{},
		900,
		180,
		1,
		false,
		3000,
		50,
		3000,
		0,
		3000,
		500,
		5000,
		10,
		4000,
		2000,
		R._1,
	},
	[2030103]=
	{
		2030103,
		250,
		50,
		false,
		-200,
		0,
		300,
		5000,
		3000,
		0,
		{},
		0,
		180,
		1,
		false,
		3000,
		50,
		3000,
		0,
		3000,
		500,
		5000,
		10,
		1200,
		2000,
		R._1,
	},
	[2030104]=
	{
		2030104,
		250,
		50,
		false,
		-200,
		0,
		300,
		5000,
		3000,
		0,
		{},
		0,
		180,
		1,
		false,
		3000,
		50,
		3000,
		0,
		3000,
		500,
		5000,
		10,
		4000,
		2000,
		R._1,
	},
	[2030105]=
	{
		2030105,
		250,
		50,
		false,
		-200,
		0,
		300,
		5000,
		3000,
		0,
		{},
		1200,
		180,
		1,
		false,
		3000,
		50,
		3000,
		0,
		3000,
		500,
		5000,
		10,
		4000,
		2000,
		R._1,
	},
	[2030106]=
	{
		2030106,
		250,
		50,
		false,
		-200,
		1,
		300,
		5000,
		3000,
		0,
		{},
		3000,
		180,
		1,
		false,
		3000,
		50,
		3000,
		0,
		3000,
		500,
		5000,
		10,
		1200,
		2000,
		R._1,
	},
	[2040101]=
	{
		2040101,
		600,
		0,
		false,
		-200,
		1,
		300,
		5000,
		3000,
		0,
		{},
		450,
		180,
		1,
		false,
		3000,
		50,
		3000,
		0,
		3000,
		500,
		5000,
		10,
		1200,
		2000,
		R._1,
	},
	[2040102]=
	{
		2040102,
		600,
		0,
		false,
		-200,
		0,
		300,
		5000,
		3000,
		0,
		{},
		900,
		180,
		1,
		false,
		3000,
		50,
		3000,
		0,
		3000,
		500,
		5000,
		10,
		4000,
		2000,
		R._1,
	},
	[2040103]=
	{
		2040103,
		600,
		0,
		false,
		-200,
		0,
		300,
		5000,
		3000,
		0,
		{},
		0,
		180,
		1,
		false,
		3000,
		50,
		3000,
		0,
		3000,
		500,
		5000,
		10,
		1200,
		2000,
		R._1,
	},
	[2040104]=
	{
		2040104,
		600,
		0,
		false,
		-200,
		0,
		300,
		5000,
		3000,
		0,
		{},
		0,
		180,
		1,
		false,
		3000,
		50,
		3000,
		0,
		3000,
		500,
		5000,
		10,
		4000,
		2000,
		R._1,
	},
	[2040105]=
	{
		2040105,
		600,
		0,
		false,
		-200,
		0,
		300,
		5000,
		3000,
		0,
		{},
		1200,
		180,
		1,
		false,
		3000,
		50,
		3000,
		0,
		3000,
		500,
		5000,
		10,
		4000,
		2000,
		R._1,
	},
	[2040106]=
	{
		2040106,
		250,
		50,
		false,
		-200,
		1,
		300,
		5000,
		3000,
		0,
		{},
		3000,
		180,
		1,
		false,
		3000,
		50,
		3000,
		0,
		3000,
		500,
		5000,
		10,
		1200,
		2000,
		R._1,
	},
	[2050101]=
	{
		2050101,
		600,
		-50,
		false,
		-200,
		1,
		400,
		5000,
		3000,
		0,
		{},
		450,
		180,
		1,
		false,
		3000,
		50,
		3000,
		0,
		3000,
		500,
		5000,
		10,
		1200,
		2000,
		R._1,
	},
	[2050102]=
	{
		2050102,
		600,
		-50,
		false,
		-200,
		1,
		400,
		5000,
		3000,
		0,
		{},
		900,
		180,
		1,
		false,
		3000,
		50,
		3000,
		0,
		3000,
		500,
		5000,
		10,
		4000,
		2000,
		R._1,
	},
	[2050103]=
	{
		2050103,
		600,
		-50,
		false,
		-200,
		1,
		400,
		5000,
		3000,
		0,
		{},
		0,
		180,
		1,
		false,
		3000,
		50,
		3000,
		0,
		3000,
		500,
		5000,
		10,
		1200,
		2000,
		R._1,
	},
	[2050104]=
	{
		2050104,
		600,
		-50,
		false,
		-200,
		1,
		400,
		5000,
		3000,
		0,
		{},
		0,
		180,
		1,
		false,
		3000,
		50,
		3000,
		0,
		3000,
		500,
		5000,
		10,
		4000,
		2000,
		R._1,
	},
	[2050105]=
	{
		2050105,
		600,
		-50,
		false,
		-200,
		1,
		400,
		5000,
		3000,
		0,
		{},
		1200,
		180,
		1,
		false,
		3000,
		50,
		3000,
		0,
		3000,
		500,
		5000,
		10,
		4000,
		2000,
		R._1,
	},
	[2050106]=
	{
		2050106,
		600,
		-50,
		false,
		-200,
		1,
		400,
		5000,
		3000,
		0,
		{},
		900,
		180,
		1,
		false,
		3000,
		50,
		3000,
		0,
		3000,
		500,
		5000,
		10,
		6000,
		2000,
		R._1,
	},
	[2050201]=
	{
		2050201,
		250,
		-50,
		false,
		-200,
		1,
		400,
		5000,
		3000,
		0,
		{},
		3000,
		180,
		1,
		false,
		3000,
		50,
		3000,
		0,
		3000,
		500,
		5000,
		10,
		2000,
		2000,
		R._1,
	},
	[2060101]=
	{
		2060101,
		250,
		-50,
		false,
		-200,
		1,
		400,
		5000,
		3000,
		0,
		{},
		450,
		180,
		1,
		false,
		3000,
		50,
		3000,
		0,
		3000,
		500,
		5000,
		10,
		1200,
		2000,
		R._1,
	},
	[2060102]=
	{
		2060102,
		250,
		-50,
		false,
		-200,
		1,
		400,
		5000,
		3000,
		0,
		{},
		900,
		180,
		1,
		false,
		3000,
		50,
		3000,
		0,
		3000,
		500,
		5000,
		10,
		4000,
		2000,
		R._1,
	},
	[2060103]=
	{
		2060103,
		250,
		-50,
		false,
		-200,
		1,
		400,
		5000,
		3000,
		0,
		{},
		0,
		180,
		1,
		false,
		3000,
		50,
		3000,
		0,
		3000,
		500,
		5000,
		10,
		1200,
		2000,
		R._1,
	},
	[2060104]=
	{
		2060104,
		250,
		-50,
		false,
		-200,
		1,
		400,
		5000,
		3000,
		0,
		{},
		0,
		180,
		1,
		false,
		3000,
		50,
		3000,
		0,
		3000,
		500,
		5000,
		10,
		4000,
		2000,
		R._1,
	},
	[2060105]=
	{
		2060105,
		250,
		-50,
		false,
		-200,
		1,
		400,
		5000,
		3000,
		0,
		{},
		1200,
		180,
		1,
		false,
		3000,
		50,
		3000,
		0,
		3000,
		500,
		5000,
		10,
		4000,
		2000,
		R._1,
	},
	[2060106]=
	{
		2060106,
		250,
		-50,
		false,
		-200,
		1,
		400,
		5000,
		3000,
		0,
		{},
		900,
		180,
		1,
		false,
		3000,
		50,
		3000,
		0,
		3000,
		500,
		5000,
		10,
		4000,
		2000,
		R._1,
	},
	[2080101]=
	{
		2080101,
		400,
		100,
		false,
		-350,
		1,
		400,
		5000,
		3000,
		0,
		{},
		450,
		180,
		1,
		false,
		3000,
		50,
		3000,
		0,
		3000,
		500,
		5000,
		10,
		1200,
		2000,
		R._1,
	},
	[2080102]=
	{
		2080102,
		400,
		100,
		false,
		-350,
		1,
		400,
		5000,
		3000,
		0,
		{},
		900,
		180,
		1,
		false,
		3000,
		50,
		3000,
		0,
		3000,
		500,
		5000,
		10,
		4000,
		2000,
		R._1,
	},
	[2080103]=
	{
		2080103,
		400,
		100,
		false,
		-350,
		1,
		400,
		5000,
		3000,
		0,
		{},
		0,
		180,
		1,
		false,
		3000,
		50,
		3000,
		0,
		3000,
		500,
		5000,
		10,
		1200,
		2000,
		R._1,
	},
	[2080104]=
	{
		2080104,
		400,
		100,
		false,
		-350,
		1,
		400,
		5000,
		3000,
		0,
		{},
		0,
		180,
		1,
		false,
		3000,
		50,
		3000,
		0,
		3000,
		500,
		5000,
		10,
		4000,
		2000,
		R._1,
	},
	[2080105]=
	{
		2080105,
		400,
		100,
		false,
		-350,
		1,
		400,
		5000,
		3000,
		0,
		{},
		1200,
		180,
		1,
		false,
		3000,
		50,
		3000,
		0,
		3000,
		500,
		5000,
		10,
		4000,
		2000,
		R._1,
	},
	[2080106]=
	{
		2080106,
		400,
		100,
		false,
		-350,
		1,
		400,
		5000,
		3000,
		0,
		{},
		450,
		180,
		1,
		false,
		3000,
		50,
		3000,
		0,
		3000,
		500,
		5000,
		10,
		1200,
		2000,
		R._1,
	},
	[2080111]=
	{
		2080111,
		400,
		100,
		false,
		-350,
		1,
		400,
		5000,
		3000,
		0,
		{},
		450,
		180,
		1,
		false,
		3000,
		50,
		3000,
		0,
		3000,
		500,
		5000,
		10,
		1200,
		2000,
		R._1,
	},
	[2080112]=
	{
		2080112,
		400,
		100,
		false,
		-350,
		1,
		400,
		5000,
		3000,
		0,
		{},
		900,
		180,
		1,
		false,
		3000,
		50,
		3000,
		0,
		3000,
		500,
		5000,
		10,
		4000,
		2000,
		R._1,
	},
	[2080113]=
	{
		2080113,
		400,
		100,
		false,
		-350,
		1,
		400,
		5000,
		3000,
		0,
		{},
		0,
		180,
		1,
		false,
		3000,
		50,
		3000,
		0,
		3000,
		500,
		5000,
		10,
		1200,
		2000,
		R._1,
	},
	[2080114]=
	{
		2080114,
		400,
		100,
		false,
		-350,
		1,
		400,
		5000,
		3000,
		0,
		{},
		0,
		180,
		1,
		false,
		3000,
		50,
		3000,
		0,
		3000,
		500,
		5000,
		10,
		4000,
		2000,
		R._1,
	},
	[2080115]=
	{
		2080115,
		400,
		100,
		false,
		-350,
		1,
		400,
		5000,
		3000,
		0,
		{},
		1200,
		180,
		1,
		false,
		3000,
		50,
		3000,
		0,
		3000,
		500,
		5000,
		10,
		4000,
		2000,
		R._1,
	},
	[2090101]=
	{
		2090101,
		700,
		0,
		true,
		-350,
		1,
		400,
		5000,
		3000,
		0,
		{},
		450,
		180,
		1,
		false,
		3000,
		50,
		3000,
		0,
		3000,
		500,
		5000,
		10,
		1200,
		2000,
		R._1,
	},
	[2090102]=
	{
		2090102,
		700,
		0,
		true,
		-350,
		1,
		400,
		5000,
		3000,
		0,
		{},
		900,
		180,
		1,
		false,
		3000,
		50,
		3000,
		0,
		3000,
		500,
		5000,
		10,
		4000,
		2000,
		R._1,
	},
	[2090103]=
	{
		2090103,
		700,
		0,
		true,
		-350,
		1,
		400,
		5000,
		3000,
		0,
		{},
		0,
		180,
		1,
		false,
		3000,
		50,
		3000,
		0,
		3000,
		500,
		5000,
		10,
		1200,
		2000,
		R._1,
	},
	[2090104]=
	{
		2090104,
		700,
		0,
		true,
		-350,
		1,
		400,
		5000,
		3000,
		0,
		{},
		0,
		180,
		1,
		false,
		3000,
		50,
		3000,
		0,
		3000,
		500,
		5000,
		10,
		4000,
		2000,
		R._1,
	},
	[2090105]=
	{
		2090105,
		700,
		0,
		true,
		-350,
		1,
		400,
		5000,
		3000,
		0,
		{},
		1200,
		180,
		1,
		false,
		3000,
		50,
		3000,
		0,
		3000,
		500,
		5000,
		10,
		4000,
		2000,
		R._1,
	},
	[2090106]=
	{
		2090106,
		700,
		0,
		true,
		-350,
		1,
		400,
		5000,
		3000,
		0,
		{},
		450,
		180,
		1,
		false,
		3000,
		50,
		3000,
		0,
		3000,
		500,
		5000,
		10,
		1200,
		2000,
		R._1,
	},
	[2090111]=
	{
		2090111,
		700,
		0,
		true,
		-350,
		1,
		400,
		5000,
		3000,
		0,
		{},
		450,
		180,
		1,
		false,
		3000,
		50,
		3000,
		0,
		3000,
		500,
		5000,
		10,
		1200,
		2000,
		R._1,
	},
	[2090112]=
	{
		2090112,
		700,
		0,
		true,
		-350,
		1,
		400,
		5000,
		3000,
		0,
		{},
		900,
		180,
		1,
		false,
		3000,
		50,
		3000,
		0,
		3000,
		500,
		5000,
		10,
		4000,
		2000,
		R._1,
	},
	[2090113]=
	{
		2090113,
		700,
		0,
		true,
		-350,
		1,
		400,
		5000,
		3000,
		0,
		{},
		0,
		180,
		1,
		false,
		3000,
		50,
		3000,
		0,
		3000,
		500,
		5000,
		10,
		1200,
		2000,
		R._1,
	},
	[2090114]=
	{
		2090114,
		700,
		0,
		true,
		-350,
		1,
		400,
		5000,
		3000,
		0,
		{},
		0,
		180,
		1,
		false,
		3000,
		50,
		3000,
		0,
		3000,
		500,
		5000,
		10,
		4000,
		2000,
		R._1,
	},
	[2090115]=
	{
		2090115,
		700,
		0,
		true,
		-350,
		1,
		400,
		5000,
		3000,
		0,
		{},
		1200,
		180,
		1,
		false,
		3000,
		50,
		3000,
		0,
		3000,
		500,
		5000,
		10,
		4000,
		2000,
		R._1,
	},
	[2110101]=
	{
		2110101,
		400,
		0,
		false,
		-350,
		1,
		400,
		5000,
		3000,
		0,
		{},
		450,
		180,
		1,
		false,
		3000,
		50,
		3000,
		0,
		3000,
		500,
		5000,
		10,
		1200,
		2000,
		R._1,
	},
	[2110102]=
	{
		2110102,
		400,
		0,
		false,
		-350,
		1,
		400,
		5000,
		3000,
		0,
		{},
		900,
		180,
		1,
		false,
		3000,
		50,
		3000,
		0,
		3000,
		500,
		5000,
		10,
		4000,
		2000,
		R._1,
	},
	[2110103]=
	{
		2110103,
		400,
		0,
		false,
		-350,
		1,
		400,
		5000,
		3000,
		0,
		{},
		0,
		180,
		1,
		false,
		3000,
		50,
		3000,
		0,
		3000,
		500,
		5000,
		10,
		1200,
		2000,
		R._1,
	},
	[2110104]=
	{
		2110104,
		400,
		0,
		false,
		-350,
		1,
		400,
		5000,
		3000,
		0,
		{},
		0,
		180,
		1,
		false,
		3000,
		50,
		3000,
		0,
		3000,
		500,
		5000,
		10,
		4000,
		2000,
		R._1,
	},
	[2110105]=
	{
		2110105,
		400,
		0,
		false,
		-350,
		1,
		400,
		5000,
		3000,
		0,
		{},
		1200,
		180,
		1,
		false,
		3000,
		50,
		3000,
		0,
		3000,
		500,
		5000,
		10,
		4000,
		2000,
		R._1,
	},
	[2110201]=
	{
		2110201,
		400,
		0,
		false,
		-350,
		1,
		400,
		5000,
		3000,
		0,
		{},
		450,
		180,
		1,
		false,
		3000,
		50,
		3000,
		0,
		3000,
		500,
		5000,
		10,
		1200,
		2000,
		R._1,
	},
	[2110202]=
	{
		2110202,
		400,
		0,
		false,
		-350,
		1,
		400,
		5000,
		3000,
		0,
		{},
		900,
		180,
		1,
		false,
		3000,
		50,
		3000,
		0,
		3000,
		500,
		5000,
		10,
		4000,
		2000,
		R._1,
	},
	[2110203]=
	{
		2110203,
		400,
		0,
		false,
		-350,
		1,
		400,
		5000,
		3000,
		0,
		{},
		0,
		180,
		1,
		false,
		3000,
		50,
		3000,
		0,
		3000,
		500,
		5000,
		10,
		1200,
		2000,
		R._1,
	},
	[2110204]=
	{
		2110204,
		400,
		0,
		false,
		-350,
		1,
		400,
		5000,
		3000,
		0,
		{},
		0,
		180,
		1,
		false,
		3000,
		50,
		3000,
		0,
		3000,
		500,
		5000,
		10,
		4000,
		2000,
		R._1,
	},
	[2110205]=
	{
		2110205,
		400,
		0,
		false,
		-350,
		1,
		400,
		5000,
		3000,
		0,
		{},
		1200,
		180,
		1,
		false,
		3000,
		50,
		3000,
		0,
		3000,
		500,
		5000,
		10,
		4000,
		2000,
		R._1,
	},
	[2130101]=
	{
		2130101,
		300,
		50,
		false,
		-100,
		1,
		300,
		5000,
		3000,
		0,
		{},
		450,
		180,
		1,
		false,
		3000,
		50,
		3000,
		0,
		3000,
		500,
		5000,
		10,
		1200,
		2000,
		R._1,
	},
	[2130102]=
	{
		2130102,
		300,
		50,
		false,
		-100,
		0,
		300,
		5000,
		3000,
		0,
		{},
		900,
		180,
		1,
		false,
		3000,
		50,
		3000,
		0,
		3000,
		500,
		5000,
		10,
		4000,
		2000,
		R._1,
	},
	[2130103]=
	{
		2130103,
		300,
		50,
		false,
		-100,
		0,
		300,
		5000,
		3000,
		0,
		{},
		0,
		180,
		1,
		false,
		3000,
		50,
		3000,
		0,
		3000,
		500,
		5000,
		10,
		1200,
		2000,
		R._1,
	},
	[2130104]=
	{
		2130104,
		300,
		50,
		false,
		-100,
		0,
		300,
		5000,
		3000,
		0,
		{},
		0,
		180,
		1,
		false,
		3000,
		50,
		3000,
		0,
		3000,
		500,
		5000,
		10,
		4000,
		2000,
		R._1,
	},
	[2130105]=
	{
		2130105,
		300,
		50,
		false,
		-100,
		0,
		300,
		5000,
		3000,
		0,
		{},
		1200,
		180,
		1,
		false,
		3000,
		50,
		3000,
		0,
		3000,
		500,
		5000,
		10,
		4000,
		2000,
		R._1,
	},
	[2130201]=
	{
		2130201,
		300,
		50,
		false,
		200,
		1,
		400,
		5000,
		3000,
		0,
		{},
		3000,
		180,
		1,
		false,
		3000,
		50,
		3000,
		0,
		3000,
		500,
		5000,
		10,
		1200,
		2000,
		R._1,
	},
	[2140101]=
	{
		2140101,
		300,
		50,
		false,
		-100,
		1,
		300,
		5000,
		3000,
		0,
		{},
		450,
		180,
		1,
		false,
		3000,
		50,
		3000,
		0,
		3000,
		500,
		5000,
		10,
		1200,
		2000,
		R._1,
	},
	[2140102]=
	{
		2140102,
		300,
		50,
		false,
		-100,
		0,
		300,
		5000,
		3000,
		0,
		{},
		900,
		180,
		1,
		false,
		3000,
		50,
		3000,
		0,
		3000,
		500,
		5000,
		10,
		4000,
		2000,
		R._1,
	},
	[2140103]=
	{
		2140103,
		300,
		50,
		false,
		-100,
		0,
		300,
		5000,
		3000,
		0,
		{},
		0,
		180,
		1,
		false,
		3000,
		50,
		3000,
		0,
		3000,
		500,
		5000,
		10,
		1200,
		2000,
		R._1,
	},
	[2140104]=
	{
		2140104,
		300,
		50,
		false,
		-100,
		0,
		300,
		5000,
		3000,
		0,
		{},
		0,
		180,
		1,
		false,
		3000,
		50,
		3000,
		0,
		3000,
		500,
		5000,
		10,
		4000,
		2000,
		R._1,
	},
	[2140105]=
	{
		2140105,
		300,
		50,
		false,
		-100,
		0,
		300,
		5000,
		3000,
		0,
		{},
		1200,
		180,
		1,
		false,
		3000,
		50,
		3000,
		0,
		3000,
		500,
		5000,
		10,
		4000,
		2000,
		R._1,
	},
	[2150101]=
	{
		2150101,
		300,
		50,
		false,
		-100,
		1,
		300,
		5000,
		3000,
		0,
		{},
		450,
		180,
		1,
		false,
		3000,
		50,
		3000,
		0,
		3000,
		500,
		5000,
		10,
		1200,
		2000,
		R._1,
	},
	[2150102]=
	{
		2150102,
		300,
		50,
		false,
		-100,
		0,
		300,
		5000,
		3000,
		0,
		{},
		900,
		180,
		1,
		false,
		3000,
		50,
		3000,
		0,
		3000,
		500,
		5000,
		10,
		4000,
		2000,
		R._1,
	},
	[2150103]=
	{
		2150103,
		300,
		50,
		false,
		-100,
		0,
		300,
		5000,
		3000,
		0,
		{},
		0,
		180,
		1,
		false,
		3000,
		50,
		3000,
		0,
		3000,
		500,
		5000,
		10,
		1200,
		2000,
		R._1,
	},
	[2150104]=
	{
		2150104,
		300,
		50,
		false,
		-100,
		0,
		300,
		5000,
		3000,
		0,
		{},
		0,
		180,
		1,
		false,
		3000,
		50,
		3000,
		0,
		3000,
		500,
		5000,
		10,
		4000,
		2000,
		R._1,
	},
	[2150105]=
	{
		2150105,
		300,
		50,
		false,
		-100,
		0,
		300,
		5000,
		3000,
		0,
		{},
		1200,
		180,
		1,
		false,
		3000,
		50,
		3000,
		0,
		3000,
		500,
		5000,
		10,
		4000,
		2000,
		R._1,
	},
	[2160101]=
	{
		2160101,
		300,
		50,
		false,
		-100,
		1,
		300,
		5000,
		3000,
		0,
		{},
		450,
		180,
		1,
		false,
		3000,
		50,
		3000,
		0,
		3000,
		500,
		5000,
		10,
		1200,
		2000,
		R._1,
	},
	[2160102]=
	{
		2160102,
		300,
		50,
		false,
		-100,
		0,
		300,
		5000,
		3000,
		0,
		{},
		900,
		180,
		1,
		false,
		3000,
		50,
		3000,
		0,
		3000,
		500,
		5000,
		10,
		4000,
		2000,
		R._1,
	},
	[2160103]=
	{
		2160103,
		300,
		50,
		false,
		-100,
		0,
		300,
		5000,
		3000,
		0,
		{},
		0,
		180,
		1,
		false,
		3000,
		50,
		3000,
		0,
		3000,
		500,
		5000,
		10,
		1200,
		2000,
		R._1,
	},
	[2160104]=
	{
		2160104,
		300,
		50,
		false,
		-100,
		0,
		300,
		5000,
		3000,
		0,
		{},
		0,
		180,
		1,
		false,
		3000,
		50,
		3000,
		0,
		3000,
		500,
		5000,
		10,
		4000,
		2000,
		R._1,
	},
	[2160105]=
	{
		2160105,
		300,
		50,
		false,
		-100,
		0,
		300,
		5000,
		3000,
		0,
		{},
		1200,
		180,
		1,
		false,
		3000,
		50,
		3000,
		0,
		3000,
		500,
		5000,
		10,
		4000,
		2000,
		R._1,
	},
	[2180101]=
	{
		2180101,
		400,
		0,
		false,
		-350,
		1,
		400,
		5000,
		3000,
		0,
		{},
		450,
		180,
		1,
		false,
		3000,
		50,
		3000,
		0,
		3000,
		500,
		5000,
		10,
		1200,
		2000,
		R._1,
	},
	[2180102]=
	{
		2180102,
		400,
		0,
		false,
		-350,
		1,
		400,
		5000,
		3000,
		0,
		{},
		900,
		180,
		1,
		false,
		3000,
		50,
		3000,
		0,
		3000,
		500,
		5000,
		10,
		4000,
		2000,
		R._1,
	},
	[2180103]=
	{
		2180103,
		400,
		0,
		false,
		-350,
		1,
		400,
		5000,
		3000,
		0,
		{},
		0,
		180,
		1,
		false,
		3000,
		50,
		3000,
		0,
		3000,
		500,
		5000,
		10,
		1200,
		2000,
		R._1,
	},
	[2180104]=
	{
		2180104,
		400,
		0,
		false,
		-350,
		1,
		400,
		5000,
		3000,
		0,
		{},
		0,
		180,
		1,
		false,
		3000,
		50,
		3000,
		0,
		3000,
		500,
		5000,
		10,
		4000,
		2000,
		R._1,
	},
	[2180105]=
	{
		2180105,
		400,
		0,
		false,
		-350,
		1,
		400,
		5000,
		3000,
		0,
		{},
		1200,
		180,
		1,
		false,
		3000,
		50,
		3000,
		0,
		3000,
		500,
		5000,
		10,
		4000,
		2000,
		R._1,
	},
	[2180106]=
	{
		2180106,
		400,
		0,
		false,
		-350,
		1,
		400,
		5000,
		3000,
		0,
		{},
		900,
		180,
		1,
		false,
		3000,
		50,
		3000,
		0,
		3000,
		500,
		5000,
		10,
		4000,
		2000,
		R._1,
	},
	[2310101]=
	{
		2310101,
		250,
		-50,
		false,
		-200,
		1,
		400,
		5000,
		3000,
		3500,
		R._4,
		450,
		180,
		1,
		false,
		3000,
		50,
		3000,
		0,
		3000,
		500,
		5000,
		10,
		1200,
		2000,
		R._1,
	},
	[2310102]=
	{
		2310102,
		250,
		-50,
		false,
		-200,
		1,
		400,
		5000,
		3000,
		3500,
		R._4,
		900,
		180,
		1,
		false,
		3000,
		50,
		3000,
		0,
		3000,
		500,
		5000,
		10,
		4000,
		2000,
		R._1,
	},
	[2310103]=
	{
		2310103,
		250,
		-50,
		false,
		-200,
		1,
		400,
		5000,
		3000,
		3500,
		R._4,
		0,
		180,
		1,
		false,
		3000,
		50,
		3000,
		0,
		3000,
		500,
		5000,
		10,
		1200,
		2000,
		R._1,
	},
	[2310104]=
	{
		2310104,
		250,
		-50,
		false,
		-200,
		1,
		400,
		5000,
		3000,
		3500,
		R._4,
		0,
		180,
		1,
		false,
		3000,
		50,
		3000,
		0,
		3000,
		500,
		5000,
		10,
		4000,
		2000,
		R._1,
	},
	[2310105]=
	{
		2310105,
		250,
		-50,
		false,
		-200,
		1,
		400,
		5000,
		3000,
		3500,
		R._4,
		1200,
		180,
		1,
		false,
		3000,
		50,
		3000,
		0,
		3000,
		500,
		5000,
		10,
		4000,
		2000,
		R._1,
	},
	[2310106]=
	{
		2310106,
		250,
		-50,
		false,
		-200,
		1,
		400,
		5000,
		3000,
		3500,
		R._4,
		900,
		180,
		1,
		false,
		3000,
		50,
		3000,
		0,
		3000,
		500,
		5000,
		10,
		4000,
		2000,
		R._1,
	},
	[2320101]=
	{
		2320101,
		250,
		-50,
		false,
		-200,
		1,
		400,
		5000,
		3000,
		3500,
		R._4,
		450,
		180,
		1,
		false,
		3000,
		50,
		3000,
		0,
		3000,
		500,
		5000,
		10,
		1200,
		2000,
		R._1,
	},
	[2320102]=
	{
		2320102,
		250,
		-50,
		false,
		-200,
		1,
		400,
		5000,
		3000,
		3500,
		R._4,
		900,
		180,
		1,
		false,
		3000,
		50,
		3000,
		0,
		3000,
		500,
		5000,
		10,
		4000,
		2000,
		R._1,
	},
	[2320103]=
	{
		2320103,
		250,
		-50,
		false,
		-200,
		1,
		400,
		5000,
		3000,
		3500,
		R._4,
		0,
		180,
		1,
		false,
		3000,
		50,
		3000,
		0,
		3000,
		500,
		5000,
		10,
		1200,
		2000,
		R._1,
	},
	[2320104]=
	{
		2320104,
		250,
		-50,
		false,
		-200,
		1,
		400,
		5000,
		3000,
		3500,
		R._4,
		0,
		180,
		1,
		false,
		3000,
		50,
		3000,
		0,
		3000,
		500,
		5000,
		10,
		4000,
		2000,
		R._1,
	},
	[2320105]=
	{
		2320105,
		250,
		-50,
		false,
		-200,
		1,
		400,
		5000,
		3000,
		3500,
		R._4,
		1200,
		180,
		1,
		false,
		3000,
		50,
		3000,
		0,
		3000,
		500,
		5000,
		10,
		4000,
		2000,
		R._1,
	},
	[2330101]=
	{
		2330101,
		250,
		-50,
		false,
		-200,
		1,
		400,
		5000,
		3000,
		3500,
		R._4,
		450,
		180,
		1,
		false,
		3000,
		50,
		3000,
		0,
		3000,
		500,
		5000,
		10,
		1200,
		2000,
		R._1,
	},
	[2330102]=
	{
		2330102,
		250,
		-50,
		false,
		-200,
		1,
		400,
		5000,
		3000,
		3500,
		R._4,
		900,
		180,
		1,
		false,
		3000,
		50,
		3000,
		0,
		3000,
		500,
		5000,
		10,
		4000,
		2000,
		R._1,
	},
	[2330103]=
	{
		2330103,
		250,
		-50,
		false,
		-200,
		1,
		400,
		5000,
		3000,
		3500,
		R._4,
		0,
		180,
		1,
		false,
		3000,
		50,
		3000,
		0,
		3000,
		500,
		5000,
		10,
		1200,
		2000,
		R._1,
	},
	[2330104]=
	{
		2330104,
		250,
		-50,
		false,
		-200,
		1,
		400,
		5000,
		3000,
		3500,
		R._4,
		0,
		180,
		1,
		false,
		3000,
		50,
		3000,
		0,
		3000,
		500,
		5000,
		10,
		4000,
		2000,
		R._1,
	},
	[2330105]=
	{
		2330105,
		250,
		-50,
		false,
		-200,
		1,
		400,
		5000,
		3000,
		3500,
		R._4,
		1200,
		180,
		1,
		false,
		3000,
		50,
		3000,
		0,
		3000,
		500,
		5000,
		10,
		4000,
		2000,
		R._1,
	},
	[2340101]=
	{
		2340101,
		250,
		-50,
		false,
		-200,
		1,
		400,
		5000,
		3000,
		3500,
		R._4,
		450,
		180,
		1,
		false,
		3000,
		50,
		3000,
		0,
		3000,
		500,
		5000,
		10,
		1200,
		2000,
		R._1,
	},
	[2340102]=
	{
		2340102,
		250,
		-50,
		false,
		-200,
		1,
		400,
		5000,
		3000,
		3500,
		R._4,
		900,
		180,
		1,
		false,
		3000,
		50,
		3000,
		0,
		3000,
		500,
		5000,
		10,
		4000,
		2000,
		R._1,
	},
	[2340103]=
	{
		2340103,
		250,
		-50,
		false,
		-200,
		1,
		400,
		5000,
		3000,
		3500,
		R._4,
		0,
		180,
		1,
		false,
		3000,
		50,
		3000,
		0,
		3000,
		500,
		5000,
		10,
		1200,
		2000,
		R._1,
	},
	[2340104]=
	{
		2340104,
		250,
		-50,
		false,
		-200,
		1,
		400,
		5000,
		3000,
		3500,
		R._4,
		0,
		180,
		1,
		false,
		3000,
		50,
		3000,
		0,
		3000,
		500,
		5000,
		10,
		4000,
		2000,
		R._1,
	},
	[2340105]=
	{
		2340105,
		250,
		-50,
		false,
		-200,
		1,
		400,
		5000,
		3000,
		3500,
		R._4,
		1200,
		180,
		1,
		false,
		3000,
		50,
		3000,
		0,
		3000,
		500,
		5000,
		10,
		4000,
		2000,
		R._1,
	},
	[2350101]=
	{
		2350101,
		150,
		0,
		false,
		-200,
		1,
		300,
		5000,
		3000,
		3500,
		R._4,
		450,
		180,
		1,
		false,
		3000,
		50,
		3000,
		0,
		3000,
		500,
		5000,
		10,
		1200,
		2000,
		R._1,
	},
	[2350102]=
	{
		2350102,
		150,
		0,
		false,
		-200,
		1,
		300,
		5000,
		3000,
		3500,
		R._4,
		900,
		180,
		1,
		false,
		3000,
		50,
		3000,
		0,
		3000,
		500,
		5000,
		10,
		4000,
		2000,
		R._1,
	},
	[2350103]=
	{
		2350103,
		150,
		0,
		false,
		-200,
		1,
		300,
		5000,
		3000,
		3500,
		R._4,
		0,
		180,
		1,
		false,
		3000,
		50,
		3000,
		0,
		3000,
		500,
		5000,
		10,
		1200,
		2000,
		R._1,
	},
	[2350104]=
	{
		2350104,
		150,
		0,
		false,
		-200,
		1,
		300,
		5000,
		3000,
		3500,
		R._4,
		0,
		180,
		1,
		false,
		3000,
		50,
		3000,
		0,
		3000,
		500,
		5000,
		10,
		4000,
		2000,
		R._1,
	},
	[2350105]=
	{
		2350105,
		150,
		0,
		false,
		-200,
		1,
		300,
		5000,
		3000,
		3500,
		R._4,
		1200,
		180,
		1,
		false,
		3000,
		50,
		3000,
		0,
		3000,
		500,
		5000,
		10,
		4000,
		2000,
		R._1,
	},
	[2350106]=
	{
		2350106,
		150,
		0,
		false,
		-200,
		1,
		300,
		5000,
		3000,
		3500,
		R._4,
		900,
		180,
		1,
		false,
		3000,
		50,
		3000,
		0,
		3000,
		500,
		5000,
		10,
		4000,
		2000,
		R._1,
	},
	[2360101]=
	{
		2360101,
		150,
		0,
		false,
		-200,
		1,
		300,
		5000,
		3000,
		3500,
		R._4,
		450,
		180,
		1,
		false,
		3000,
		50,
		3000,
		0,
		3000,
		500,
		5000,
		10,
		1200,
		2000,
		R._1,
	},
	[2360102]=
	{
		2360102,
		150,
		0,
		false,
		-200,
		1,
		300,
		5000,
		3000,
		3500,
		R._4,
		900,
		180,
		1,
		false,
		3000,
		50,
		3000,
		0,
		3000,
		500,
		5000,
		10,
		4000,
		2000,
		R._1,
	},
	[2360103]=
	{
		2360103,
		150,
		0,
		false,
		-200,
		1,
		300,
		5000,
		3000,
		3500,
		R._4,
		0,
		180,
		1,
		false,
		3000,
		50,
		3000,
		0,
		3000,
		500,
		5000,
		10,
		1200,
		2000,
		R._1,
	},
	[2360104]=
	{
		2360104,
		150,
		0,
		false,
		-200,
		1,
		300,
		5000,
		3000,
		3500,
		R._4,
		0,
		180,
		1,
		false,
		3000,
		50,
		3000,
		0,
		3000,
		500,
		5000,
		10,
		4000,
		2000,
		R._1,
	},
	[2360105]=
	{
		2360105,
		150,
		0,
		false,
		-200,
		1,
		300,
		5000,
		3000,
		3500,
		R._4,
		1200,
		180,
		1,
		false,
		3000,
		50,
		3000,
		0,
		3000,
		500,
		5000,
		10,
		4000,
		2000,
		R._1,
	},
	[2370101]=
	{
		2370101,
		150,
		0,
		false,
		-200,
		1,
		300,
		5000,
		3000,
		3500,
		R._4,
		450,
		180,
		1,
		false,
		3000,
		50,
		3000,
		0,
		3000,
		500,
		5000,
		10,
		1200,
		2000,
		R._1,
	},
	[2370102]=
	{
		2370102,
		150,
		0,
		false,
		-200,
		1,
		300,
		5000,
		3000,
		3500,
		R._4,
		900,
		180,
		1,
		false,
		3000,
		50,
		3000,
		0,
		3000,
		500,
		5000,
		10,
		4000,
		2000,
		R._1,
	},
	[2370103]=
	{
		2370103,
		150,
		0,
		false,
		-200,
		1,
		300,
		5000,
		3000,
		3500,
		R._4,
		0,
		180,
		1,
		false,
		3000,
		50,
		3000,
		0,
		3000,
		500,
		5000,
		10,
		1200,
		2000,
		R._1,
	},
	[2370104]=
	{
		2370104,
		150,
		0,
		false,
		-200,
		1,
		300,
		5000,
		3000,
		3500,
		R._4,
		0,
		180,
		1,
		false,
		3000,
		50,
		3000,
		0,
		3000,
		500,
		5000,
		10,
		4000,
		2000,
		R._1,
	},
	[2370105]=
	{
		2370105,
		150,
		0,
		false,
		-200,
		1,
		300,
		5000,
		3000,
		3500,
		R._4,
		1200,
		180,
		1,
		false,
		3000,
		50,
		3000,
		0,
		3000,
		500,
		5000,
		10,
		4000,
		2000,
		R._1,
	},
	[2380101]=
	{
		2380101,
		150,
		0,
		false,
		-200,
		1,
		300,
		5000,
		3000,
		3500,
		R._4,
		450,
		180,
		1,
		false,
		3000,
		50,
		3000,
		0,
		3000,
		500,
		5000,
		10,
		1200,
		2000,
		R._1,
	},
	[2380102]=
	{
		2380102,
		150,
		0,
		false,
		-200,
		1,
		300,
		5000,
		3000,
		3500,
		R._4,
		900,
		180,
		1,
		false,
		3000,
		50,
		3000,
		0,
		3000,
		500,
		5000,
		10,
		4000,
		2000,
		R._1,
	},
	[2380103]=
	{
		2380103,
		150,
		0,
		false,
		-200,
		1,
		300,
		5000,
		3000,
		3500,
		R._4,
		0,
		180,
		1,
		false,
		3000,
		50,
		3000,
		0,
		3000,
		500,
		5000,
		10,
		1200,
		2000,
		R._1,
	},
	[2380104]=
	{
		2380104,
		150,
		0,
		false,
		-200,
		1,
		300,
		5000,
		3000,
		3500,
		R._4,
		0,
		180,
		1,
		false,
		3000,
		50,
		3000,
		0,
		3000,
		500,
		5000,
		10,
		4000,
		2000,
		R._1,
	},
	[2380105]=
	{
		2380105,
		150,
		0,
		false,
		-200,
		1,
		300,
		5000,
		3000,
		3500,
		R._4,
		1200,
		180,
		1,
		false,
		3000,
		50,
		3000,
		0,
		3000,
		500,
		5000,
		10,
		4000,
		2000,
		R._1,
	},
	[2390101]=
	{
		2390101,
		600,
		0,
		false,
		-200,
		1,
		300,
		5000,
		3000,
		3500,
		R._4,
		450,
		180,
		1,
		false,
		3000,
		50,
		3000,
		0,
		3000,
		500,
		5000,
		10,
		1200,
		2000,
		R._1,
	},
	[2390102]=
	{
		2390102,
		600,
		0,
		false,
		-200,
		1,
		300,
		5000,
		3000,
		3500,
		R._4,
		900,
		180,
		1,
		false,
		3000,
		50,
		3000,
		0,
		3000,
		500,
		5000,
		10,
		4000,
		2000,
		R._1,
	},
	[2390103]=
	{
		2390103,
		600,
		0,
		false,
		-200,
		1,
		300,
		5000,
		3000,
		3500,
		R._4,
		0,
		180,
		1,
		false,
		3000,
		50,
		3000,
		0,
		3000,
		500,
		5000,
		10,
		1200,
		2000,
		R._1,
	},
	[2390104]=
	{
		2390104,
		600,
		0,
		false,
		-200,
		1,
		300,
		5000,
		3000,
		3500,
		R._4,
		0,
		180,
		1,
		false,
		3000,
		50,
		3000,
		0,
		3000,
		500,
		5000,
		10,
		4000,
		2000,
		R._1,
	},
	[2390105]=
	{
		2390105,
		600,
		0,
		false,
		-200,
		1,
		300,
		5000,
		3000,
		3500,
		R._4,
		1200,
		180,
		1,
		false,
		3000,
		50,
		3000,
		0,
		3000,
		500,
		5000,
		10,
		4000,
		2000,
		R._1,
	},
	[2420101]=
	{
		2420101,
		250,
		150,
		false,
		-200,
		1,
		600,
		5000,
		3000,
		3500,
		R._4,
		450,
		180,
		1,
		false,
		3000,
		50,
		3000,
		0,
		3000,
		500,
		5000,
		10,
		1200,
		2000,
		R._1,
	},
	[2420102]=
	{
		2420102,
		250,
		150,
		false,
		-200,
		1,
		600,
		5000,
		3000,
		3500,
		R._4,
		900,
		180,
		1,
		false,
		3000,
		50,
		3000,
		0,
		3000,
		500,
		5000,
		10,
		4000,
		2000,
		R._1,
	},
	[2420103]=
	{
		2420103,
		250,
		150,
		false,
		-200,
		1,
		600,
		5000,
		3000,
		3500,
		R._4,
		0,
		180,
		1,
		false,
		3000,
		50,
		3000,
		0,
		3000,
		500,
		5000,
		10,
		1200,
		2000,
		R._1,
	},
	[2420104]=
	{
		2420104,
		250,
		150,
		false,
		-200,
		1,
		600,
		5000,
		3000,
		3500,
		R._4,
		0,
		180,
		1,
		false,
		3000,
		50,
		3000,
		0,
		3000,
		500,
		5000,
		10,
		4000,
		2000,
		R._1,
	},
	[2420105]=
	{
		2420105,
		250,
		150,
		false,
		-200,
		1,
		600,
		5000,
		3000,
		3500,
		R._4,
		1200,
		180,
		0,
		false,
		3000,
		50,
		3000,
		0,
		3000,
		500,
		5000,
		10,
		4000,
		2000,
		R._1,
	},
	[2420106]=
	{
		2420106,
		250,
		150,
		false,
		-200,
		1,
		600,
		5000,
		3000,
		3500,
		R._4,
		1200,
		180,
		1,
		false,
		3000,
		50,
		3000,
		0,
		3000,
		500,
		5000,
		10,
		4000,
		2000,
		R._1,
	},
	[4020101]=
	{
		4020101,
		200,
		0,
		false,
		-200,
		1,
		600,
		5000,
		3000,
		3500,
		R._4,
		450,
		180,
		1,
		false,
		3000,
		50,
		3000,
		0,
		3000,
		500,
		5000,
		10,
		1200,
		2000,
		R._1,
	},
	[4020102]=
	{
		4020102,
		200,
		0,
		false,
		-200,
		0,
		600,
		5000,
		3000,
		3500,
		R._4,
		900,
		180,
		1,
		false,
		3000,
		50,
		3000,
		0,
		3000,
		500,
		5000,
		10,
		4000,
		2000,
		R._1,
	},
	[4020103]=
	{
		4020103,
		200,
		0,
		false,
		-200,
		1,
		600,
		5000,
		3000,
		3500,
		R._4,
		0,
		180,
		1,
		false,
		3000,
		50,
		3000,
		0,
		3000,
		500,
		5000,
		10,
		1200,
		2000,
		R._1,
	},
	[4020104]=
	{
		4020104,
		200,
		0,
		false,
		-200,
		1,
		600,
		5000,
		3000,
		3500,
		R._4,
		0,
		180,
		1,
		false,
		3000,
		50,
		3000,
		0,
		3000,
		500,
		5000,
		10,
		4000,
		2000,
		R._1,
	},
	[4020105]=
	{
		4020105,
		200,
		0,
		false,
		-200,
		1,
		600,
		5000,
		3000,
		3500,
		R._4,
		1200,
		180,
		1,
		false,
		3000,
		50,
		3000,
		0,
		3000,
		500,
		5000,
		10,
		4000,
		2000,
		R._1,
	},
	[4020106]=
	{
		4020106,
		200,
		0,
		false,
		-200,
		0,
		600,
		5000,
		3000,
		3500,
		R._4,
		900,
		180,
		1,
		false,
		3000,
		50,
		3000,
		0,
		3000,
		500,
		5000,
		10,
		4000,
		2000,
		R._2,
	},
	[4030101]=
	{
		4030101,
		300,
		0,
		false,
		-200,
		1,
		600,
		5000,
		3000,
		3500,
		R._4,
		450,
		180,
		1,
		false,
		3000,
		50,
		3000,
		0,
		3000,
		500,
		5000,
		10,
		1200,
		2000,
		R._1,
	},
	[4030102]=
	{
		4030102,
		300,
		0,
		false,
		-200,
		1,
		600,
		5000,
		3000,
		3500,
		R._4,
		900,
		180,
		1,
		false,
		3000,
		50,
		3000,
		0,
		3000,
		500,
		5000,
		10,
		4000,
		2000,
		R._1,
	},
	[4030103]=
	{
		4030103,
		300,
		0,
		false,
		-200,
		1,
		600,
		5000,
		3000,
		3500,
		R._4,
		0,
		180,
		1,
		false,
		3000,
		50,
		3000,
		0,
		3000,
		500,
		5000,
		10,
		1200,
		2000,
		R._1,
	},
	[4030104]=
	{
		4030104,
		300,
		0,
		false,
		-200,
		1,
		600,
		5000,
		3000,
		3500,
		R._4,
		0,
		180,
		1,
		false,
		3000,
		50,
		3000,
		0,
		3000,
		500,
		5000,
		10,
		4000,
		2000,
		R._1,
	},
	[4030105]=
	{
		4030105,
		300,
		0,
		false,
		-200,
		1,
		600,
		5000,
		3000,
		3500,
		R._4,
		1200,
		180,
		1,
		false,
		3000,
		50,
		3000,
		0,
		3000,
		500,
		5000,
		10,
		4000,
		2000,
		R._1,
	},
	[4040101]=
	{
		4040101,
		250,
		0,
		false,
		-200,
		1,
		600,
		5000,
		3000,
		3500,
		R._4,
		450,
		180,
		1,
		false,
		3000,
		50,
		3000,
		0,
		3000,
		500,
		5000,
		10,
		1200,
		2000,
		R._1,
	},
	[4040102]=
	{
		4040102,
		250,
		0,
		false,
		-200,
		1,
		600,
		5000,
		3000,
		3500,
		R._4,
		900,
		180,
		1,
		false,
		3000,
		50,
		3000,
		0,
		3000,
		500,
		5000,
		10,
		4000,
		2000,
		R._1,
	},
	[4040103]=
	{
		4040103,
		250,
		0,
		false,
		-200,
		1,
		600,
		5000,
		3000,
		3500,
		R._4,
		0,
		180,
		1,
		false,
		3000,
		50,
		3000,
		0,
		3000,
		500,
		5000,
		10,
		1200,
		2000,
		R._1,
	},
	[4040104]=
	{
		4040104,
		250,
		0,
		false,
		-200,
		1,
		600,
		5000,
		3000,
		3500,
		R._4,
		0,
		180,
		1,
		false,
		3000,
		50,
		3000,
		0,
		3000,
		500,
		5000,
		10,
		4000,
		2000,
		R._1,
	},
	[4040105]=
	{
		4040105,
		250,
		0,
		false,
		-200,
		1,
		600,
		5000,
		3000,
		3500,
		R._4,
		1200,
		180,
		1,
		false,
		3000,
		50,
		3000,
		0,
		3000,
		500,
		5000,
		10,
		4000,
		2000,
		R._1,
	},
	[4050101]=
	{
		4050101,
		250,
		50,
		false,
		-200,
		1,
		600,
		5000,
		3000,
		3500,
		R._4,
		450,
		180,
		1,
		false,
		3000,
		50,
		3000,
		0,
		3000,
		500,
		5000,
		10,
		1200,
		2000,
		R._1,
	},
	[4050102]=
	{
		4050102,
		250,
		50,
		false,
		-200,
		1,
		600,
		5000,
		3000,
		3500,
		R._4,
		900,
		180,
		1,
		false,
		3000,
		50,
		3000,
		0,
		3000,
		500,
		5000,
		10,
		4000,
		2000,
		R._1,
	},
	[4050103]=
	{
		4050103,
		250,
		50,
		false,
		-200,
		1,
		600,
		5000,
		3000,
		3500,
		R._4,
		0,
		180,
		1,
		false,
		3000,
		50,
		3000,
		0,
		3000,
		500,
		5000,
		10,
		1200,
		2000,
		R._1,
	},
	[4050104]=
	{
		4050104,
		250,
		50,
		false,
		-200,
		1,
		600,
		5000,
		3000,
		3500,
		R._4,
		0,
		180,
		1,
		false,
		3000,
		50,
		3000,
		0,
		3000,
		500,
		5000,
		10,
		4000,
		2000,
		R._1,
	},
	[4050105]=
	{
		4050105,
		250,
		50,
		false,
		-200,
		1,
		600,
		5000,
		3000,
		3500,
		R._4,
		1200,
		180,
		1,
		false,
		3000,
		50,
		3000,
		0,
		3000,
		500,
		5000,
		10,
		4000,
		2000,
		R._1,
	},
	[4050106]=
	{
		4050106,
		250,
		50,
		false,
		-200,
		1,
		600,
		5000,
		3000,
		3500,
		R._4,
		900,
		180,
		1,
		false,
		3000,
		50,
		3000,
		0,
		3000,
		500,
		5000,
		10,
		4000,
		2000,
		R._2,
	},
	[4060101]=
	{
		4060101,
		600,
		0,
		false,
		-200,
		1,
		300,
		5000,
		3000,
		3500,
		R._4,
		450,
		180,
		1,
		false,
		3000,
		50,
		3000,
		0,
		3000,
		500,
		5000,
		10,
		1200,
		2000,
		R._1,
	},
	[4060102]=
	{
		4060102,
		600,
		0,
		false,
		-200,
		0,
		300,
		5000,
		3000,
		3500,
		R._4,
		900,
		180,
		1,
		false,
		3000,
		50,
		3000,
		0,
		3000,
		500,
		5000,
		10,
		4000,
		2000,
		R._1,
	},
	[4060103]=
	{
		4060103,
		600,
		0,
		false,
		-200,
		0,
		300,
		5000,
		3000,
		3500,
		R._4,
		0,
		180,
		1,
		false,
		3000,
		50,
		3000,
		0,
		3000,
		500,
		5000,
		10,
		1200,
		2000,
		R._1,
	},
	[4060104]=
	{
		4060104,
		600,
		0,
		false,
		-200,
		0,
		300,
		5000,
		3000,
		3500,
		R._4,
		0,
		180,
		1,
		false,
		3000,
		50,
		3000,
		0,
		3000,
		500,
		5000,
		10,
		4000,
		2000,
		R._1,
	},
	[4060105]=
	{
		4060105,
		600,
		0,
		false,
		-200,
		0,
		300,
		5000,
		3000,
		3500,
		R._4,
		1200,
		180,
		1,
		false,
		3000,
		50,
		3000,
		0,
		3000,
		500,
		5000,
		10,
		4000,
		2000,
		R._1,
	},
	[4060106]=
	{
		4060106,
		600,
		0,
		false,
		-200,
		0,
		300,
		5000,
		3000,
		3500,
		R._4,
		900,
		180,
		1,
		false,
		3000,
		50,
		3000,
		0,
		3000,
		500,
		5000,
		10,
		4000,
		2000,
		R._2,
	},
	[4070101]=
	{
		4070101,
		600,
		0,
		false,
		-200,
		1,
		300,
		5000,
		3000,
		3500,
		R._4,
		450,
		180,
		1,
		false,
		3000,
		50,
		3000,
		0,
		3000,
		500,
		5000,
		10,
		1200,
		2000,
		R._1,
	},
	[4070102]=
	{
		4070102,
		600,
		0,
		false,
		-200,
		1,
		300,
		5000,
		3000,
		3500,
		R._4,
		900,
		180,
		1,
		false,
		3000,
		50,
		3000,
		0,
		3000,
		500,
		5000,
		10,
		4000,
		2000,
		R._1,
	},
	[4070103]=
	{
		4070103,
		600,
		0,
		false,
		-200,
		1,
		300,
		5000,
		3000,
		3500,
		R._4,
		0,
		180,
		1,
		false,
		3000,
		50,
		3000,
		0,
		3000,
		500,
		5000,
		10,
		1200,
		2000,
		R._1,
	},
	[4070104]=
	{
		4070104,
		600,
		0,
		false,
		-200,
		1,
		300,
		5000,
		3000,
		3500,
		R._4,
		0,
		180,
		1,
		false,
		3000,
		50,
		3000,
		0,
		3000,
		500,
		5000,
		10,
		4000,
		2000,
		R._1,
	},
	[4070105]=
	{
		4070105,
		600,
		0,
		false,
		-200,
		1,
		300,
		5000,
		3000,
		3500,
		R._4,
		1200,
		180,
		1,
		false,
		3000,
		50,
		3000,
		0,
		3000,
		500,
		5000,
		10,
		4000,
		2000,
		R._1,
	},
	[4090101]=
	{
		4090101,
		300,
		0,
		false,
		-200,
		1,
		600,
		5000,
		3000,
		3500,
		R._4,
		450,
		180,
		1,
		false,
		3000,
		50,
		3000,
		0,
		3000,
		500,
		5000,
		10,
		1200,
		2000,
		R._1,
	},
	[4090102]=
	{
		4090102,
		300,
		0,
		false,
		-200,
		0,
		600,
		5000,
		3000,
		3500,
		R._4,
		900,
		180,
		1,
		false,
		3000,
		50,
		3000,
		0,
		3000,
		500,
		5000,
		10,
		4000,
		2000,
		R._2,
	},
	[4090103]=
	{
		4090103,
		300,
		0,
		false,
		-200,
		1,
		600,
		5000,
		3000,
		3500,
		R._4,
		0,
		180,
		1,
		false,
		3000,
		50,
		3000,
		0,
		3000,
		500,
		5000,
		10,
		1200,
		2000,
		R._1,
	},
	[4090104]=
	{
		4090104,
		300,
		0,
		false,
		-200,
		1,
		600,
		5000,
		3000,
		3500,
		R._4,
		0,
		180,
		1,
		false,
		3000,
		50,
		3000,
		0,
		3000,
		500,
		5000,
		10,
		4000,
		2000,
		R._1,
	},
	[4090105]=
	{
		4090105,
		300,
		0,
		false,
		-200,
		1,
		600,
		5000,
		3000,
		3500,
		R._4,
		1200,
		180,
		1,
		false,
		3000,
		50,
		3000,
		0,
		3000,
		500,
		5000,
		10,
		4000,
		2000,
		R._1,
	},
	[4090111]=
	{
		4090111,
		600,
		0,
		false,
		-200,
		1,
		300,
		5000,
		3000,
		3500,
		R._4,
		450,
		180,
		1,
		false,
		3000,
		50,
		3000,
		0,
		3000,
		500,
		5000,
		10,
		1200,
		2000,
		R._1,
	},
	[4090112]=
	{
		4090112,
		600,
		0,
		false,
		-200,
		0,
		300,
		5000,
		3000,
		3500,
		R._4,
		900,
		180,
		1,
		false,
		3000,
		50,
		3000,
		0,
		3000,
		500,
		5000,
		10,
		4000,
		2000,
		R._2,
	},
	[4090113]=
	{
		4090113,
		600,
		0,
		false,
		-200,
		1,
		300,
		5000,
		3000,
		3500,
		R._4,
		0,
		180,
		1,
		false,
		3000,
		50,
		3000,
		0,
		3000,
		500,
		5000,
		10,
		1200,
		2000,
		R._1,
	},
	[4090114]=
	{
		4090114,
		600,
		0,
		false,
		-200,
		1,
		300,
		5000,
		3000,
		3500,
		R._4,
		0,
		180,
		1,
		false,
		3000,
		50,
		3000,
		0,
		3000,
		500,
		5000,
		10,
		4000,
		2000,
		R._1,
	},
	[4090115]=
	{
		4090115,
		600,
		0,
		false,
		-200,
		1,
		300,
		5000,
		3000,
		3500,
		R._4,
		1200,
		180,
		1,
		false,
		3000,
		50,
		3000,
		0,
		3000,
		500,
		5000,
		10,
		1200,
		2000,
		R._1,
	},
	[4090201]=
	{
		4090201,
		300,
		0,
		false,
		-200,
		1,
		600,
		5000,
		3000,
		3500,
		R._4,
		450,
		180,
		1,
		false,
		3000,
		50,
		3000,
		0,
		3000,
		500,
		5000,
		10,
		1200,
		2000,
		R._1,
	},
	[4090202]=
	{
		4090202,
		300,
		0,
		false,
		-200,
		1,
		600,
		5000,
		3000,
		3500,
		R._4,
		900,
		180,
		1,
		false,
		3000,
		50,
		3000,
		0,
		3000,
		500,
		5000,
		10,
		4000,
		2000,
		R._1,
	},
	[4090203]=
	{
		4090203,
		300,
		0,
		false,
		-200,
		1,
		600,
		5000,
		3000,
		3500,
		R._4,
		0,
		180,
		1,
		false,
		3000,
		50,
		3000,
		0,
		3000,
		500,
		5000,
		10,
		1200,
		2000,
		R._1,
	},
	[4090204]=
	{
		4090204,
		300,
		0,
		false,
		-200,
		1,
		600,
		5000,
		3000,
		3500,
		R._4,
		0,
		180,
		1,
		false,
		3000,
		50,
		3000,
		0,
		3000,
		500,
		5000,
		10,
		4000,
		2000,
		R._1,
	},
	[4090205]=
	{
		4090205,
		300,
		0,
		false,
		-200,
		1,
		600,
		5000,
		3000,
		3500,
		R._4,
		1200,
		180,
		1,
		false,
		3000,
		50,
		3000,
		0,
		3000,
		500,
		5000,
		10,
		4000,
		2000,
		R._1,
	},
	[4090301]=
	{
		4090301,
		300,
		0,
		false,
		-200,
		1,
		600,
		5000,
		3000,
		3500,
		R._4,
		450,
		180,
		1,
		false,
		3000,
		50,
		3000,
		0,
		3000,
		500,
		5000,
		10,
		1200,
		2000,
		R._1,
	},
	[4090302]=
	{
		4090302,
		300,
		0,
		false,
		-200,
		1,
		600,
		5000,
		3000,
		3500,
		R._4,
		900,
		180,
		1,
		false,
		3000,
		50,
		3000,
		0,
		3000,
		500,
		5000,
		10,
		4000,
		2000,
		R._1,
	},
	[4090303]=
	{
		4090303,
		300,
		0,
		false,
		-200,
		1,
		600,
		5000,
		3000,
		3500,
		R._4,
		0,
		180,
		1,
		false,
		3000,
		50,
		3000,
		0,
		3000,
		500,
		5000,
		10,
		1200,
		2000,
		R._1,
	},
	[4090304]=
	{
		4090304,
		300,
		0,
		false,
		-200,
		1,
		600,
		5000,
		3000,
		3500,
		R._4,
		0,
		180,
		1,
		false,
		3000,
		50,
		3000,
		0,
		3000,
		500,
		5000,
		10,
		4000,
		2000,
		R._1,
	},
	[4090305]=
	{
		4090305,
		300,
		0,
		false,
		-200,
		1,
		600,
		5000,
		3000,
		3500,
		R._4,
		1200,
		180,
		1,
		false,
		3000,
		50,
		3000,
		0,
		3000,
		500,
		5000,
		10,
		4000,
		2000,
		R._1,
	},
	[4100101]=
	{
		4100101,
		250,
		0,
		false,
		-200,
		1,
		600,
		5000,
		3000,
		0,
		{},
		450,
		180,
		1,
		false,
		3000,
		50,
		3000,
		0,
		3000,
		500,
		5000,
		10,
		1200,
		2000,
		R._1,
	},
	[4100102]=
	{
		4100102,
		250,
		0,
		false,
		-200,
		1,
		600,
		5000,
		3000,
		0,
		{},
		900,
		180,
		1,
		false,
		3000,
		50,
		3000,
		0,
		3000,
		500,
		5000,
		10,
		4000,
		2000,
		R._1,
	},
	[4100103]=
	{
		4100103,
		250,
		0,
		false,
		-200,
		1,
		600,
		5000,
		3000,
		0,
		{},
		0,
		180,
		1,
		false,
		3000,
		50,
		3000,
		0,
		3000,
		500,
		5000,
		10,
		1200,
		2000,
		R._1,
	},
	[4100104]=
	{
		4100104,
		250,
		0,
		false,
		-200,
		1,
		600,
		5000,
		3000,
		0,
		{},
		0,
		180,
		1,
		false,
		3000,
		50,
		3000,
		0,
		3000,
		500,
		5000,
		10,
		4000,
		2000,
		R._1,
	},
	[4100105]=
	{
		4100105,
		250,
		0,
		false,
		-200,
		1,
		600,
		5000,
		3000,
		0,
		{},
		1200,
		180,
		1,
		false,
		3000,
		50,
		3000,
		0,
		3000,
		500,
		5000,
		10,
		4000,
		2000,
		R._1,
	},
	[4110101]=
	{
		4110101,
		250,
		0,
		false,
		-200,
		1,
		600,
		5000,
		3000,
		0,
		{},
		450,
		180,
		1,
		false,
		3000,
		50,
		3000,
		0,
		3000,
		500,
		5000,
		10,
		1200,
		2000,
		R._1,
	},
	[4110102]=
	{
		4110102,
		250,
		0,
		false,
		-200,
		1,
		600,
		5000,
		3000,
		0,
		{},
		900,
		180,
		1,
		false,
		3000,
		50,
		3000,
		0,
		3000,
		500,
		5000,
		10,
		4000,
		2000,
		R._1,
	},
	[4110103]=
	{
		4110103,
		250,
		0,
		false,
		-200,
		1,
		600,
		5000,
		3000,
		0,
		{},
		0,
		180,
		1,
		false,
		3000,
		50,
		3000,
		0,
		3000,
		500,
		5000,
		10,
		1200,
		2000,
		R._1,
	},
	[4110104]=
	{
		4110104,
		250,
		0,
		false,
		-200,
		1,
		600,
		5000,
		3000,
		0,
		{},
		0,
		180,
		1,
		false,
		3000,
		50,
		3000,
		0,
		3000,
		500,
		5000,
		10,
		4000,
		2000,
		R._1,
	},
	[4110105]=
	{
		4110105,
		250,
		0,
		false,
		-200,
		1,
		600,
		5000,
		3000,
		0,
		{},
		1200,
		180,
		0,
		false,
		3000,
		50,
		3000,
		0,
		3000,
		500,
		5000,
		10,
		4000,
		2000,
		R._1,
	},
	[4110106]=
	{
		4110106,
		250,
		0,
		false,
		-200,
		3,
		600,
		5000,
		3000,
		0,
		{},
		450,
		180,
		1,
		false,
		3000,
		50,
		3000,
		0,
		3000,
		500,
		5000,
		10,
		1200,
		2000,
		R._2,
	},
	[4120101]=
	{
		4120101,
		600,
		0,
		false,
		-200,
		1,
		300,
		5000,
		3000,
		0,
		{},
		450,
		180,
		1,
		false,
		3000,
		50,
		3000,
		0,
		3000,
		500,
		5000,
		10,
		1200,
		2000,
		R._1,
	},
	[4120102]=
	{
		4120102,
		600,
		0,
		false,
		-200,
		1,
		300,
		5000,
		3000,
		0,
		{},
		900,
		180,
		1,
		false,
		3000,
		50,
		3000,
		0,
		3000,
		500,
		5000,
		10,
		4000,
		2000,
		R._1,
	},
	[4120103]=
	{
		4120103,
		600,
		0,
		false,
		-200,
		1,
		300,
		5000,
		3000,
		0,
		{},
		0,
		180,
		1,
		false,
		3000,
		50,
		3000,
		0,
		3000,
		500,
		5000,
		10,
		1200,
		2000,
		R._1,
	},
	[4120104]=
	{
		4120104,
		600,
		0,
		false,
		-200,
		1,
		300,
		5000,
		3000,
		0,
		{},
		0,
		180,
		1,
		false,
		3000,
		50,
		3000,
		0,
		3000,
		500,
		5000,
		10,
		4000,
		2000,
		R._1,
	},
	[4120105]=
	{
		4120105,
		600,
		0,
		false,
		-200,
		1,
		300,
		5000,
		3000,
		0,
		{},
		1200,
		180,
		0,
		false,
		3000,
		50,
		3000,
		0,
		3000,
		500,
		5000,
		10,
		4000,
		2000,
		R._1,
	},
	[4130101]=
	{
		4130101,
		200,
		0,
		false,
		-200,
		1,
		700,
		5000,
		3000,
		0,
		{},
		450,
		180,
		1,
		false,
		3000,
		50,
		3000,
		0,
		3000,
		500,
		5000,
		10,
		1200,
		2000,
		R._1,
	},
	[4130102]=
	{
		4130102,
		200,
		0,
		false,
		-200,
		1,
		700,
		5000,
		3000,
		0,
		{},
		900,
		180,
		1,
		false,
		3000,
		50,
		3000,
		0,
		3000,
		500,
		5000,
		10,
		4000,
		2000,
		R._1,
	},
	[4130103]=
	{
		4130103,
		200,
		0,
		false,
		-200,
		1,
		700,
		5000,
		3000,
		0,
		{},
		0,
		180,
		1,
		false,
		3000,
		50,
		3000,
		0,
		3000,
		500,
		5000,
		10,
		1200,
		2000,
		R._1,
	},
	[4130104]=
	{
		4130104,
		200,
		0,
		false,
		-200,
		1,
		700,
		5000,
		3000,
		0,
		{},
		0,
		180,
		1,
		false,
		3000,
		50,
		3000,
		0,
		3000,
		500,
		5000,
		10,
		4000,
		2000,
		R._1,
	},
	[4130105]=
	{
		4130105,
		200,
		0,
		false,
		-200,
		1,
		700,
		5000,
		3000,
		0,
		{},
		1200,
		180,
		0,
		false,
		3000,
		50,
		3000,
		0,
		3000,
		500,
		5000,
		10,
		4000,
		2000,
		R._1,
	},
	[4130106]=
	{
		4130106,
		200,
		0,
		false,
		-200,
		1,
		700,
		5000,
		3000,
		0,
		{},
		900,
		180,
		1,
		false,
		3000,
		50,
		3000,
		0,
		3000,
		500,
		5000,
		10,
		6000,
		2000,
		R._1,
	},
	[4140101]=
	{
		4140101,
		150,
		150,
		false,
		-200,
		1,
		600,
		5000,
		3000,
		3500,
		R._4,
		450,
		180,
		1,
		false,
		3000,
		50,
		3000,
		0,
		3000,
		500,
		5000,
		10,
		1200,
		2000,
		R._1,
	},
	[4140102]=
	{
		4140102,
		150,
		150,
		false,
		-200,
		1,
		600,
		5000,
		3000,
		3500,
		R._4,
		900,
		180,
		1,
		false,
		3000,
		50,
		3000,
		0,
		3000,
		500,
		5000,
		10,
		4000,
		2000,
		R._1,
	},
	[4140103]=
	{
		4140103,
		150,
		150,
		false,
		-200,
		1,
		600,
		5000,
		3000,
		3500,
		R._4,
		0,
		180,
		1,
		false,
		3000,
		50,
		3000,
		0,
		3000,
		500,
		5000,
		10,
		1200,
		2000,
		R._1,
	},
	[4140104]=
	{
		4140104,
		150,
		150,
		false,
		-200,
		1,
		600,
		5000,
		3000,
		3500,
		R._4,
		0,
		180,
		1,
		false,
		3000,
		50,
		3000,
		0,
		3000,
		500,
		5000,
		10,
		4000,
		2000,
		R._1,
	},
	[4140105]=
	{
		4140105,
		150,
		150,
		false,
		-200,
		1,
		600,
		5000,
		3000,
		3500,
		R._4,
		1200,
		180,
		0,
		false,
		3000,
		50,
		3000,
		0,
		3000,
		500,
		5000,
		10,
		4000,
		2000,
		R._1,
	},
	[4140106]=
	{
		4140106,
		150,
		150,
		false,
		-200,
		1,
		600,
		5000,
		3000,
		3500,
		R._4,
		900,
		180,
		1,
		false,
		3000,
		50,
		3000,
		0,
		3000,
		500,
		5000,
		10,
		6000,
		2000,
		R._1,
	},
	[4150101]=
	{
		4150101,
		700,
		50,
		false,
		-200,
		1,
		300,
		5000,
		3000,
		3500,
		R._4,
		450,
		180,
		1,
		false,
		3000,
		50,
		3000,
		0,
		3000,
		500,
		5000,
		10,
		1200,
		2000,
		R._1,
	},
	[4150102]=
	{
		4150102,
		700,
		50,
		false,
		-200,
		1,
		300,
		5000,
		3000,
		3500,
		R._4,
		900,
		180,
		1,
		false,
		3000,
		50,
		3000,
		0,
		3000,
		500,
		5000,
		10,
		4000,
		2000,
		R._1,
	},
	[4150103]=
	{
		4150103,
		700,
		50,
		false,
		-200,
		1,
		300,
		5000,
		3000,
		3500,
		R._4,
		0,
		180,
		1,
		false,
		3000,
		50,
		3000,
		0,
		3000,
		500,
		5000,
		10,
		1200,
		2000,
		R._1,
	},
	[4150104]=
	{
		4150104,
		700,
		50,
		false,
		-200,
		1,
		300,
		5000,
		3000,
		3500,
		R._4,
		0,
		180,
		1,
		false,
		3000,
		50,
		3000,
		0,
		3000,
		500,
		5000,
		10,
		4000,
		2000,
		R._1,
	},
	[4150105]=
	{
		4150105,
		700,
		50,
		false,
		-200,
		1,
		300,
		5000,
		3000,
		3500,
		R._4,
		1200,
		180,
		0,
		false,
		3000,
		50,
		3000,
		0,
		3000,
		500,
		5000,
		10,
		4000,
		2000,
		R._1,
	},
	[4150111]=
	{
		4150111,
		700,
		50,
		false,
		-200,
		1,
		300,
		5000,
		3000,
		3500,
		R._4,
		450,
		180,
		1,
		false,
		3000,
		50,
		3000,
		0,
		3000,
		500,
		5000,
		10,
		1200,
		2000,
		R._1,
	},
	[4150112]=
	{
		4150112,
		700,
		50,
		false,
		-200,
		1,
		300,
		5000,
		3000,
		3500,
		R._4,
		900,
		180,
		1,
		false,
		3000,
		50,
		3000,
		0,
		3000,
		500,
		5000,
		10,
		4000,
		2000,
		R._1,
	},
	[4150113]=
	{
		4150113,
		700,
		50,
		false,
		-200,
		1,
		300,
		5000,
		3000,
		3500,
		R._4,
		0,
		180,
		1,
		false,
		3000,
		50,
		3000,
		0,
		3000,
		500,
		5000,
		10,
		1200,
		2000,
		R._1,
	},
	[4150114]=
	{
		4150114,
		700,
		50,
		false,
		-200,
		1,
		300,
		5000,
		3000,
		3500,
		R._4,
		0,
		180,
		1,
		false,
		3000,
		50,
		3000,
		0,
		3000,
		500,
		5000,
		10,
		4000,
		2000,
		R._1,
	},
	[4150115]=
	{
		4150115,
		700,
		50,
		false,
		-200,
		1,
		300,
		5000,
		3000,
		3500,
		R._4,
		1200,
		180,
		0,
		false,
		3000,
		50,
		3000,
		0,
		3000,
		500,
		5000,
		10,
		4000,
		2000,
		R._1,
	},
	[4160101]=
	{
		4160101,
		250,
		50,
		false,
		-350,
		1,
		300,
		5000,
		3000,
		3500,
		R._4,
		450,
		180,
		1,
		false,
		3000,
		50,
		3000,
		0,
		3000,
		500,
		5000,
		10,
		1200,
		2000,
		R._1,
	},
	[4160102]=
	{
		4160102,
		250,
		50,
		false,
		-350,
		1,
		300,
		5000,
		3000,
		3500,
		R._4,
		900,
		180,
		1,
		false,
		3000,
		50,
		3000,
		0,
		3000,
		500,
		5000,
		10,
		4000,
		2000,
		R._1,
	},
	[4160103]=
	{
		4160103,
		250,
		50,
		false,
		-350,
		1,
		300,
		5000,
		3000,
		3500,
		R._4,
		0,
		180,
		1,
		false,
		3000,
		50,
		3000,
		0,
		3000,
		500,
		5000,
		10,
		1200,
		2000,
		R._1,
	},
	[4160104]=
	{
		4160104,
		250,
		50,
		false,
		-350,
		1,
		300,
		5000,
		3000,
		3500,
		R._4,
		0,
		180,
		1,
		false,
		3000,
		50,
		3000,
		0,
		3000,
		500,
		5000,
		10,
		4000,
		2000,
		R._1,
	},
	[4160105]=
	{
		4160105,
		250,
		50,
		false,
		-350,
		1,
		300,
		5000,
		3000,
		3500,
		R._4,
		1200,
		180,
		0,
		false,
		3000,
		50,
		3000,
		0,
		3000,
		500,
		5000,
		10,
		4000,
		2000,
		R._1,
	},
	[4170101]=
	{
		4170101,
		200,
		50,
		false,
		-150,
		1,
		300,
		5000,
		3000,
		3500,
		R._4,
		450,
		180,
		1,
		false,
		3000,
		50,
		3000,
		0,
		3000,
		500,
		5000,
		10,
		1200,
		2000,
		R._1,
	},
	[4170102]=
	{
		4170102,
		200,
		50,
		false,
		-150,
		1,
		300,
		5000,
		3000,
		3500,
		R._4,
		900,
		180,
		1,
		false,
		3000,
		50,
		3000,
		0,
		3000,
		500,
		5000,
		10,
		4000,
		2000,
		R._1,
	},
	[4170103]=
	{
		4170103,
		200,
		50,
		false,
		-150,
		1,
		300,
		5000,
		3000,
		3500,
		R._4,
		0,
		180,
		1,
		false,
		3000,
		50,
		3000,
		0,
		3000,
		500,
		5000,
		10,
		1200,
		2000,
		R._1,
	},
	[4170104]=
	{
		4170104,
		200,
		50,
		false,
		-150,
		1,
		300,
		5000,
		3000,
		3500,
		R._4,
		0,
		180,
		1,
		false,
		3000,
		50,
		3000,
		0,
		3000,
		500,
		5000,
		10,
		4000,
		2000,
		R._1,
	},
	[4170105]=
	{
		4170105,
		200,
		50,
		false,
		-150,
		1,
		300,
		5000,
		3000,
		3500,
		R._4,
		1200,
		180,
		0,
		false,
		3000,
		50,
		3000,
		0,
		3000,
		500,
		5000,
		10,
		4000,
		2000,
		R._1,
	},
	[4180101]=
	{
		4180101,
		200,
		50,
		false,
		-150,
		1,
		300,
		5000,
		3000,
		3500,
		R._4,
		450,
		180,
		1,
		false,
		3000,
		50,
		3000,
		0,
		3000,
		500,
		5000,
		10,
		1200,
		2000,
		R._1,
	},
	[4180102]=
	{
		4180102,
		200,
		50,
		false,
		-150,
		1,
		300,
		5000,
		3000,
		3500,
		R._4,
		900,
		180,
		1,
		false,
		3000,
		50,
		3000,
		0,
		3000,
		500,
		5000,
		10,
		4000,
		2000,
		R._1,
	},
	[4180103]=
	{
		4180103,
		200,
		50,
		false,
		-150,
		1,
		300,
		5000,
		3000,
		3500,
		R._4,
		0,
		180,
		1,
		false,
		3000,
		50,
		3000,
		0,
		3000,
		500,
		5000,
		10,
		1200,
		2000,
		R._1,
	},
	[4180104]=
	{
		4180104,
		200,
		50,
		false,
		-150,
		1,
		300,
		5000,
		3000,
		3500,
		R._4,
		0,
		180,
		1,
		false,
		3000,
		50,
		3000,
		0,
		3000,
		500,
		5000,
		10,
		4000,
		2000,
		R._1,
	},
	[4180105]=
	{
		4180105,
		200,
		50,
		false,
		-150,
		1,
		300,
		5000,
		3000,
		3500,
		R._4,
		1200,
		180,
		0,
		false,
		3000,
		50,
		3000,
		0,
		3000,
		500,
		5000,
		10,
		4000,
		2000,
		R._1,
	},
	[4190101]=
	{
		4190101,
		700,
		50,
		false,
		-150,
		1,
		300,
		5000,
		3000,
		3500,
		R._4,
		450,
		180,
		1,
		false,
		3000,
		50,
		3000,
		0,
		3000,
		500,
		5000,
		10,
		1200,
		2000,
		R._1,
	},
	[4190102]=
	{
		4190102,
		700,
		50,
		false,
		-150,
		1,
		300,
		5000,
		3000,
		3500,
		R._4,
		900,
		180,
		1,
		false,
		3000,
		50,
		3000,
		0,
		3000,
		500,
		5000,
		10,
		4000,
		2000,
		R._1,
	},
	[4190103]=
	{
		4190103,
		700,
		50,
		false,
		-150,
		1,
		300,
		5000,
		3000,
		3500,
		R._4,
		0,
		180,
		1,
		false,
		3000,
		50,
		3000,
		0,
		3000,
		500,
		5000,
		10,
		1200,
		2000,
		R._1,
	},
	[4190104]=
	{
		4190104,
		700,
		50,
		false,
		-150,
		1,
		300,
		5000,
		3000,
		3500,
		R._4,
		0,
		180,
		1,
		false,
		3000,
		50,
		3000,
		0,
		3000,
		500,
		5000,
		10,
		4000,
		2000,
		R._1,
	},
	[4190105]=
	{
		4190105,
		700,
		50,
		false,
		-150,
		1,
		300,
		5000,
		3000,
		3500,
		R._4,
		1200,
		180,
		0,
		false,
		3000,
		50,
		3000,
		0,
		3000,
		500,
		5000,
		10,
		4000,
		2000,
		R._1,
	},
	[4200101]=
	{
		4200101,
		150,
		150,
		false,
		-150,
		1,
		600,
		5000,
		3000,
		3500,
		R._4,
		450,
		180,
		1,
		false,
		3000,
		50,
		3000,
		0,
		3000,
		500,
		5000,
		10,
		1200,
		2000,
		R._1,
	},
	[4200102]=
	{
		4200102,
		150,
		150,
		false,
		-150,
		1,
		600,
		5000,
		3000,
		3500,
		R._4,
		900,
		180,
		1,
		false,
		3000,
		50,
		3000,
		0,
		3000,
		500,
		5000,
		10,
		4000,
		2000,
		R._1,
	},
	[4200103]=
	{
		4200103,
		150,
		150,
		false,
		-150,
		1,
		600,
		5000,
		3000,
		3500,
		R._4,
		0,
		180,
		1,
		false,
		3000,
		50,
		3000,
		0,
		3000,
		500,
		5000,
		10,
		1200,
		2000,
		R._1,
	},
	[4200104]=
	{
		4200104,
		150,
		150,
		false,
		-150,
		1,
		600,
		5000,
		3000,
		3500,
		R._4,
		0,
		180,
		1,
		false,
		3000,
		50,
		3000,
		0,
		3000,
		500,
		5000,
		10,
		4000,
		2000,
		R._1,
	},
	[4200105]=
	{
		4200105,
		150,
		150,
		false,
		-150,
		1,
		600,
		5000,
		3000,
		3500,
		R._4,
		1200,
		180,
		0,
		false,
		3000,
		50,
		3000,
		0,
		3000,
		500,
		5000,
		10,
		4000,
		2000,
		R._1,
	},
	[4210101]=
	{
		4210101,
		150,
		50,
		false,
		-200,
		1,
		400,
		5000,
		3000,
		3500,
		R._4,
		450,
		180,
		1,
		false,
		3000,
		50,
		3000,
		0,
		3000,
		500,
		5000,
		10,
		1200,
		2000,
		R._1,
	},
	[4210102]=
	{
		4210102,
		150,
		50,
		false,
		-200,
		1,
		400,
		5000,
		3000,
		3500,
		R._4,
		900,
		180,
		1,
		false,
		3000,
		50,
		3000,
		0,
		3000,
		500,
		5000,
		10,
		4000,
		2000,
		R._2,
	},
	[4210103]=
	{
		4210103,
		150,
		50,
		false,
		-200,
		1,
		400,
		5000,
		3000,
		3500,
		R._4,
		0,
		180,
		1,
		false,
		3000,
		50,
		3000,
		0,
		3000,
		500,
		5000,
		10,
		1200,
		2000,
		R._1,
	},
	[4210104]=
	{
		4210104,
		150,
		50,
		false,
		-200,
		1,
		400,
		5000,
		3000,
		3500,
		R._4,
		0,
		180,
		1,
		false,
		3000,
		50,
		3000,
		0,
		3000,
		500,
		5000,
		10,
		4000,
		2000,
		R._1,
	},
	[4210105]=
	{
		4210105,
		150,
		50,
		false,
		-200,
		1,
		400,
		5000,
		3000,
		3500,
		R._4,
		1200,
		180,
		0,
		false,
		3000,
		50,
		3000,
		0,
		3000,
		500,
		5000,
		10,
		4000,
		2000,
		R._1,
	},
	[4210151]=
	{
		4210151,
		50,
		150,
		false,
		-200,
		0,
		400,
		5000,
		3000,
		3500,
		R._4,
		1200,
		180,
		1,
		false,
		3000,
		50,
		3000,
		0,
		3000,
		500,
		5000,
		10,
		1000,
		2000,
		R._2,
	},
	[4210201]=
	{
		4210201,
		150,
		50,
		false,
		-200,
		1,
		400,
		5000,
		3000,
		3500,
		R._4,
		450,
		180,
		1,
		false,
		3000,
		50,
		3000,
		0,
		3000,
		500,
		5000,
		10,
		1200,
		2000,
		R._1,
	},
	[4230101]=
	{
		4230101,
		200,
		50,
		false,
		-200,
		1,
		400,
		5000,
		3000,
		3500,
		R._4,
		450,
		180,
		1,
		false,
		3000,
		50,
		3000,
		0,
		3000,
		500,
		5000,
		10,
		1200,
		2000,
		R._1,
	},
	[4230102]=
	{
		4230102,
		200,
		50,
		false,
		-200,
		1,
		400,
		5000,
		3000,
		3500,
		R._4,
		900,
		180,
		1,
		false,
		3000,
		50,
		3000,
		0,
		3000,
		500,
		5000,
		10,
		4000,
		2000,
		R._1,
	},
	[4230103]=
	{
		4230103,
		200,
		50,
		false,
		-200,
		1,
		400,
		5000,
		3000,
		3500,
		R._4,
		0,
		180,
		1,
		false,
		3000,
		50,
		3000,
		0,
		3000,
		500,
		5000,
		10,
		1200,
		2000,
		R._1,
	},
	[4230104]=
	{
		4230104,
		200,
		50,
		false,
		-200,
		1,
		400,
		5000,
		3000,
		3500,
		R._4,
		0,
		180,
		1,
		false,
		3000,
		50,
		3000,
		0,
		3000,
		500,
		5000,
		10,
		4000,
		2000,
		R._1,
	},
	[4230105]=
	{
		4230105,
		200,
		50,
		false,
		-200,
		1,
		400,
		5000,
		3000,
		3500,
		R._4,
		1200,
		180,
		0,
		false,
		3000,
		50,
		3000,
		0,
		3000,
		500,
		5000,
		10,
		4000,
		2000,
		R._1,
	},
	[4230201]=
	{
		4230201,
		200,
		50,
		false,
		-200,
		1,
		400,
		5000,
		3000,
		3500,
		R._4,
		450,
		180,
		1,
		false,
		3000,
		50,
		3000,
		0,
		3000,
		500,
		5000,
		10,
		1200,
		2000,
		R._1,
	},
	[4230202]=
	{
		4230202,
		200,
		50,
		false,
		-200,
		1,
		400,
		5000,
		3000,
		3500,
		R._4,
		900,
		180,
		1,
		false,
		3000,
		50,
		3000,
		0,
		3000,
		500,
		5000,
		10,
		4000,
		2000,
		R._1,
	},
	[4230203]=
	{
		4230203,
		200,
		50,
		false,
		-200,
		1,
		400,
		5000,
		3000,
		3500,
		R._4,
		0,
		180,
		1,
		false,
		3000,
		50,
		3000,
		0,
		3000,
		500,
		5000,
		10,
		1200,
		2000,
		R._1,
	},
	[4230204]=
	{
		4230204,
		200,
		50,
		false,
		-200,
		1,
		400,
		5000,
		3000,
		3500,
		R._4,
		0,
		180,
		1,
		false,
		3000,
		50,
		3000,
		0,
		3000,
		500,
		5000,
		10,
		4000,
		2000,
		R._1,
	},
	[4230205]=
	{
		4230205,
		200,
		50,
		false,
		-200,
		1,
		400,
		5000,
		3000,
		3500,
		R._4,
		1200,
		180,
		0,
		false,
		3000,
		50,
		3000,
		0,
		3000,
		500,
		5000,
		10,
		4000,
		2000,
		R._1,
	},
	[4240101]=
	{
		4240101,
		200,
		50,
		false,
		-200,
		1,
		400,
		5000,
		3000,
		3500,
		R._4,
		450,
		180,
		1,
		false,
		3000,
		50,
		3000,
		0,
		3000,
		500,
		5000,
		10,
		4000,
		2000,
		R._1,
	},
	[4240102]=
	{
		4240102,
		200,
		50,
		false,
		-200,
		1,
		400,
		5000,
		3000,
		3500,
		R._4,
		900,
		180,
		1,
		false,
		3000,
		50,
		3000,
		0,
		3000,
		500,
		5000,
		10,
		1200,
		2000,
		R._1,
	},
	[4240103]=
	{
		4240103,
		200,
		50,
		false,
		-200,
		1,
		400,
		5000,
		3000,
		3500,
		R._4,
		0,
		180,
		1,
		false,
		3000,
		50,
		3000,
		0,
		3000,
		500,
		5000,
		10,
		4000,
		2000,
		R._1,
	},
	[4240104]=
	{
		4240104,
		200,
		50,
		false,
		-200,
		1,
		400,
		5000,
		3000,
		3500,
		R._4,
		0,
		180,
		1,
		false,
		3000,
		50,
		3000,
		0,
		3000,
		500,
		5000,
		10,
		1200,
		2000,
		R._1,
	},
	[4240105]=
	{
		4240105,
		200,
		50,
		false,
		-200,
		1,
		400,
		5000,
		3000,
		3500,
		R._4,
		1200,
		180,
		0,
		false,
		3000,
		50,
		3000,
		0,
		3000,
		500,
		5000,
		10,
		4000,
		2000,
		R._1,
	},
	[4240201]=
	{
		4240201,
		200,
		50,
		false,
		-200,
		1,
		400,
		5000,
		3000,
		3500,
		R._4,
		450,
		180,
		1,
		false,
		3000,
		50,
		3000,
		0,
		3000,
		500,
		5000,
		10,
		4000,
		2000,
		R._1,
	},
	[4240202]=
	{
		4240202,
		200,
		50,
		false,
		-200,
		1,
		400,
		5000,
		3000,
		3500,
		R._4,
		900,
		180,
		1,
		false,
		3000,
		50,
		3000,
		0,
		3000,
		500,
		5000,
		10,
		1200,
		2000,
		R._1,
	},
	[4240203]=
	{
		4240203,
		200,
		50,
		false,
		-200,
		1,
		400,
		5000,
		3000,
		3500,
		R._4,
		0,
		180,
		1,
		false,
		3000,
		50,
		3000,
		0,
		3000,
		500,
		5000,
		10,
		4000,
		2000,
		R._1,
	},
	[4240204]=
	{
		4240204,
		200,
		50,
		false,
		-200,
		1,
		400,
		5000,
		3000,
		3500,
		R._4,
		0,
		180,
		1,
		false,
		3000,
		50,
		3000,
		0,
		3000,
		500,
		5000,
		10,
		1200,
		2000,
		R._1,
	},
	[4240205]=
	{
		4240205,
		200,
		50,
		false,
		-200,
		1,
		400,
		5000,
		3000,
		3500,
		R._4,
		1200,
		180,
		0,
		false,
		3000,
		50,
		3000,
		0,
		3000,
		500,
		5000,
		10,
		4000,
		2000,
		R._1,
	},
	[4240301]=
	{
		4240301,
		200,
		50,
		false,
		-200,
		1,
		400,
		5000,
		3000,
		3500,
		R._4,
		450,
		180,
		1,
		false,
		3000,
		50,
		3000,
		0,
		3000,
		500,
		5000,
		10,
		4000,
		2000,
		R._1,
	},
	[4240302]=
	{
		4240302,
		200,
		50,
		false,
		-200,
		1,
		400,
		5000,
		3000,
		3500,
		R._4,
		900,
		180,
		1,
		false,
		3000,
		50,
		3000,
		0,
		3000,
		500,
		5000,
		10,
		1200,
		2000,
		R._1,
	},
	[4240303]=
	{
		4240303,
		200,
		50,
		false,
		-200,
		1,
		400,
		5000,
		3000,
		3500,
		R._4,
		0,
		180,
		1,
		false,
		3000,
		50,
		3000,
		0,
		3000,
		500,
		5000,
		10,
		4000,
		2000,
		R._1,
	},
	[4240304]=
	{
		4240304,
		200,
		50,
		false,
		-200,
		1,
		400,
		5000,
		3000,
		3500,
		R._4,
		0,
		180,
		1,
		false,
		3000,
		50,
		3000,
		0,
		3000,
		500,
		5000,
		10,
		1200,
		2000,
		R._1,
	},
	[4240305]=
	{
		4240305,
		200,
		50,
		false,
		-200,
		1,
		400,
		5000,
		3000,
		3500,
		R._4,
		1200,
		180,
		0,
		false,
		3000,
		50,
		3000,
		0,
		3000,
		500,
		5000,
		10,
		4000,
		2000,
		R._1,
	},
	[4250101]=
	{
		4250101,
		600,
		50,
		false,
		-200,
		1,
		400,
		5000,
		3000,
		3500,
		R._4,
		450,
		180,
		1,
		false,
		3000,
		50,
		3000,
		0,
		3000,
		500,
		5000,
		10,
		1200,
		2000,
		R._1,
	},
	[4250102]=
	{
		4250102,
		600,
		50,
		false,
		-200,
		1,
		400,
		5000,
		3000,
		3500,
		R._4,
		900,
		180,
		1,
		false,
		3000,
		50,
		3000,
		0,
		3000,
		500,
		5000,
		10,
		4000,
		2000,
		R._1,
	},
	[4250103]=
	{
		4250103,
		600,
		50,
		false,
		-200,
		1,
		400,
		5000,
		3000,
		3500,
		R._4,
		0,
		180,
		1,
		false,
		3000,
		50,
		3000,
		0,
		3000,
		500,
		5000,
		10,
		1200,
		2000,
		R._1,
	},
	[4250104]=
	{
		4250104,
		600,
		50,
		false,
		-200,
		1,
		400,
		5000,
		3000,
		3500,
		R._4,
		0,
		180,
		1,
		false,
		3000,
		50,
		3000,
		0,
		3000,
		500,
		5000,
		10,
		4000,
		2000,
		R._1,
	},
	[4250105]=
	{
		4250105,
		600,
		50,
		false,
		-200,
		1,
		400,
		5000,
		3000,
		3500,
		R._4,
		1200,
		180,
		0,
		false,
		3000,
		50,
		3000,
		0,
		3000,
		500,
		5000,
		10,
		4000,
		2000,
		R._1,
	},
	[4250201]=
	{
		4250201,
		600,
		50,
		false,
		-200,
		1,
		400,
		5000,
		3000,
		3500,
		R._4,
		450,
		180,
		1,
		false,
		3000,
		50,
		3000,
		0,
		3000,
		500,
		5000,
		10,
		1200,
		2000,
		R._1,
	},
	[4250202]=
	{
		4250202,
		600,
		50,
		false,
		-200,
		1,
		400,
		5000,
		3000,
		3500,
		R._4,
		900,
		180,
		1,
		false,
		3000,
		50,
		3000,
		0,
		3000,
		500,
		5000,
		10,
		4000,
		2000,
		R._1,
	},
	[4250203]=
	{
		4250203,
		600,
		50,
		false,
		-200,
		1,
		400,
		5000,
		3000,
		3500,
		R._4,
		0,
		180,
		1,
		false,
		3000,
		50,
		3000,
		0,
		3000,
		500,
		5000,
		10,
		1200,
		2000,
		R._1,
	},
	[4250204]=
	{
		4250204,
		600,
		50,
		false,
		-200,
		1,
		400,
		5000,
		3000,
		3500,
		R._4,
		0,
		180,
		1,
		false,
		3000,
		50,
		3000,
		0,
		3000,
		500,
		5000,
		10,
		4000,
		2000,
		R._1,
	},
	[4250205]=
	{
		4250205,
		600,
		50,
		false,
		-200,
		1,
		400,
		5000,
		3000,
		3500,
		R._4,
		1200,
		180,
		0,
		false,
		3000,
		50,
		3000,
		0,
		3000,
		500,
		5000,
		10,
		4000,
		2000,
		R._1,
	},
	[4280101]=
	{
		4280101,
		200,
		50,
		false,
		-200,
		1,
		400,
		5000,
		3000,
		3500,
		R._4,
		450,
		180,
		1,
		false,
		3000,
		50,
		3000,
		0,
		3000,
		500,
		5000,
		10,
		4000,
		2000,
		R._1,
	},
	[4280102]=
	{
		4280102,
		200,
		50,
		false,
		-200,
		1,
		400,
		5000,
		3000,
		3500,
		R._4,
		900,
		180,
		1,
		false,
		3000,
		50,
		3000,
		0,
		3000,
		500,
		5000,
		10,
		1200,
		2000,
		R._1,
	},
	[4280103]=
	{
		4280103,
		200,
		50,
		false,
		-200,
		1,
		400,
		5000,
		3000,
		3500,
		R._4,
		0,
		180,
		1,
		false,
		3000,
		50,
		3000,
		0,
		3000,
		500,
		5000,
		10,
		4000,
		2000,
		R._1,
	},
	[4280104]=
	{
		4280104,
		200,
		50,
		false,
		-200,
		1,
		400,
		5000,
		3000,
		3500,
		R._4,
		0,
		180,
		1,
		false,
		3000,
		50,
		3000,
		0,
		3000,
		500,
		5000,
		10,
		1200,
		2000,
		R._1,
	},
	[4280105]=
	{
		4280105,
		200,
		50,
		false,
		-200,
		1,
		400,
		5000,
		3000,
		3500,
		R._4,
		1200,
		180,
		0,
		false,
		3000,
		50,
		3000,
		0,
		3000,
		500,
		5000,
		10,
		4000,
		2000,
		R._1,
	},
	[4280111]=
	{
		4280111,
		200,
		50,
		false,
		-200,
		1,
		400,
		5000,
		3000,
		3500,
		R._4,
		1200,
		180,
		0,
		false,
		3000,
		50,
		3000,
		0,
		3000,
		500,
		5000,
		10,
		4000,
		2000,
		R._1,
	},
	[4290101]=
	{
		4290101,
		600,
		0,
		false,
		-200,
		1,
		400,
		5000,
		3000,
		3500,
		R._4,
		450,
		180,
		0,
		false,
		3000,
		50,
		3000,
		0,
		3000,
		500,
		5000,
		10,
		1200,
		2000,
		R._1,
	},
	[4290102]=
	{
		4290102,
		600,
		0,
		false,
		-200,
		1,
		400,
		5000,
		3000,
		3500,
		R._4,
		900,
		180,
		1,
		false,
		3000,
		50,
		3000,
		0,
		3000,
		500,
		5000,
		10,
		4000,
		2000,
		R._1,
	},
	[4290103]=
	{
		4290103,
		600,
		0,
		false,
		-200,
		1,
		400,
		5000,
		3000,
		3500,
		R._4,
		0,
		180,
		1,
		false,
		3000,
		50,
		3000,
		0,
		3000,
		500,
		5000,
		10,
		1200,
		2000,
		R._1,
	},
	[4290104]=
	{
		4290104,
		600,
		0,
		false,
		-200,
		1,
		400,
		5000,
		3000,
		3500,
		R._4,
		0,
		180,
		1,
		false,
		3000,
		50,
		3000,
		0,
		3000,
		500,
		5000,
		10,
		4000,
		2000,
		R._1,
	},
	[4290105]=
	{
		4290105,
		600,
		0,
		false,
		-200,
		1,
		400,
		5000,
		3000,
		3500,
		R._4,
		1200,
		180,
		0,
		false,
		3000,
		50,
		3000,
		0,
		3000,
		500,
		5000,
		10,
		4000,
		2000,
		R._1,
	},
	[4290201]=
	{
		4290201,
		600,
		0,
		false,
		-200,
		1,
		400,
		5000,
		3000,
		3500,
		R._4,
		450,
		180,
		1,
		false,
		3000,
		50,
		3000,
		0,
		3000,
		500,
		5000,
		10,
		1200,
		2000,
		R._1,
	},
	[4290202]=
	{
		4290202,
		600,
		0,
		false,
		-200,
		1,
		400,
		5000,
		3000,
		3500,
		R._4,
		900,
		180,
		1,
		false,
		3000,
		50,
		3000,
		0,
		3000,
		500,
		5000,
		10,
		4000,
		2000,
		R._1,
	},
	[4290203]=
	{
		4290203,
		600,
		0,
		false,
		-200,
		1,
		400,
		5000,
		3000,
		3500,
		R._4,
		0,
		180,
		1,
		false,
		3000,
		50,
		3000,
		0,
		3000,
		500,
		5000,
		10,
		1200,
		2000,
		R._1,
	},
	[4290204]=
	{
		4290204,
		600,
		0,
		false,
		-200,
		1,
		400,
		5000,
		3000,
		3500,
		R._4,
		0,
		180,
		1,
		false,
		3000,
		50,
		3000,
		0,
		3000,
		500,
		5000,
		10,
		4000,
		2000,
		R._1,
	},
	[4290205]=
	{
		4290205,
		600,
		0,
		false,
		-200,
		1,
		400,
		5000,
		3000,
		3500,
		R._4,
		1200,
		180,
		0,
		false,
		3000,
		50,
		3000,
		0,
		3000,
		500,
		5000,
		10,
		1200,
		2000,
		R._1,
	},
	[4330101]=
	{
		4330101,
		700,
		50,
		false,
		-200,
		1,
		400,
		5000,
		3000,
		3500,
		R._4,
		450,
		180,
		1,
		false,
		3000,
		50,
		3000,
		0,
		3000,
		500,
		5000,
		10,
		1200,
		2000,
		R._1,
	},
	[4330102]=
	{
		4330102,
		700,
		50,
		false,
		-200,
		1,
		400,
		5000,
		3000,
		3500,
		R._4,
		900,
		180,
		1,
		false,
		3000,
		50,
		3000,
		0,
		3000,
		500,
		5000,
		10,
		4000,
		2000,
		R._1,
	},
	[4330103]=
	{
		4330103,
		700,
		50,
		false,
		-200,
		1,
		400,
		5000,
		3000,
		3500,
		R._4,
		0,
		180,
		1,
		false,
		3000,
		50,
		3000,
		0,
		3000,
		500,
		5000,
		10,
		1200,
		2000,
		R._1,
	},
	[4330104]=
	{
		4330104,
		700,
		50,
		false,
		-200,
		1,
		400,
		5000,
		3000,
		3500,
		R._4,
		0,
		180,
		1,
		false,
		3000,
		50,
		3000,
		0,
		3000,
		500,
		5000,
		10,
		4000,
		2000,
		R._1,
	},
	[4330105]=
	{
		4330105,
		700,
		50,
		false,
		-200,
		1,
		400,
		5000,
		3000,
		3500,
		R._4,
		1200,
		180,
		0,
		false,
		3000,
		50,
		3000,
		0,
		3000,
		500,
		5000,
		10,
		4000,
		2000,
		R._1,
	},
	[4330201]=
	{
		4330201,
		700,
		50,
		false,
		-200,
		1,
		400,
		5000,
		3000,
		3500,
		R._4,
		450,
		180,
		1,
		false,
		3000,
		50,
		3000,
		0,
		3000,
		500,
		5000,
		10,
		1200,
		2000,
		R._1,
	},
	[4330202]=
	{
		4330202,
		700,
		50,
		false,
		-200,
		1,
		400,
		5000,
		3000,
		3500,
		R._4,
		900,
		180,
		1,
		false,
		3000,
		50,
		3000,
		0,
		3000,
		500,
		5000,
		10,
		4000,
		2000,
		R._1,
	},
	[4330203]=
	{
		4330203,
		700,
		50,
		false,
		-200,
		1,
		400,
		5000,
		3000,
		3500,
		R._4,
		0,
		180,
		1,
		false,
		3000,
		50,
		3000,
		0,
		3000,
		500,
		5000,
		10,
		1200,
		2000,
		R._1,
	},
	[4330204]=
	{
		4330204,
		700,
		50,
		false,
		-200,
		1,
		400,
		5000,
		3000,
		3500,
		R._4,
		0,
		180,
		1,
		false,
		3000,
		50,
		3000,
		0,
		3000,
		500,
		5000,
		10,
		4000,
		2000,
		R._1,
	},
	[4330205]=
	{
		4330205,
		700,
		50,
		false,
		-200,
		1,
		400,
		5000,
		3000,
		3500,
		R._4,
		1200,
		180,
		0,
		false,
		3000,
		50,
		3000,
		0,
		3000,
		500,
		5000,
		10,
		4000,
		2000,
		R._1,
	},
	[4340101]=
	{
		4340101,
		150,
		150,
		false,
		-200,
		1,
		400,
		5000,
		3000,
		3500,
		R._4,
		450,
		180,
		1,
		false,
		3000,
		50,
		3000,
		0,
		3000,
		500,
		5000,
		10,
		1200,
		2000,
		R._1,
	},
	[4340102]=
	{
		4340102,
		150,
		150,
		false,
		-200,
		1,
		400,
		5000,
		3000,
		3500,
		R._4,
		900,
		180,
		1,
		false,
		3000,
		50,
		3000,
		0,
		3000,
		500,
		5000,
		10,
		4000,
		2000,
		R._1,
	},
	[4340103]=
	{
		4340103,
		150,
		150,
		false,
		-200,
		1,
		400,
		5000,
		3000,
		3500,
		R._4,
		0,
		180,
		1,
		false,
		3000,
		50,
		3000,
		0,
		3000,
		500,
		5000,
		10,
		1200,
		2000,
		R._1,
	},
	[4340104]=
	{
		4340104,
		150,
		150,
		false,
		-200,
		1,
		400,
		5000,
		3000,
		3500,
		R._4,
		0,
		180,
		1,
		false,
		3000,
		50,
		3000,
		0,
		3000,
		500,
		5000,
		10,
		4000,
		2000,
		R._1,
	},
	[4340105]=
	{
		4340105,
		150,
		150,
		false,
		-200,
		1,
		400,
		5000,
		3000,
		3500,
		R._4,
		1200,
		180,
		0,
		false,
		3000,
		50,
		3000,
		0,
		3000,
		500,
		5000,
		10,
		4000,
		2000,
		R._1,
	},
	[4340201]=
	{
		4340201,
		150,
		150,
		false,
		-200,
		1,
		400,
		5000,
		3000,
		3500,
		R._4,
		450,
		180,
		1,
		false,
		3000,
		50,
		3000,
		0,
		3000,
		500,
		5000,
		10,
		1200,
		2000,
		R._1,
	},
	[4340202]=
	{
		4340202,
		150,
		150,
		false,
		-200,
		1,
		400,
		5000,
		3000,
		3500,
		R._4,
		900,
		180,
		1,
		false,
		3000,
		50,
		3000,
		0,
		3000,
		500,
		5000,
		10,
		4000,
		2000,
		R._1,
	},
	[4340203]=
	{
		4340203,
		150,
		150,
		false,
		-200,
		1,
		400,
		5000,
		3000,
		3500,
		R._4,
		0,
		180,
		1,
		false,
		3000,
		50,
		3000,
		0,
		3000,
		500,
		5000,
		10,
		1200,
		2000,
		R._1,
	},
	[4340204]=
	{
		4340204,
		150,
		150,
		false,
		-200,
		1,
		400,
		5000,
		3000,
		3500,
		R._4,
		0,
		180,
		1,
		false,
		3000,
		50,
		3000,
		0,
		3000,
		500,
		5000,
		10,
		4000,
		2000,
		R._1,
	},
	[4340205]=
	{
		4340205,
		150,
		150,
		false,
		-200,
		1,
		400,
		5000,
		3000,
		3500,
		R._4,
		1200,
		180,
		0,
		false,
		3000,
		50,
		3000,
		0,
		3000,
		500,
		5000,
		10,
		4000,
		2000,
		R._1,
	},
	[4360101]=
	{
		4360101,
		700,
		50,
		false,
		-200,
		1,
		300,
		5000,
		3000,
		3500,
		R._4,
		450,
		180,
		1,
		false,
		3000,
		50,
		3000,
		0,
		3000,
		500,
		5000,
		10,
		1200,
		2000,
		R._1,
	},
	[4360102]=
	{
		4360102,
		700,
		50,
		false,
		-200,
		1,
		300,
		5000,
		3000,
		3500,
		R._4,
		900,
		180,
		1,
		false,
		3000,
		50,
		3000,
		0,
		3000,
		500,
		5000,
		10,
		4000,
		2000,
		R._1,
	},
	[4360103]=
	{
		4360103,
		700,
		50,
		false,
		-200,
		1,
		300,
		5000,
		3000,
		3500,
		R._4,
		0,
		180,
		1,
		false,
		3000,
		50,
		3000,
		0,
		3000,
		500,
		5000,
		10,
		1200,
		2000,
		R._1,
	},
	[4360104]=
	{
		4360104,
		700,
		50,
		false,
		-200,
		1,
		300,
		5000,
		3000,
		3500,
		R._4,
		0,
		180,
		1,
		false,
		3000,
		50,
		3000,
		0,
		3000,
		500,
		5000,
		10,
		4000,
		2000,
		R._1,
	},
	[4360105]=
	{
		4360105,
		700,
		50,
		false,
		-200,
		1,
		300,
		5000,
		3000,
		3500,
		R._4,
		1200,
		180,
		0,
		false,
		3000,
		50,
		3000,
		0,
		3000,
		500,
		5000,
		10,
		4000,
		2000,
		R._1,
	},
	[4360201]=
	{
		4360201,
		700,
		50,
		false,
		-200,
		1,
		300,
		5000,
		3000,
		3500,
		R._4,
		450,
		180,
		1,
		false,
		3000,
		50,
		3000,
		0,
		3000,
		500,
		5000,
		10,
		1200,
		2000,
		R._1,
	},
	[4360202]=
	{
		4360202,
		700,
		50,
		false,
		-200,
		1,
		300,
		5000,
		3000,
		3500,
		R._4,
		900,
		180,
		1,
		false,
		3000,
		50,
		3000,
		0,
		3000,
		500,
		5000,
		10,
		4000,
		2000,
		R._1,
	},
	[4360203]=
	{
		4360203,
		700,
		50,
		false,
		-200,
		1,
		300,
		5000,
		3000,
		3500,
		R._4,
		0,
		180,
		1,
		false,
		3000,
		50,
		3000,
		0,
		3000,
		500,
		5000,
		10,
		1200,
		2000,
		R._1,
	},
	[4360204]=
	{
		4360204,
		700,
		50,
		false,
		-200,
		1,
		300,
		5000,
		3000,
		3500,
		R._4,
		0,
		180,
		1,
		false,
		3000,
		50,
		3000,
		0,
		3000,
		500,
		5000,
		10,
		4000,
		2000,
		R._1,
	},
	[4360205]=
	{
		4360205,
		700,
		50,
		false,
		-200,
		1,
		300,
		5000,
		3000,
		3500,
		R._4,
		1200,
		180,
		0,
		false,
		3000,
		50,
		3000,
		0,
		3000,
		500,
		5000,
		10,
		4000,
		2000,
		R._1,
	},
	[4360301]=
	{
		4360301,
		700,
		50,
		false,
		-200,
		1,
		300,
		5000,
		3000,
		3500,
		R._4,
		450,
		180,
		1,
		false,
		3000,
		50,
		3000,
		0,
		3000,
		500,
		5000,
		10,
		1200,
		2000,
		R._1,
	},
	[4360302]=
	{
		4360302,
		700,
		50,
		false,
		-200,
		1,
		300,
		5000,
		3000,
		3500,
		R._4,
		900,
		180,
		1,
		false,
		3000,
		50,
		3000,
		0,
		3000,
		500,
		5000,
		10,
		4000,
		2000,
		R._1,
	},
	[4360303]=
	{
		4360303,
		700,
		50,
		false,
		-200,
		1,
		300,
		5000,
		3000,
		3500,
		R._4,
		0,
		180,
		1,
		false,
		3000,
		50,
		3000,
		0,
		3000,
		500,
		5000,
		10,
		1200,
		2000,
		R._1,
	},
	[4360304]=
	{
		4360304,
		700,
		50,
		false,
		-200,
		1,
		300,
		5000,
		3000,
		3500,
		R._4,
		0,
		180,
		1,
		false,
		3000,
		50,
		3000,
		0,
		3000,
		500,
		5000,
		10,
		4000,
		2000,
		R._1,
	},
	[4360305]=
	{
		4360305,
		700,
		50,
		false,
		-200,
		1,
		300,
		5000,
		3000,
		3500,
		R._4,
		1200,
		180,
		0,
		false,
		3000,
		50,
		3000,
		0,
		3000,
		500,
		5000,
		10,
		4000,
		2000,
		R._1,
	},
	[4370101]=
	{
		4370101,
		150,
		150,
		false,
		-200,
		1,
		600,
		5000,
		3000,
		3500,
		R._4,
		450,
		180,
		1,
		false,
		3000,
		50,
		3000,
		0,
		3000,
		500,
		5000,
		10,
		1200,
		2000,
		R._1,
	},
	[4370102]=
	{
		4370102,
		150,
		150,
		false,
		-200,
		1,
		600,
		5000,
		3000,
		3500,
		R._4,
		900,
		180,
		1,
		false,
		3000,
		50,
		3000,
		0,
		3000,
		500,
		5000,
		10,
		4000,
		2000,
		R._1,
	},
	[4370103]=
	{
		4370103,
		150,
		150,
		false,
		-200,
		1,
		600,
		5000,
		3000,
		3500,
		R._4,
		0,
		180,
		1,
		false,
		3000,
		50,
		3000,
		0,
		3000,
		500,
		5000,
		10,
		1200,
		2000,
		R._1,
	},
	[4370104]=
	{
		4370104,
		150,
		150,
		false,
		-200,
		1,
		600,
		5000,
		3000,
		3500,
		R._4,
		0,
		180,
		1,
		false,
		3000,
		50,
		3000,
		0,
		3000,
		500,
		5000,
		10,
		4000,
		2000,
		R._1,
	},
	[4370105]=
	{
		4370105,
		150,
		150,
		false,
		-200,
		1,
		600,
		5000,
		3000,
		3500,
		R._4,
		1200,
		180,
		0,
		false,
		3000,
		50,
		3000,
		0,
		3000,
		500,
		5000,
		10,
		4000,
		2000,
		R._1,
	},
	[4370201]=
	{
		4370201,
		150,
		150,
		false,
		-200,
		1,
		600,
		5000,
		3000,
		3500,
		R._4,
		450,
		180,
		1,
		false,
		3000,
		50,
		3000,
		0,
		3000,
		500,
		5000,
		10,
		1200,
		2000,
		R._1,
	},
	[4370202]=
	{
		4370202,
		150,
		150,
		false,
		-200,
		1,
		600,
		5000,
		3000,
		3500,
		R._4,
		900,
		180,
		1,
		false,
		3000,
		50,
		3000,
		0,
		3000,
		500,
		5000,
		10,
		4000,
		2000,
		R._1,
	},
	[4370203]=
	{
		4370203,
		150,
		150,
		false,
		-200,
		1,
		600,
		5000,
		3000,
		3500,
		R._4,
		0,
		180,
		1,
		false,
		3000,
		50,
		3000,
		0,
		3000,
		500,
		5000,
		10,
		1200,
		2000,
		R._1,
	},
	[4370204]=
	{
		4370204,
		150,
		150,
		false,
		-200,
		1,
		600,
		5000,
		3000,
		3500,
		R._4,
		0,
		180,
		1,
		false,
		3000,
		50,
		3000,
		0,
		3000,
		500,
		5000,
		10,
		4000,
		2000,
		R._1,
	},
	[4370205]=
	{
		4370205,
		150,
		150,
		false,
		-200,
		1,
		600,
		5000,
		3000,
		3500,
		R._4,
		1200,
		180,
		0,
		false,
		3000,
		50,
		3000,
		0,
		3000,
		500,
		5000,
		10,
		4000,
		2000,
		R._1,
	},
	[4380101]=
	{
		4380101,
		250,
		150,
		false,
		-200,
		1,
		600,
		5000,
		3000,
		3500,
		R._4,
		450,
		180,
		1,
		false,
		3000,
		50,
		3000,
		0,
		3000,
		500,
		5000,
		10,
		1200,
		2000,
		R._1,
	},
	[4380102]=
	{
		4380102,
		250,
		150,
		false,
		-200,
		1,
		600,
		5000,
		3000,
		3500,
		R._4,
		900,
		180,
		1,
		false,
		3000,
		50,
		3000,
		0,
		3000,
		500,
		5000,
		10,
		4000,
		2000,
		R._1,
	},
	[4380103]=
	{
		4380103,
		250,
		150,
		false,
		-200,
		1,
		600,
		5000,
		3000,
		3500,
		R._4,
		0,
		180,
		1,
		false,
		3000,
		50,
		3000,
		0,
		3000,
		500,
		5000,
		10,
		1200,
		2000,
		R._1,
	},
	[4380104]=
	{
		4380104,
		250,
		150,
		false,
		-200,
		1,
		600,
		5000,
		3000,
		3500,
		R._4,
		0,
		180,
		1,
		false,
		3000,
		50,
		3000,
		0,
		3000,
		500,
		5000,
		10,
		4000,
		2000,
		R._1,
	},
	[4380105]=
	{
		4380105,
		250,
		150,
		false,
		-200,
		1,
		600,
		5000,
		3000,
		3500,
		R._4,
		1200,
		180,
		0,
		false,
		3000,
		50,
		3000,
		0,
		3000,
		500,
		5000,
		10,
		4000,
		2000,
		R._1,
	},
	[4380201]=
	{
		4380201,
		250,
		150,
		false,
		-200,
		1,
		600,
		5000,
		3000,
		3500,
		R._4,
		450,
		180,
		1,
		false,
		3000,
		50,
		3000,
		0,
		3000,
		500,
		5000,
		10,
		1200,
		2000,
		R._1,
	},
	[4380202]=
	{
		4380202,
		250,
		150,
		false,
		-200,
		1,
		600,
		5000,
		3000,
		3500,
		R._4,
		900,
		180,
		1,
		false,
		3000,
		50,
		3000,
		0,
		3000,
		500,
		5000,
		10,
		4000,
		2000,
		R._1,
	},
	[4380203]=
	{
		4380203,
		250,
		150,
		false,
		-200,
		1,
		600,
		5000,
		3000,
		3500,
		R._4,
		0,
		180,
		1,
		false,
		3000,
		50,
		3000,
		0,
		3000,
		500,
		5000,
		10,
		1200,
		2000,
		R._1,
	},
	[4380204]=
	{
		4380204,
		250,
		150,
		false,
		-200,
		1,
		600,
		5000,
		3000,
		3500,
		R._4,
		0,
		180,
		1,
		false,
		3000,
		50,
		3000,
		0,
		3000,
		500,
		5000,
		10,
		4000,
		2000,
		R._1,
	},
	[4380205]=
	{
		4380205,
		250,
		150,
		false,
		-200,
		1,
		600,
		5000,
		3000,
		3500,
		R._4,
		1200,
		180,
		0,
		false,
		3000,
		50,
		3000,
		0,
		3000,
		500,
		5000,
		10,
		4000,
		2000,
		R._1,
	},
	[4380301]=
	{
		4380301,
		250,
		150,
		false,
		-200,
		1,
		600,
		5000,
		3000,
		3500,
		R._4,
		450,
		180,
		1,
		false,
		3000,
		50,
		3000,
		0,
		3000,
		500,
		5000,
		10,
		1200,
		2000,
		R._1,
	},
	[4380302]=
	{
		4380302,
		250,
		150,
		false,
		-200,
		1,
		600,
		5000,
		3000,
		3500,
		R._4,
		900,
		180,
		1,
		false,
		3000,
		50,
		3000,
		0,
		3000,
		500,
		5000,
		10,
		4000,
		2000,
		R._1,
	},
	[4380303]=
	{
		4380303,
		250,
		150,
		false,
		-200,
		1,
		600,
		5000,
		3000,
		3500,
		R._4,
		0,
		180,
		1,
		false,
		3000,
		50,
		3000,
		0,
		3000,
		500,
		5000,
		10,
		1200,
		2000,
		R._1,
	},
	[4380304]=
	{
		4380304,
		250,
		150,
		false,
		-200,
		1,
		600,
		5000,
		3000,
		3500,
		R._4,
		0,
		180,
		1,
		false,
		3000,
		50,
		3000,
		0,
		3000,
		500,
		5000,
		10,
		4000,
		2000,
		R._1,
	},
	[4380305]=
	{
		4380305,
		250,
		150,
		false,
		-200,
		1,
		600,
		5000,
		3000,
		3500,
		R._4,
		1200,
		180,
		0,
		false,
		3000,
		50,
		3000,
		0,
		3000,
		500,
		5000,
		10,
		4000,
		2000,
		R._1,
	},
	[4390101]=
	{
		4390101,
		250,
		150,
		false,
		-200,
		1,
		600,
		5000,
		3000,
		3500,
		R._4,
		450,
		180,
		1,
		false,
		3000,
		50,
		3000,
		0,
		3000,
		500,
		5000,
		10,
		1200,
		2000,
		R._1,
	},
	[4390102]=
	{
		4390102,
		250,
		150,
		false,
		-200,
		1,
		600,
		5000,
		3000,
		3500,
		R._4,
		900,
		180,
		1,
		false,
		3000,
		50,
		3000,
		0,
		3000,
		500,
		5000,
		10,
		4000,
		2000,
		R._1,
	},
	[4390103]=
	{
		4390103,
		250,
		150,
		false,
		-200,
		1,
		600,
		5000,
		3000,
		3500,
		R._4,
		0,
		180,
		1,
		false,
		3000,
		50,
		3000,
		0,
		3000,
		500,
		5000,
		10,
		1200,
		2000,
		R._1,
	},
	[4390104]=
	{
		4390104,
		250,
		150,
		false,
		-200,
		1,
		600,
		5000,
		3000,
		3500,
		R._4,
		0,
		180,
		1,
		false,
		3000,
		50,
		3000,
		0,
		3000,
		500,
		5000,
		10,
		4000,
		2000,
		R._1,
	},
	[4390105]=
	{
		4390105,
		250,
		150,
		false,
		-200,
		1,
		600,
		5000,
		3000,
		3500,
		R._4,
		1200,
		180,
		0,
		false,
		3000,
		50,
		3000,
		0,
		3000,
		500,
		5000,
		10,
		4000,
		2000,
		R._1,
	},
	[4390201]=
	{
		4390201,
		250,
		150,
		false,
		-200,
		1,
		600,
		5000,
		3000,
		3500,
		R._4,
		450,
		180,
		1,
		false,
		3000,
		50,
		3000,
		0,
		3000,
		500,
		5000,
		10,
		1200,
		2000,
		R._1,
	},
	[4390202]=
	{
		4390202,
		250,
		150,
		false,
		-200,
		1,
		600,
		5000,
		3000,
		3500,
		R._4,
		900,
		180,
		1,
		false,
		3000,
		50,
		3000,
		0,
		3000,
		500,
		5000,
		10,
		4000,
		2000,
		R._1,
	},
	[4390203]=
	{
		4390203,
		250,
		150,
		false,
		-200,
		1,
		600,
		5000,
		3000,
		3500,
		R._4,
		0,
		180,
		1,
		false,
		3000,
		50,
		3000,
		0,
		3000,
		500,
		5000,
		10,
		1200,
		2000,
		R._1,
	},
	[4390204]=
	{
		4390204,
		250,
		150,
		false,
		-200,
		1,
		600,
		5000,
		3000,
		3500,
		R._4,
		0,
		180,
		1,
		false,
		3000,
		50,
		3000,
		0,
		3000,
		500,
		5000,
		10,
		4000,
		2000,
		R._1,
	},
	[4390205]=
	{
		4390205,
		250,
		150,
		false,
		-200,
		1,
		600,
		5000,
		3000,
		3500,
		R._4,
		1200,
		180,
		0,
		false,
		3000,
		50,
		3000,
		0,
		3000,
		500,
		5000,
		10,
		4000,
		2000,
		R._1,
	},
	[4390301]=
	{
		4390301,
		250,
		150,
		false,
		-200,
		1,
		600,
		5000,
		3000,
		3500,
		R._4,
		450,
		180,
		1,
		false,
		3000,
		50,
		3000,
		0,
		3000,
		500,
		5000,
		10,
		1200,
		2000,
		R._1,
	},
	[4410101]=
	{
		4410101,
		700,
		50,
		false,
		-200,
		1,
		300,
		5000,
		3000,
		3500,
		R._4,
		450,
		180,
		1,
		false,
		3000,
		50,
		3000,
		0,
		3000,
		500,
		5000,
		10,
		1200,
		2000,
		R._1,
	},
	[4410102]=
	{
		4410102,
		700,
		50,
		false,
		-200,
		1,
		300,
		5000,
		3000,
		3500,
		R._4,
		900,
		180,
		1,
		false,
		3000,
		50,
		3000,
		0,
		3000,
		500,
		5000,
		10,
		4000,
		2000,
		R._1,
	},
	[4410103]=
	{
		4410103,
		700,
		50,
		false,
		-200,
		1,
		300,
		5000,
		3000,
		3500,
		R._4,
		0,
		180,
		1,
		false,
		3000,
		50,
		3000,
		0,
		3000,
		500,
		5000,
		10,
		1200,
		2000,
		R._1,
	},
	[4410104]=
	{
		4410104,
		700,
		50,
		false,
		-200,
		1,
		300,
		5000,
		3000,
		3500,
		R._4,
		0,
		180,
		1,
		false,
		3000,
		50,
		3000,
		0,
		3000,
		500,
		5000,
		10,
		4000,
		2000,
		R._1,
	},
	[4410105]=
	{
		4410105,
		700,
		50,
		false,
		-200,
		1,
		300,
		5000,
		3000,
		3500,
		R._4,
		1200,
		180,
		0,
		false,
		3000,
		50,
		3000,
		0,
		3000,
		500,
		5000,
		10,
		4000,
		2000,
		R._1,
	},
	[4410201]=
	{
		4410201,
		700,
		50,
		false,
		-200,
		1,
		300,
		5000,
		3000,
		3500,
		R._4,
		450,
		180,
		1,
		false,
		3000,
		50,
		3000,
		0,
		3000,
		500,
		5000,
		10,
		1200,
		2000,
		R._1,
	},
	[4410202]=
	{
		4410202,
		700,
		50,
		false,
		-200,
		1,
		300,
		5000,
		3000,
		3500,
		R._4,
		900,
		180,
		1,
		false,
		3000,
		50,
		3000,
		0,
		3000,
		500,
		5000,
		10,
		4000,
		2000,
		R._1,
	},
	[4410203]=
	{
		4410203,
		700,
		50,
		false,
		-200,
		1,
		300,
		5000,
		3000,
		3500,
		R._4,
		0,
		180,
		1,
		false,
		3000,
		50,
		3000,
		0,
		3000,
		500,
		5000,
		10,
		1200,
		2000,
		R._1,
	},
	[4410204]=
	{
		4410204,
		700,
		50,
		false,
		-200,
		1,
		300,
		5000,
		3000,
		3500,
		R._4,
		0,
		180,
		1,
		false,
		3000,
		50,
		3000,
		0,
		3000,
		500,
		5000,
		10,
		4000,
		2000,
		R._1,
	},
	[4410205]=
	{
		4410205,
		700,
		50,
		false,
		-200,
		1,
		300,
		5000,
		3000,
		3500,
		R._4,
		1200,
		180,
		0,
		false,
		3000,
		50,
		3000,
		0,
		3000,
		500,
		5000,
		10,
		4000,
		2000,
		R._1,
	},
	[4420101]=
	{
		4420101,
		500,
		-300,
		false,
		-300,
		1,
		600,
		5000,
		3000,
		3500,
		R._4,
		450,
		180,
		1,
		false,
		3000,
		50,
		3000,
		0,
		3000,
		500,
		5000,
		10,
		1200,
		2000,
		R._1,
	},
	[4420102]=
	{
		4420102,
		500,
		-300,
		false,
		-300,
		1,
		600,
		5000,
		3000,
		3500,
		R._4,
		900,
		180,
		1,
		false,
		3000,
		50,
		3000,
		0,
		3000,
		500,
		5000,
		10,
		4000,
		2000,
		R._1,
	},
	[4420103]=
	{
		4420103,
		500,
		-300,
		false,
		-300,
		1,
		600,
		5000,
		3000,
		3500,
		R._4,
		0,
		180,
		1,
		false,
		3000,
		50,
		3000,
		0,
		3000,
		500,
		5000,
		10,
		1200,
		2000,
		R._1,
	},
	[4420104]=
	{
		4420104,
		500,
		-300,
		false,
		-300,
		1,
		600,
		5000,
		3000,
		3500,
		R._4,
		0,
		180,
		1,
		false,
		3000,
		50,
		3000,
		0,
		3000,
		500,
		5000,
		10,
		4000,
		2000,
		R._1,
	},
	[4420105]=
	{
		4420105,
		500,
		-300,
		false,
		-300,
		1,
		600,
		5000,
		3000,
		3500,
		R._4,
		1200,
		180,
		0,
		false,
		3000,
		50,
		3000,
		0,
		3000,
		500,
		5000,
		10,
		4000,
		2000,
		R._1,
	},
	[4420106]=
	{
		4420106,
		500,
		-300,
		false,
		-300,
		1,
		600,
		5000,
		3000,
		3500,
		R._4,
		900,
		180,
		1,
		false,
		3000,
		50,
		3000,
		0,
		3000,
		500,
		5000,
		10,
		4000,
		2000,
		R._2,
	},
	[4420201]=
	{
		4420201,
		500,
		-300,
		false,
		-300,
		1,
		600,
		5000,
		3000,
		3500,
		R._4,
		450,
		180,
		1,
		false,
		3000,
		50,
		3000,
		0,
		3000,
		500,
		5000,
		10,
		1200,
		2000,
		R._1,
	},
	[4420202]=
	{
		4420202,
		500,
		-300,
		false,
		-300,
		1,
		600,
		5000,
		3000,
		3500,
		R._4,
		900,
		180,
		1,
		false,
		3000,
		50,
		3000,
		0,
		3000,
		500,
		5000,
		10,
		4000,
		2000,
		R._1,
	},
	[4420203]=
	{
		4420203,
		500,
		-300,
		false,
		-300,
		1,
		600,
		5000,
		3000,
		3500,
		R._4,
		0,
		180,
		1,
		false,
		3000,
		50,
		3000,
		0,
		3000,
		500,
		5000,
		10,
		1200,
		2000,
		R._1,
	},
	[4420204]=
	{
		4420204,
		500,
		-300,
		false,
		-300,
		1,
		600,
		5000,
		3000,
		3500,
		R._4,
		0,
		180,
		1,
		false,
		3000,
		50,
		3000,
		0,
		3000,
		500,
		5000,
		10,
		4000,
		2000,
		R._1,
	},
	[4420205]=
	{
		4420205,
		500,
		-300,
		false,
		-300,
		1,
		600,
		5000,
		3000,
		3500,
		R._4,
		1200,
		180,
		0,
		false,
		3000,
		50,
		3000,
		0,
		3000,
		500,
		5000,
		10,
		4000,
		2000,
		R._1,
	},
	[4430101]=
	{
		4430101,
		500,
		50,
		false,
		-200,
		1,
		600,
		5000,
		3000,
		3500,
		R._4,
		450,
		180,
		1,
		false,
		3000,
		50,
		3000,
		0,
		3000,
		500,
		5000,
		10,
		1200,
		2000,
		R._1,
	},
	[4430102]=
	{
		4430102,
		500,
		50,
		false,
		-200,
		1,
		600,
		5000,
		3000,
		3500,
		R._4,
		900,
		180,
		1,
		false,
		3000,
		50,
		3000,
		0,
		3000,
		500,
		5000,
		10,
		4000,
		2000,
		R._1,
	},
	[4430103]=
	{
		4430103,
		500,
		50,
		false,
		-200,
		1,
		600,
		5000,
		3000,
		3500,
		R._4,
		0,
		180,
		1,
		false,
		3000,
		50,
		3000,
		0,
		3000,
		500,
		5000,
		10,
		1200,
		2000,
		R._1,
	},
	[4430104]=
	{
		4430104,
		500,
		50,
		false,
		-200,
		1,
		600,
		5000,
		3000,
		3500,
		R._4,
		0,
		180,
		1,
		false,
		3000,
		50,
		3000,
		0,
		3000,
		500,
		5000,
		10,
		4000,
		2000,
		R._1,
	},
	[4430105]=
	{
		4430105,
		500,
		50,
		false,
		-200,
		1,
		600,
		5000,
		3000,
		3500,
		R._4,
		1200,
		180,
		0,
		false,
		3000,
		50,
		3000,
		0,
		3000,
		500,
		5000,
		10,
		4000,
		2000,
		R._1,
	},
	[4430201]=
	{
		4430201,
		500,
		50,
		false,
		-200,
		1,
		600,
		5000,
		3000,
		3500,
		R._4,
		450,
		180,
		1,
		false,
		3000,
		50,
		3000,
		0,
		3000,
		500,
		5000,
		10,
		1200,
		2000,
		R._1,
	},
	[4430202]=
	{
		4430202,
		500,
		50,
		false,
		-200,
		1,
		600,
		5000,
		3000,
		3500,
		R._4,
		900,
		180,
		1,
		false,
		3000,
		50,
		3000,
		0,
		3000,
		500,
		5000,
		10,
		4000,
		2000,
		R._1,
	},
	[4430203]=
	{
		4430203,
		500,
		50,
		false,
		-200,
		1,
		600,
		5000,
		3000,
		3500,
		R._4,
		0,
		180,
		1,
		false,
		3000,
		50,
		3000,
		0,
		3000,
		500,
		5000,
		10,
		1200,
		2000,
		R._1,
	},
	[4430204]=
	{
		4430204,
		500,
		50,
		false,
		-200,
		1,
		600,
		5000,
		3000,
		3500,
		R._4,
		0,
		180,
		1,
		false,
		3000,
		50,
		3000,
		0,
		3000,
		500,
		5000,
		10,
		4000,
		2000,
		R._1,
	},
	[4430205]=
	{
		4430205,
		500,
		50,
		false,
		-200,
		1,
		600,
		5000,
		3000,
		3500,
		R._4,
		1200,
		180,
		0,
		false,
		3000,
		50,
		3000,
		0,
		3000,
		500,
		5000,
		10,
		4000,
		2000,
		R._1,
	},
	[4430301]=
	{
		4430301,
		200,
		50,
		false,
		-200,
		1,
		400,
		5000,
		3000,
		3500,
		R._4,
		450,
		180,
		1,
		false,
		3000,
		50,
		3000,
		0,
		3000,
		500,
		5000,
		10,
		1200,
		2000,
		R._1,
	},
	[4430302]=
	{
		4430302,
		200,
		50,
		false,
		-200,
		1,
		400,
		5000,
		3000,
		3500,
		R._4,
		900,
		180,
		1,
		false,
		3000,
		50,
		3000,
		0,
		3000,
		500,
		5000,
		10,
		4000,
		2000,
		R._1,
	},
	[4430303]=
	{
		4430303,
		200,
		50,
		false,
		-200,
		1,
		400,
		5000,
		3000,
		3500,
		R._4,
		0,
		180,
		1,
		false,
		3000,
		50,
		3000,
		0,
		3000,
		500,
		5000,
		10,
		1200,
		2000,
		R._1,
	},
	[4430304]=
	{
		4430304,
		200,
		50,
		false,
		-200,
		1,
		400,
		5000,
		3000,
		3500,
		R._4,
		0,
		180,
		1,
		false,
		3000,
		50,
		3000,
		0,
		3000,
		500,
		5000,
		10,
		4000,
		2000,
		R._1,
	},
	[4430305]=
	{
		4430305,
		200,
		50,
		false,
		-200,
		1,
		400,
		5000,
		3000,
		3500,
		R._4,
		1200,
		180,
		0,
		false,
		3000,
		50,
		3000,
		0,
		3000,
		500,
		5000,
		10,
		4000,
		2000,
		R._1,
	},
	[4520101]=
	{
		4520101,
		0,
		0,
		false,
		400,
		3,
		400,
		0,
		0,
		0,
		{},
		0,
		180,
		1,
		false,
		3000,
		50,
		3000,
		0,
		3000,
		500,
		5000,
		10,
		1200,
		2000,
		R._3,
	},
	[4530101]=
	{
		4530101,
		700,
		0,
		false,
		0,
		0,
		400,
		0,
		0,
		0,
		{},
		700,
		180,
		1,
		false,
		3000,
		50,
		3000,
		0,
		3000,
		500,
		5000,
		10,
		1200,
		2000,
		R._2,
	},
	[4540101]=
	{
		4540101,
		50,
		150,
		false,
		-200,
		0,
		400,
		5000,
		3000,
		0,
		{},
		1200,
		180,
		1,
		false,
		3000,
		50,
		3000,
		0,
		3000,
		500,
		5000,
		10,
		1000,
		2000,
		R._2,
	},
	[4550101]=
	{
		4550101,
		500,
		150,
		false,
		-200,
		1,
		600,
		5000,
		3000,
		3500,
		R._4,
		450,
		180,
		1,
		false,
		3000,
		50,
		3000,
		0,
		3000,
		500,
		5000,
		10,
		1200,
		2000,
		R._1,
	},
	[4550102]=
	{
		4550102,
		500,
		150,
		false,
		-200,
		1,
		600,
		5000,
		3000,
		3500,
		R._4,
		900,
		180,
		1,
		false,
		3000,
		50,
		3000,
		0,
		3000,
		500,
		5000,
		10,
		4000,
		2000,
		R._1,
	},
	[4550103]=
	{
		4550103,
		500,
		150,
		false,
		-200,
		1,
		600,
		5000,
		3000,
		3500,
		R._4,
		0,
		180,
		1,
		false,
		3000,
		50,
		3000,
		0,
		3000,
		500,
		5000,
		10,
		1200,
		2000,
		R._1,
	},
	[4550104]=
	{
		4550104,
		500,
		150,
		false,
		-200,
		1,
		600,
		5000,
		3000,
		3500,
		R._4,
		0,
		180,
		1,
		false,
		3000,
		50,
		3000,
		0,
		3000,
		500,
		5000,
		10,
		4000,
		2000,
		R._1,
	},
	[4550105]=
	{
		4550105,
		500,
		150,
		false,
		-200,
		1,
		600,
		5000,
		3000,
		3500,
		R._4,
		1200,
		180,
		0,
		false,
		3000,
		50,
		3000,
		0,
		3000,
		500,
		5000,
		10,
		4000,
		2000,
		R._1,
	},
	[4550106]=
	{
		4550106,
		500,
		150,
		false,
		-200,
		1,
		600,
		5000,
		3000,
		3500,
		R._4,
		900,
		180,
		1,
		false,
		3000,
		50,
		3000,
		0,
		3000,
		500,
		5000,
		10,
		4000,
		2000,
		R._2,
	},
	[4550201]=
	{
		4550201,
		500,
		150,
		false,
		-200,
		1,
		600,
		5000,
		3000,
		3500,
		R._4,
		450,
		180,
		1,
		false,
		3000,
		50,
		3000,
		0,
		3000,
		500,
		5000,
		10,
		1200,
		2000,
		R._1,
	},
	[4550202]=
	{
		4550202,
		500,
		150,
		false,
		-200,
		1,
		600,
		5000,
		3000,
		3500,
		R._4,
		900,
		180,
		1,
		false,
		3000,
		50,
		3000,
		0,
		3000,
		500,
		5000,
		10,
		4000,
		2000,
		R._1,
	},
	[4550203]=
	{
		4550203,
		500,
		150,
		false,
		-200,
		1,
		600,
		5000,
		3000,
		3500,
		R._4,
		0,
		180,
		1,
		false,
		3000,
		50,
		3000,
		0,
		3000,
		500,
		5000,
		10,
		1200,
		2000,
		R._1,
	},
	[4550204]=
	{
		4550204,
		500,
		150,
		false,
		-200,
		1,
		600,
		5000,
		3000,
		3500,
		R._4,
		0,
		180,
		1,
		false,
		3000,
		50,
		3000,
		0,
		3000,
		500,
		5000,
		10,
		4000,
		2000,
		R._1,
	},
	[4550205]=
	{
		4550205,
		500,
		150,
		false,
		-200,
		1,
		600,
		5000,
		3000,
		3500,
		R._4,
		1200,
		180,
		0,
		false,
		3000,
		50,
		3000,
		0,
		3000,
		500,
		5000,
		10,
		4000,
		2000,
		R._1,
	},
	[4550301]=
	{
		4550301,
		200,
		50,
		false,
		-200,
		1,
		400,
		5000,
		3000,
		3500,
		R._4,
		450,
		180,
		1,
		false,
		3000,
		50,
		3000,
		0,
		3000,
		500,
		5000,
		10,
		1200,
		2000,
		R._1,
	},
	[4550302]=
	{
		4550302,
		200,
		50,
		false,
		-200,
		1,
		400,
		5000,
		3000,
		3500,
		R._4,
		900,
		180,
		1,
		false,
		3000,
		50,
		3000,
		0,
		3000,
		500,
		5000,
		10,
		4000,
		2000,
		R._1,
	},
	[4550303]=
	{
		4550303,
		200,
		50,
		false,
		-200,
		1,
		400,
		5000,
		3000,
		3500,
		R._4,
		0,
		180,
		1,
		false,
		3000,
		50,
		3000,
		0,
		3000,
		500,
		5000,
		10,
		1200,
		2000,
		R._1,
	},
	[4550304]=
	{
		4550304,
		200,
		50,
		false,
		-200,
		1,
		400,
		5000,
		3000,
		3500,
		R._4,
		0,
		180,
		1,
		false,
		3000,
		50,
		3000,
		0,
		3000,
		500,
		5000,
		10,
		4000,
		2000,
		R._1,
	},
	[4550305]=
	{
		4550305,
		200,
		50,
		false,
		-200,
		1,
		400,
		5000,
		3000,
		3500,
		R._4,
		1200,
		180,
		0,
		false,
		3000,
		50,
		3000,
		0,
		3000,
		500,
		5000,
		10,
		4000,
		2000,
		R._1,
	},
	[4560101]=
	{
		4560101,
		200,
		150,
		false,
		-200,
		0,
		600,
		5000,
		3000,
		3500,
		R._4,
		450,
		180,
		1,
		false,
		3000,
		50,
		3000,
		0,
		3000,
		500,
		5000,
		10,
		1200,
		2000,
		R._1,
	},
	[4560102]=
	{
		4560102,
		200,
		150,
		false,
		-200,
		0,
		600,
		5000,
		3000,
		3500,
		R._4,
		900,
		180,
		1,
		false,
		3000,
		50,
		3000,
		0,
		3000,
		500,
		5000,
		10,
		4000,
		2000,
		R._1,
	},
	[4560103]=
	{
		4560103,
		200,
		150,
		false,
		-200,
		0,
		600,
		5000,
		3000,
		3500,
		R._4,
		0,
		180,
		1,
		false,
		3000,
		50,
		3000,
		0,
		3000,
		500,
		5000,
		10,
		1200,
		2000,
		R._1,
	},
	[4560104]=
	{
		4560104,
		200,
		150,
		false,
		-200,
		0,
		600,
		5000,
		3000,
		3500,
		R._4,
		0,
		180,
		1,
		false,
		3000,
		50,
		3000,
		0,
		3000,
		500,
		5000,
		10,
		4000,
		2000,
		R._1,
	},
	[4560105]=
	{
		4560105,
		200,
		150,
		false,
		-200,
		0,
		600,
		5000,
		3000,
		3500,
		R._4,
		1200,
		180,
		0,
		false,
		3000,
		50,
		3000,
		0,
		3000,
		500,
		5000,
		10,
		4000,
		2000,
		R._1,
	},
	[4560201]=
	{
		4560201,
		200,
		150,
		false,
		-200,
		0,
		600,
		5000,
		3000,
		3500,
		R._4,
		450,
		180,
		1,
		false,
		3000,
		50,
		3000,
		0,
		3000,
		500,
		5000,
		10,
		1200,
		2000,
		R._1,
	},
	[4560202]=
	{
		4560202,
		200,
		150,
		false,
		-200,
		0,
		600,
		5000,
		3000,
		3500,
		R._4,
		900,
		180,
		1,
		false,
		3000,
		50,
		3000,
		0,
		3000,
		500,
		5000,
		10,
		4000,
		2000,
		R._1,
	},
	[4560203]=
	{
		4560203,
		200,
		150,
		false,
		-200,
		0,
		600,
		5000,
		3000,
		3500,
		R._4,
		0,
		180,
		1,
		false,
		3000,
		50,
		3000,
		0,
		3000,
		500,
		5000,
		10,
		1200,
		2000,
		R._1,
	},
	[4560204]=
	{
		4560204,
		200,
		150,
		false,
		-200,
		0,
		600,
		5000,
		3000,
		3500,
		R._4,
		0,
		180,
		1,
		false,
		3000,
		50,
		3000,
		0,
		3000,
		500,
		5000,
		10,
		4000,
		2000,
		R._1,
	},
	[4560205]=
	{
		4560205,
		200,
		150,
		false,
		-200,
		0,
		600,
		5000,
		3000,
		3500,
		R._4,
		1200,
		180,
		0,
		false,
		3000,
		50,
		3000,
		0,
		3000,
		500,
		5000,
		10,
		4000,
		2000,
		R._1,
	},
	[4570101]=
	{
		4570101,
		200,
		0,
		false,
		-300,
		1,
		400,
		5000,
		3000,
		0,
		{},
		0,
		180,
		1,
		false,
		3000,
		50,
		3000,
		0,
		3000,
		500,
		5000,
		10,
		600,
		2000,
		R._5,
	},
	[4690101]=
	{
		4690101,
		150,
		150,
		false,
		-200,
		1,
		600,
		5000,
		3000,
		3500,
		R._4,
		450,
		180,
		1,
		false,
		3000,
		50,
		3000,
		0,
		3000,
		500,
		5000,
		10,
		1200,
		2000,
		R._1,
	},
	[4690102]=
	{
		4690102,
		150,
		150,
		false,
		-200,
		1,
		600,
		5000,
		3000,
		3500,
		R._4,
		900,
		180,
		1,
		false,
		3000,
		50,
		3000,
		0,
		3000,
		500,
		5000,
		10,
		4000,
		2000,
		R._1,
	},
	[4690103]=
	{
		4690103,
		150,
		150,
		false,
		-200,
		1,
		600,
		5000,
		3000,
		3500,
		R._4,
		0,
		180,
		1,
		false,
		3000,
		50,
		3000,
		0,
		3000,
		500,
		5000,
		10,
		1200,
		2000,
		R._1,
	},
	[4690104]=
	{
		4690104,
		150,
		150,
		false,
		-200,
		1,
		600,
		5000,
		3000,
		3500,
		R._4,
		0,
		180,
		1,
		false,
		3000,
		50,
		3000,
		0,
		3000,
		500,
		5000,
		10,
		4000,
		2000,
		R._1,
	},
	[4690105]=
	{
		4690105,
		150,
		150,
		false,
		-200,
		1,
		600,
		5000,
		3000,
		3500,
		R._4,
		1200,
		180,
		0,
		false,
		3000,
		50,
		3000,
		0,
		3000,
		500,
		5000,
		10,
		4000,
		2000,
		R._1,
	},
	[4860101]=
	{
		4860101,
		600,
		0,
		false,
		-200,
		1,
		300,
		5000,
		3000,
		3500,
		R._4,
		450,
		180,
		1,
		false,
		3000,
		50,
		3000,
		0,
		3000,
		500,
		5000,
		10,
		1200,
		2000,
		R._1,
	},
	[4860102]=
	{
		4860102,
		600,
		0,
		false,
		-200,
		1,
		300,
		5000,
		3000,
		3500,
		R._4,
		900,
		180,
		1,
		false,
		3000,
		50,
		3000,
		0,
		3000,
		500,
		5000,
		10,
		4000,
		2000,
		R._1,
	},
	[4860103]=
	{
		4860103,
		600,
		0,
		false,
		-200,
		1,
		300,
		5000,
		3000,
		3500,
		R._4,
		0,
		180,
		1,
		false,
		3000,
		50,
		3000,
		0,
		3000,
		500,
		5000,
		10,
		1200,
		2000,
		R._1,
	},
	[4860104]=
	{
		4860104,
		600,
		0,
		false,
		-200,
		1,
		300,
		5000,
		3000,
		3500,
		R._4,
		0,
		180,
		1,
		false,
		3000,
		50,
		3000,
		0,
		3000,
		500,
		5000,
		10,
		4000,
		2000,
		R._1,
	},
	[4860105]=
	{
		4860105,
		600,
		0,
		false,
		-200,
		1,
		300,
		5000,
		3000,
		3500,
		R._4,
		1200,
		180,
		0,
		false,
		3000,
		50,
		3000,
		0,
		3000,
		500,
		5000,
		10,
		4000,
		2000,
		R._1,
	},
	[4870101]=
	{
		4870101,
		600,
		0,
		false,
		-200,
		1,
		300,
		5000,
		3000,
		3500,
		R._4,
		450,
		180,
		1,
		false,
		3000,
		50,
		3000,
		0,
		3000,
		500,
		5000,
		10,
		1200,
		2000,
		R._1,
	},
	[4870102]=
	{
		4870102,
		600,
		0,
		false,
		-200,
		1,
		300,
		5000,
		3000,
		3500,
		R._4,
		900,
		180,
		1,
		false,
		3000,
		50,
		3000,
		0,
		3000,
		500,
		5000,
		10,
		4000,
		2000,
		R._1,
	},
	[4870103]=
	{
		4870103,
		600,
		0,
		false,
		-200,
		1,
		300,
		5000,
		3000,
		3500,
		R._4,
		0,
		180,
		1,
		false,
		3000,
		50,
		3000,
		0,
		3000,
		500,
		5000,
		10,
		1200,
		2000,
		R._1,
	},
	[4870104]=
	{
		4870104,
		600,
		0,
		false,
		-200,
		1,
		300,
		5000,
		3000,
		3500,
		R._4,
		0,
		180,
		1,
		false,
		3000,
		50,
		3000,
		0,
		3000,
		500,
		5000,
		10,
		4000,
		2000,
		R._1,
	},
	[4870105]=
	{
		4870105,
		600,
		0,
		false,
		-200,
		1,
		300,
		5000,
		3000,
		3500,
		R._4,
		1200,
		180,
		0,
		false,
		3000,
		50,
		3000,
		0,
		3000,
		500,
		5000,
		10,
		4000,
		2000,
		R._1,
	},
	[4880101]=
	{
		4880101,
		600,
		0,
		false,
		-200,
		1,
		300,
		5000,
		3000,
		3500,
		R._4,
		450,
		180,
		1,
		false,
		3000,
		50,
		3000,
		0,
		3000,
		500,
		5000,
		10,
		1200,
		2000,
		R._1,
	},
	[4880102]=
	{
		4880102,
		600,
		0,
		false,
		-200,
		1,
		300,
		5000,
		3000,
		3500,
		R._4,
		900,
		180,
		1,
		false,
		3000,
		50,
		3000,
		0,
		3000,
		500,
		5000,
		10,
		4000,
		2000,
		R._1,
	},
	[4880103]=
	{
		4880103,
		600,
		0,
		false,
		-200,
		1,
		300,
		5000,
		3000,
		3500,
		R._4,
		0,
		180,
		1,
		false,
		3000,
		50,
		3000,
		0,
		3000,
		500,
		5000,
		10,
		1200,
		2000,
		R._1,
	},
	[4880104]=
	{
		4880104,
		600,
		0,
		false,
		-200,
		1,
		300,
		5000,
		3000,
		3500,
		R._4,
		0,
		180,
		1,
		false,
		3000,
		50,
		3000,
		0,
		3000,
		500,
		5000,
		10,
		4000,
		2000,
		R._1,
	},
	[4880105]=
	{
		4880105,
		600,
		0,
		false,
		-200,
		1,
		300,
		5000,
		3000,
		3500,
		R._4,
		1200,
		180,
		0,
		false,
		3000,
		50,
		3000,
		0,
		3000,
		500,
		5000,
		10,
		4000,
		2000,
		R._1,
	},
	[4890101]=
	{
		4890101,
		150,
		0,
		false,
		-200,
		1,
		300,
		5000,
		3000,
		3500,
		R._4,
		450,
		180,
		1,
		false,
		3000,
		50,
		3000,
		0,
		3000,
		500,
		5000,
		10,
		1200,
		2000,
		R._1,
	},
	[4890102]=
	{
		4890102,
		150,
		0,
		false,
		-200,
		1,
		300,
		5000,
		3000,
		3500,
		R._4,
		900,
		180,
		1,
		false,
		3000,
		50,
		3000,
		0,
		3000,
		500,
		5000,
		10,
		4000,
		2000,
		R._1,
	},
	[4890103]=
	{
		4890103,
		150,
		0,
		false,
		-200,
		1,
		300,
		5000,
		3000,
		3500,
		R._4,
		0,
		180,
		1,
		false,
		3000,
		50,
		3000,
		0,
		3000,
		500,
		5000,
		10,
		1200,
		2000,
		R._1,
	},
	[4890104]=
	{
		4890104,
		150,
		0,
		false,
		-200,
		1,
		300,
		5000,
		3000,
		3500,
		R._4,
		0,
		180,
		1,
		false,
		3000,
		50,
		3000,
		0,
		3000,
		500,
		5000,
		10,
		4000,
		2000,
		R._1,
	},
	[4890105]=
	{
		4890105,
		150,
		0,
		false,
		-200,
		1,
		300,
		5000,
		3000,
		3500,
		R._4,
		1200,
		180,
		0,
		false,
		3000,
		50,
		3000,
		0,
		3000,
		500,
		5000,
		10,
		4000,
		2000,
		R._1,
	},
	[4900101]=
	{
		4900101,
		150,
		150,
		false,
		-200,
		1,
		400,
		5000,
		3000,
		3500,
		R._4,
		450,
		180,
		1,
		false,
		3000,
		50,
		3000,
		0,
		3000,
		500,
		5000,
		10,
		1200,
		2000,
		R._1,
	},
	[4900102]=
	{
		4900102,
		150,
		150,
		false,
		-200,
		1,
		400,
		5000,
		3000,
		3500,
		R._4,
		900,
		180,
		1,
		false,
		3000,
		50,
		3000,
		0,
		3000,
		500,
		5000,
		10,
		4000,
		2000,
		R._1,
	},
	[4900103]=
	{
		4900103,
		150,
		150,
		false,
		-200,
		1,
		400,
		5000,
		3000,
		3500,
		R._4,
		0,
		180,
		1,
		false,
		3000,
		50,
		3000,
		0,
		3000,
		500,
		5000,
		10,
		1200,
		2000,
		R._1,
	},
	[4900104]=
	{
		4900104,
		150,
		150,
		false,
		-200,
		1,
		400,
		5000,
		3000,
		3500,
		R._4,
		0,
		180,
		1,
		false,
		3000,
		50,
		3000,
		0,
		3000,
		500,
		5000,
		10,
		4000,
		2000,
		R._1,
	},
	[4900105]=
	{
		4900105,
		150,
		150,
		false,
		-200,
		1,
		400,
		5000,
		3000,
		3500,
		R._4,
		1200,
		180,
		0,
		false,
		3000,
		50,
		3000,
		0,
		3000,
		500,
		5000,
		10,
		4000,
		2000,
		R._1,
	},
	[4910101]=
	{
		4910101,
		250,
		150,
		false,
		-200,
		1,
		400,
		5000,
		3000,
		3500,
		R._4,
		450,
		180,
		1,
		false,
		3000,
		50,
		3000,
		0,
		3000,
		500,
		5000,
		10,
		1200,
		2000,
		R._1,
	},
	[4910102]=
	{
		4910102,
		250,
		150,
		false,
		-200,
		1,
		400,
		5000,
		3000,
		3500,
		R._4,
		900,
		180,
		1,
		false,
		3000,
		50,
		3000,
		0,
		3000,
		500,
		5000,
		10,
		4000,
		2000,
		R._1,
	},
	[4910103]=
	{
		4910103,
		250,
		150,
		false,
		-200,
		1,
		400,
		5000,
		3000,
		3500,
		R._4,
		0,
		180,
		1,
		false,
		3000,
		50,
		3000,
		0,
		3000,
		500,
		5000,
		10,
		1200,
		2000,
		R._1,
	},
	[4910104]=
	{
		4910104,
		250,
		150,
		false,
		-200,
		1,
		400,
		5000,
		3000,
		3500,
		R._4,
		0,
		180,
		1,
		false,
		3000,
		50,
		3000,
		0,
		3000,
		500,
		5000,
		10,
		4000,
		2000,
		R._1,
	},
	[4910105]=
	{
		4910105,
		250,
		150,
		false,
		-200,
		1,
		400,
		5000,
		3000,
		3500,
		R._4,
		1200,
		180,
		0,
		false,
		3000,
		50,
		3000,
		0,
		3000,
		500,
		5000,
		10,
		4000,
		2000,
		R._1,
	},
	[4920101]=
	{
		4920101,
		150,
		150,
		false,
		-200,
		1,
		400,
		5000,
		3000,
		3500,
		R._4,
		450,
		180,
		1,
		false,
		3000,
		50,
		3000,
		0,
		3000,
		500,
		5000,
		10,
		1200,
		2000,
		R._1,
	},
	[4920102]=
	{
		4920102,
		150,
		150,
		false,
		-200,
		1,
		400,
		5000,
		3000,
		3500,
		R._4,
		900,
		180,
		1,
		false,
		3000,
		50,
		3000,
		0,
		3000,
		500,
		5000,
		10,
		4000,
		2000,
		R._1,
	},
	[4920103]=
	{
		4920103,
		150,
		150,
		false,
		-200,
		1,
		400,
		5000,
		3000,
		3500,
		R._4,
		0,
		180,
		1,
		false,
		3000,
		50,
		3000,
		0,
		3000,
		500,
		5000,
		10,
		1200,
		2000,
		R._1,
	},
	[4920104]=
	{
		4920104,
		150,
		150,
		false,
		-200,
		1,
		400,
		5000,
		3000,
		3500,
		R._4,
		0,
		180,
		1,
		false,
		3000,
		50,
		3000,
		0,
		3000,
		500,
		5000,
		10,
		4000,
		2000,
		R._1,
	},
	[4920105]=
	{
		4920105,
		150,
		150,
		false,
		-200,
		1,
		400,
		5000,
		3000,
		3500,
		R._4,
		1200,
		180,
		0,
		false,
		3000,
		50,
		3000,
		0,
		3000,
		500,
		5000,
		10,
		4000,
		2000,
		R._1,
	},
	[4930101]=
	{
		4930101,
		200,
		150,
		false,
		-200,
		1,
		600,
		5000,
		3000,
		3500,
		R._4,
		450,
		180,
		1,
		false,
		3000,
		50,
		3000,
		0,
		3000,
		500,
		5000,
		10,
		1200,
		2000,
		R._1,
	},
	[4930102]=
	{
		4930102,
		200,
		150,
		false,
		-200,
		1,
		600,
		5000,
		3000,
		3500,
		R._4,
		900,
		180,
		1,
		false,
		3000,
		50,
		3000,
		0,
		3000,
		500,
		5000,
		10,
		4000,
		2000,
		R._1,
	},
	[4930103]=
	{
		4930103,
		200,
		150,
		false,
		-200,
		1,
		600,
		5000,
		3000,
		3500,
		R._4,
		0,
		180,
		1,
		false,
		3000,
		50,
		3000,
		0,
		3000,
		500,
		5000,
		10,
		1200,
		2000,
		R._1,
	},
	[4930104]=
	{
		4930104,
		200,
		150,
		false,
		-200,
		1,
		600,
		5000,
		3000,
		3500,
		R._4,
		0,
		180,
		1,
		false,
		3000,
		50,
		3000,
		0,
		3000,
		500,
		5000,
		10,
		4000,
		2000,
		R._1,
	},
	[4930105]=
	{
		4930105,
		200,
		150,
		false,
		-200,
		1,
		600,
		5000,
		3000,
		3500,
		R._4,
		1200,
		180,
		0,
		false,
		3000,
		50,
		3000,
		0,
		3000,
		500,
		5000,
		10,
		4000,
		2000,
		R._1,
	},
	[4950101]=
	{
		4950101,
		700,
		150,
		false,
		-200,
		1,
		600,
		5000,
		3000,
		3500,
		R._4,
		450,
		180,
		1,
		false,
		3000,
		50,
		3000,
		0,
		3000,
		500,
		5000,
		10,
		1200,
		2000,
		R._1,
	},
	[4950102]=
	{
		4950102,
		700,
		150,
		false,
		-200,
		1,
		600,
		5000,
		3000,
		3500,
		R._4,
		900,
		180,
		1,
		false,
		3000,
		50,
		3000,
		0,
		3000,
		500,
		5000,
		10,
		4000,
		2000,
		R._1,
	},
	[4950103]=
	{
		4950103,
		700,
		150,
		false,
		-200,
		1,
		600,
		5000,
		3000,
		3500,
		R._4,
		0,
		180,
		1,
		false,
		3000,
		50,
		3000,
		0,
		3000,
		500,
		5000,
		10,
		1200,
		2000,
		R._1,
	},
	[4950104]=
	{
		4950104,
		700,
		150,
		false,
		-200,
		1,
		600,
		5000,
		3000,
		3500,
		R._4,
		0,
		180,
		1,
		false,
		3000,
		50,
		3000,
		0,
		3000,
		500,
		5000,
		10,
		4000,
		2000,
		R._1,
	},
	[4950105]=
	{
		4950105,
		700,
		150,
		false,
		-200,
		1,
		600,
		5000,
		3000,
		3500,
		R._4,
		1200,
		180,
		0,
		false,
		3000,
		50,
		3000,
		0,
		3000,
		500,
		5000,
		10,
		4000,
		2000,
		R._1,
	},
	[4960101]=
	{
		4960101,
		200,
		150,
		false,
		-200,
		1,
		600,
		5000,
		3000,
		3500,
		R._4,
		450,
		180,
		1,
		false,
		3000,
		50,
		3000,
		0,
		3000,
		500,
		5000,
		10,
		1200,
		2000,
		R._1,
	},
	[4960102]=
	{
		4960102,
		200,
		150,
		false,
		-200,
		1,
		600,
		5000,
		3000,
		3500,
		R._4,
		900,
		180,
		1,
		false,
		3000,
		50,
		3000,
		0,
		3000,
		500,
		5000,
		10,
		4000,
		2000,
		R._1,
	},
	[4960103]=
	{
		4960103,
		200,
		150,
		false,
		-200,
		1,
		600,
		5000,
		3000,
		3500,
		R._4,
		0,
		180,
		1,
		false,
		3000,
		50,
		3000,
		0,
		3000,
		500,
		5000,
		10,
		1200,
		2000,
		R._1,
	},
	[4960104]=
	{
		4960104,
		200,
		150,
		false,
		-200,
		1,
		600,
		5000,
		3000,
		3500,
		R._4,
		0,
		180,
		1,
		false,
		3000,
		50,
		3000,
		0,
		3000,
		500,
		5000,
		10,
		4000,
		2000,
		R._1,
	},
	[4960105]=
	{
		4960105,
		200,
		150,
		false,
		-200,
		1,
		600,
		5000,
		3000,
		3500,
		R._4,
		1200,
		180,
		0,
		false,
		3000,
		50,
		3000,
		0,
		3000,
		500,
		5000,
		10,
		4000,
		2000,
		R._1,
	},
	[5020101]=
	{
		5020101,
		200,
		150,
		false,
		-200,
		1,
		600,
		5000,
		3000,
		3500,
		R._4,
		450,
		180,
		0,
		false,
		3000,
		50,
		3000,
		0,
		3000,
		500,
		5000,
		10,
		1200,
		2000,
		R._1,
	},
	[5020102]=
	{
		5020102,
		200,
		150,
		false,
		-200,
		1,
		600,
		5000,
		3000,
		3500,
		R._4,
		900,
		180,
		1,
		false,
		3000,
		50,
		3000,
		0,
		3000,
		500,
		5000,
		10,
		4000,
		2000,
		R._1,
	},
	[5020103]=
	{
		5020103,
		200,
		150,
		false,
		-200,
		1,
		600,
		5000,
		3000,
		3500,
		R._4,
		0,
		180,
		1,
		false,
		3000,
		50,
		3000,
		0,
		3000,
		500,
		5000,
		10,
		1200,
		2000,
		R._1,
	},
	[5020104]=
	{
		5020104,
		200,
		150,
		false,
		-200,
		1,
		600,
		5000,
		3000,
		3500,
		R._4,
		0,
		180,
		1,
		false,
		3000,
		50,
		3000,
		0,
		3000,
		500,
		5000,
		10,
		4000,
		2000,
		R._1,
	},
	[5020105]=
	{
		5020105,
		200,
		150,
		false,
		-200,
		1,
		600,
		5000,
		3000,
		3500,
		R._4,
		1200,
		180,
		0,
		false,
		3000,
		50,
		3000,
		0,
		3000,
		500,
		5000,
		10,
		4000,
		2000,
		R._1,
	},
	[5020106]=
	{
		5020106,
		250,
		150,
		false,
		-200,
		1,
		600,
		5000,
		3000,
		3500,
		R._4,
		450,
		180,
		0,
		false,
		3000,
		50,
		3000,
		0,
		3000,
		500,
		5000,
		10,
		1200,
		2000,
		R._1,
	},
	[5030101]=
	{
		5030101,
		200,
		150,
		false,
		-200,
		1,
		600,
		5000,
		3000,
		3500,
		R._4,
		450,
		180,
		0,
		false,
		3000,
		50,
		3000,
		0,
		3000,
		500,
		5000,
		10,
		1200,
		2000,
		R._1,
	},
	[5030102]=
	{
		5030102,
		200,
		150,
		false,
		-200,
		1,
		600,
		5000,
		3000,
		3500,
		R._4,
		900,
		180,
		1,
		false,
		3000,
		50,
		3000,
		0,
		3000,
		500,
		5000,
		10,
		4000,
		2000,
		R._1,
	},
	[5030103]=
	{
		5030103,
		200,
		150,
		false,
		-200,
		1,
		600,
		5000,
		3000,
		3500,
		R._4,
		0,
		180,
		1,
		false,
		3000,
		50,
		3000,
		0,
		3000,
		500,
		5000,
		10,
		1200,
		2000,
		R._1,
	},
	[5030104]=
	{
		5030104,
		200,
		150,
		false,
		-200,
		1,
		600,
		5000,
		3000,
		3500,
		R._4,
		0,
		180,
		1,
		false,
		3000,
		50,
		3000,
		0,
		3000,
		500,
		5000,
		10,
		4000,
		2000,
		R._1,
	},
	[5030105]=
	{
		5030105,
		200,
		150,
		false,
		-200,
		1,
		600,
		5000,
		3000,
		3500,
		R._4,
		1200,
		180,
		0,
		false,
		3000,
		50,
		3000,
		0,
		3000,
		500,
		5000,
		10,
		4000,
		2000,
		R._1,
	},
	[5040101]=
	{
		5040101,
		200,
		150,
		false,
		-200,
		1,
		600,
		5000,
		3000,
		3500,
		R._4,
		450,
		180,
		0,
		false,
		3000,
		50,
		3000,
		0,
		3000,
		500,
		5000,
		10,
		1200,
		2000,
		R._1,
	},
	[5040102]=
	{
		5040102,
		200,
		150,
		false,
		-200,
		1,
		600,
		5000,
		3000,
		3500,
		R._4,
		900,
		180,
		1,
		false,
		3000,
		50,
		3000,
		0,
		3000,
		500,
		5000,
		10,
		4000,
		2000,
		R._1,
	},
	[5040103]=
	{
		5040103,
		200,
		150,
		false,
		-200,
		1,
		600,
		5000,
		3000,
		3500,
		R._4,
		0,
		180,
		1,
		false,
		3000,
		50,
		3000,
		0,
		3000,
		500,
		5000,
		10,
		1200,
		2000,
		R._1,
	},
	[5040104]=
	{
		5040104,
		200,
		150,
		false,
		-200,
		1,
		600,
		5000,
		3000,
		3500,
		R._4,
		0,
		180,
		1,
		false,
		3000,
		50,
		3000,
		0,
		3000,
		500,
		5000,
		10,
		4000,
		2000,
		R._1,
	},
	[5040105]=
	{
		5040105,
		200,
		150,
		false,
		-200,
		1,
		600,
		5000,
		3000,
		3500,
		R._4,
		1200,
		180,
		0,
		false,
		3000,
		50,
		3000,
		0,
		3000,
		500,
		5000,
		10,
		4000,
		2000,
		R._1,
	},
	[5050101]=
	{
		5050101,
		1500,
		0,
		false,
		0,
		1,
		0,
		0,
		0,
		0,
		{},
		700,
		180,
		1,
		false,
		3000,
		50,
		3000,
		0,
		3000,
		500,
		5000,
		10,
		1200,
		2000,
		{},
	},
	[5060101]=
	{
		5060101,
		1500,
		0,
		false,
		0,
		1,
		0,
		0,
		0,
		0,
		{},
		700,
		180,
		1,
		false,
		3000,
		50,
		3000,
		0,
		3000,
		500,
		5000,
		10,
		1200,
		2000,
		{},
	},
	[5070101]=
	{
		5070101,
		1500,
		0,
		false,
		0,
		1,
		0,
		0,
		0,
		0,
		{},
		700,
		180,
		1,
		false,
		3000,
		50,
		3000,
		0,
		3000,
		500,
		5000,
		10,
		1200,
		2000,
		{},
	},
	[5080101]=
	{
		5080101,
		1500,
		0,
		false,
		0,
		1,
		0,
		0,
		0,
		0,
		{},
		700,
		180,
		1,
		false,
		3000,
		50,
		3000,
		0,
		3000,
		500,
		5000,
		10,
		1200,
		2000,
		{},
	},
	[5090101]=
	{
		5090101,
		1500,
		0,
		false,
		0,
		1,
		0,
		0,
		0,
		0,
		{},
		700,
		180,
		1,
		false,
		3000,
		50,
		3000,
		0,
		3000,
		500,
		5000,
		10,
		1200,
		2000,
		{},
	},
	[5150101]=
	{
		5150101,
		200,
		150,
		false,
		-200,
		1,
		600,
		5000,
		3000,
		3500,
		R._4,
		450,
		180,
		1,
		false,
		3000,
		50,
		3000,
		0,
		3000,
		500,
		5000,
		10,
		1200,
		2000,
		R._1,
	},
	[5150102]=
	{
		5150102,
		200,
		150,
		false,
		-200,
		1,
		600,
		5000,
		3000,
		3500,
		R._4,
		900,
		180,
		1,
		false,
		3000,
		50,
		3000,
		0,
		3000,
		500,
		5000,
		10,
		4000,
		2000,
		R._1,
	},
	[5150103]=
	{
		5150103,
		200,
		150,
		false,
		-200,
		1,
		600,
		5000,
		3000,
		3500,
		R._4,
		0,
		180,
		1,
		false,
		3000,
		50,
		3000,
		0,
		3000,
		500,
		5000,
		10,
		1200,
		2000,
		R._1,
	},
	[5150104]=
	{
		5150104,
		200,
		150,
		false,
		-200,
		1,
		600,
		5000,
		3000,
		3500,
		R._4,
		0,
		180,
		1,
		false,
		3000,
		50,
		3000,
		0,
		3000,
		500,
		5000,
		10,
		4000,
		2000,
		R._1,
	},
	[5150105]=
	{
		5150105,
		200,
		150,
		false,
		-200,
		1,
		600,
		5000,
		3000,
		3500,
		R._4,
		1200,
		180,
		0,
		false,
		3000,
		50,
		3000,
		0,
		3000,
		500,
		5000,
		10,
		4000,
		2000,
		R._1,
	},
	[5160101]=
	{
		5160101,
		600,
		150,
		false,
		-200,
		1,
		600,
		5000,
		3000,
		3500,
		R._4,
		450,
		180,
		1,
		false,
		3000,
		50,
		3000,
		0,
		3000,
		500,
		5000,
		10,
		1200,
		2000,
		R._1,
	},
	[5160102]=
	{
		5160102,
		600,
		150,
		false,
		-200,
		1,
		600,
		5000,
		3000,
		3500,
		R._4,
		900,
		180,
		1,
		false,
		3000,
		50,
		3000,
		0,
		3000,
		500,
		5000,
		10,
		4000,
		2000,
		R._1,
	},
	[5160103]=
	{
		5160103,
		600,
		150,
		false,
		-200,
		1,
		600,
		5000,
		3000,
		3500,
		R._4,
		0,
		180,
		1,
		false,
		3000,
		50,
		3000,
		0,
		3000,
		500,
		5000,
		10,
		1200,
		2000,
		R._1,
	},
	[5160104]=
	{
		5160104,
		600,
		150,
		false,
		-200,
		1,
		600,
		5000,
		3000,
		3500,
		R._4,
		0,
		180,
		1,
		false,
		3000,
		50,
		3000,
		0,
		3000,
		500,
		5000,
		10,
		4000,
		2000,
		R._1,
	},
	[5160105]=
	{
		5160105,
		600,
		150,
		false,
		-200,
		1,
		600,
		5000,
		3000,
		3500,
		R._4,
		1200,
		180,
		0,
		false,
		3000,
		50,
		3000,
		0,
		3000,
		500,
		5000,
		10,
		4000,
		2000,
		R._1,
	},
	[5170101]=
	{
		5170101,
		200,
		150,
		false,
		-200,
		1,
		600,
		5000,
		3000,
		3500,
		R._4,
		450,
		180,
		1,
		false,
		3000,
		50,
		3000,
		0,
		3000,
		500,
		5000,
		10,
		1200,
		2000,
		R._1,
	},
	[5170102]=
	{
		5170102,
		200,
		150,
		false,
		-200,
		1,
		600,
		5000,
		3000,
		3500,
		R._4,
		900,
		180,
		1,
		false,
		3000,
		50,
		3000,
		0,
		3000,
		500,
		5000,
		10,
		4000,
		2000,
		R._1,
	},
	[5170103]=
	{
		5170103,
		200,
		150,
		false,
		-200,
		1,
		600,
		5000,
		3000,
		3500,
		R._4,
		0,
		180,
		1,
		false,
		3000,
		50,
		3000,
		0,
		3000,
		500,
		5000,
		10,
		1200,
		2000,
		R._1,
	},
	[5170104]=
	{
		5170104,
		200,
		150,
		false,
		-200,
		1,
		600,
		5000,
		3000,
		3500,
		R._4,
		0,
		180,
		1,
		false,
		3000,
		50,
		3000,
		0,
		3000,
		500,
		5000,
		10,
		4000,
		2000,
		R._1,
	},
	[5170105]=
	{
		5170105,
		200,
		150,
		false,
		-200,
		1,
		600,
		5000,
		3000,
		3500,
		R._4,
		1200,
		180,
		0,
		false,
		3000,
		50,
		3000,
		0,
		3000,
		500,
		5000,
		10,
		4000,
		2000,
		R._1,
	},
	[5180101]=
	{
		5180101,
		600,
		150,
		false,
		-200,
		1,
		600,
		5000,
		3000,
		3500,
		R._4,
		450,
		180,
		1,
		false,
		3000,
		50,
		3000,
		0,
		3000,
		500,
		5000,
		10,
		1200,
		2000,
		R._1,
	},
	[5180102]=
	{
		5180102,
		600,
		150,
		false,
		-200,
		1,
		600,
		5000,
		3000,
		3500,
		R._4,
		900,
		180,
		1,
		false,
		3000,
		50,
		3000,
		0,
		3000,
		500,
		5000,
		10,
		4000,
		2000,
		R._1,
	},
	[5180103]=
	{
		5180103,
		600,
		150,
		false,
		-200,
		1,
		600,
		5000,
		3000,
		3500,
		R._4,
		0,
		180,
		1,
		false,
		3000,
		50,
		3000,
		0,
		3000,
		500,
		5000,
		10,
		1200,
		2000,
		R._1,
	},
	[5180104]=
	{
		5180104,
		600,
		150,
		false,
		-200,
		1,
		600,
		5000,
		3000,
		3500,
		R._4,
		0,
		180,
		1,
		false,
		3000,
		50,
		3000,
		0,
		3000,
		500,
		5000,
		10,
		4000,
		2000,
		R._1,
	},
	[5180105]=
	{
		5180105,
		600,
		150,
		false,
		-200,
		1,
		600,
		5000,
		3000,
		3500,
		R._4,
		1200,
		180,
		0,
		false,
		3000,
		50,
		3000,
		0,
		3000,
		500,
		5000,
		10,
		4000,
		2000,
		R._1,
	},
	[5200101]=
	{
		5200101,
		200,
		150,
		false,
		-200,
		1,
		600,
		5000,
		3000,
		3500,
		R._4,
		450,
		180,
		1,
		false,
		3000,
		50,
		3000,
		0,
		3000,
		500,
		5000,
		10,
		1200,
		2000,
		R._1,
	},
	[5200102]=
	{
		5200102,
		200,
		150,
		false,
		-200,
		1,
		600,
		5000,
		3000,
		3500,
		R._4,
		900,
		180,
		1,
		false,
		3000,
		50,
		3000,
		0,
		3000,
		500,
		5000,
		10,
		4000,
		2000,
		R._1,
	},
	[5200103]=
	{
		5200103,
		200,
		150,
		false,
		-200,
		1,
		600,
		5000,
		3000,
		3500,
		R._4,
		0,
		180,
		1,
		false,
		3000,
		50,
		3000,
		0,
		3000,
		500,
		5000,
		10,
		1200,
		2000,
		R._1,
	},
	[5200104]=
	{
		5200104,
		200,
		150,
		false,
		-200,
		1,
		600,
		5000,
		3000,
		3500,
		R._4,
		0,
		180,
		1,
		false,
		3000,
		50,
		3000,
		0,
		3000,
		500,
		5000,
		10,
		4000,
		2000,
		R._1,
	},
	[5200105]=
	{
		5200105,
		200,
		150,
		false,
		-200,
		1,
		600,
		5000,
		3000,
		3500,
		R._4,
		1200,
		180,
		0,
		false,
		3000,
		50,
		3000,
		0,
		3000,
		500,
		5000,
		10,
		4000,
		2000,
		R._1,
	},
	[5250101]=
	{
		5250101,
		200,
		150,
		false,
		-200,
		1,
		600,
		5000,
		3000,
		3500,
		R._4,
		450,
		180,
		1,
		false,
		3000,
		50,
		3000,
		0,
		3000,
		500,
		5000,
		10,
		1200,
		2000,
		R._1,
	},
	[5250102]=
	{
		5250102,
		200,
		150,
		false,
		-200,
		1,
		600,
		5000,
		3000,
		3500,
		R._4,
		900,
		180,
		1,
		false,
		3000,
		50,
		3000,
		0,
		3000,
		500,
		5000,
		10,
		4000,
		2000,
		R._1,
	},
	[5250103]=
	{
		5250103,
		200,
		150,
		false,
		-200,
		1,
		600,
		5000,
		3000,
		3500,
		R._4,
		0,
		180,
		1,
		false,
		3000,
		50,
		3000,
		0,
		3000,
		500,
		5000,
		10,
		1200,
		2000,
		R._1,
	},
	[5250104]=
	{
		5250104,
		200,
		150,
		false,
		-200,
		1,
		600,
		5000,
		3000,
		3500,
		R._4,
		0,
		180,
		1,
		false,
		3000,
		50,
		3000,
		0,
		3000,
		500,
		5000,
		10,
		4000,
		2000,
		R._1,
	},
	[5250105]=
	{
		5250105,
		200,
		150,
		false,
		-200,
		1,
		600,
		5000,
		3000,
		3500,
		R._4,
		1200,
		180,
		0,
		false,
		3000,
		50,
		3000,
		0,
		3000,
		500,
		5000,
		10,
		4000,
		2000,
		R._1,
	},
	[5330101]=
	{
		5330101,
		200,
		150,
		false,
		-200,
		1,
		600,
		5000,
		3000,
		3500,
		R._4,
		450,
		180,
		1,
		false,
		3000,
		50,
		3000,
		0,
		3000,
		500,
		5000,
		10,
		1200,
		2000,
		R._1,
	},
	[5330102]=
	{
		5330102,
		200,
		150,
		false,
		-200,
		1,
		600,
		5000,
		3000,
		3500,
		R._4,
		900,
		180,
		1,
		false,
		3000,
		50,
		3000,
		0,
		3000,
		500,
		5000,
		10,
		4000,
		2000,
		R._1,
	},
	[5330103]=
	{
		5330103,
		200,
		150,
		false,
		-200,
		1,
		600,
		5000,
		3000,
		3500,
		R._4,
		0,
		180,
		1,
		false,
		3000,
		50,
		3000,
		0,
		3000,
		500,
		5000,
		10,
		1200,
		2000,
		R._1,
	},
	[5330104]=
	{
		5330104,
		200,
		150,
		false,
		-200,
		1,
		600,
		5000,
		3000,
		3500,
		R._4,
		0,
		180,
		1,
		false,
		3000,
		50,
		3000,
		0,
		3000,
		500,
		5000,
		10,
		4000,
		2000,
		R._1,
	},
	[5330105]=
	{
		5330105,
		200,
		150,
		false,
		-200,
		1,
		600,
		5000,
		3000,
		3500,
		R._4,
		1200,
		180,
		0,
		false,
		3000,
		50,
		3000,
		0,
		3000,
		500,
		5000,
		10,
		4000,
		2000,
		R._1,
	},
	[5340101]=
	{
		5340101,
		200,
		150,
		false,
		-200,
		1,
		600,
		5000,
		3000,
		3500,
		R._4,
		450,
		180,
		1,
		false,
		3000,
		50,
		3000,
		0,
		3000,
		500,
		5000,
		10,
		1200,
		2000,
		R._1,
	},
	[5340102]=
	{
		5340102,
		200,
		150,
		false,
		-200,
		1,
		600,
		5000,
		3000,
		3500,
		R._4,
		900,
		180,
		1,
		false,
		3000,
		50,
		3000,
		0,
		3000,
		500,
		5000,
		10,
		4000,
		2000,
		R._1,
	},
	[5340103]=
	{
		5340103,
		200,
		150,
		false,
		-200,
		1,
		600,
		5000,
		3000,
		3500,
		R._4,
		0,
		180,
		1,
		false,
		3000,
		50,
		3000,
		0,
		3000,
		500,
		5000,
		10,
		1200,
		2000,
		R._1,
	},
	[5340104]=
	{
		5340104,
		200,
		150,
		false,
		-200,
		1,
		600,
		5000,
		3000,
		3500,
		R._4,
		0,
		180,
		1,
		false,
		3000,
		50,
		3000,
		0,
		3000,
		500,
		5000,
		10,
		4000,
		2000,
		R._1,
	},
	[5340105]=
	{
		5340105,
		200,
		150,
		false,
		-200,
		1,
		600,
		5000,
		3000,
		3500,
		R._4,
		1200,
		180,
		0,
		false,
		3000,
		50,
		3000,
		0,
		3000,
		500,
		5000,
		10,
		4000,
		2000,
		R._1,
	},
	[5360101]=
	{
		5360101,
		400,
		150,
		false,
		-200,
		1,
		600,
		5000,
		3000,
		3500,
		R._4,
		450,
		180,
		1,
		false,
		3000,
		50,
		3000,
		0,
		3000,
		500,
		5000,
		10,
		1200,
		2000,
		R._1,
	},
	[5360102]=
	{
		5360102,
		400,
		150,
		false,
		-200,
		1,
		600,
		5000,
		3000,
		3500,
		R._4,
		900,
		180,
		1,
		false,
		3000,
		50,
		3000,
		0,
		3000,
		500,
		5000,
		10,
		4000,
		2000,
		R._1,
	},
	[5360103]=
	{
		5360103,
		400,
		150,
		false,
		-200,
		1,
		600,
		5000,
		3000,
		3500,
		R._4,
		0,
		180,
		1,
		false,
		3000,
		50,
		3000,
		0,
		3000,
		500,
		5000,
		10,
		1200,
		2000,
		R._1,
	},
	[5360104]=
	{
		5360104,
		400,
		150,
		false,
		-200,
		1,
		600,
		5000,
		3000,
		3500,
		R._4,
		0,
		180,
		1,
		false,
		3000,
		50,
		3000,
		0,
		3000,
		500,
		5000,
		10,
		4000,
		2000,
		R._1,
	},
	[5360105]=
	{
		5360105,
		400,
		150,
		false,
		-200,
		1,
		600,
		5000,
		3000,
		3500,
		R._4,
		1200,
		180,
		0,
		false,
		3000,
		50,
		3000,
		0,
		3000,
		500,
		5000,
		10,
		4000,
		2000,
		R._1,
	},
	[8010101]=
	{
		8010101,
		200,
		0,
		false,
		-300,
		1,
		400,
		5000,
		3000,
		0,
		{},
		0,
		180,
		1,
		false,
		3000,
		50,
		3000,
		0,
		3000,
		500,
		5000,
		10,
		600,
		2000,
		R._5,
	},
	[9010101]=
	{
		9010101,
		250,
		0,
		false,
		0,
		3,
		300,
		0,
		0,
		0,
		{},
		0,
		180,
		1,
		false,
		3000,
		50,
		3000,
		0,
		3000,
		500,
		5000,
		10,
		900,
		2000,
		R._2,
	},
	[9010102]=
	{
		9010102,
		250,
		0,
		false,
		-200,
		1,
		400,
		5000,
		3000,
		0,
		{},
		700,
		180,
		1,
		false,
		3000,
		50,
		3000,
		0,
		3000,
		500,
		5000,
		10,
		1200,
		2000,
		R._1,
	},
	[9010211]=
	{
		9010211,
		250,
		0,
		false,
		-200,
		1,
		400,
		5000,
		3000,
		0,
		{},
		700,
		180,
		1,
		false,
		3000,
		50,
		3000,
		0,
		3000,
		500,
		5000,
		10,
		6000,
		2000,
		R._1,
	},
	[9020101]=
	{
		9020101,
		600,
		0,
		false,
		0,
		3,
		300,
		0,
		0,
		0,
		{},
		0,
		180,
		0,
		false,
		3000,
		50,
		3000,
		0,
		3000,
		500,
		5000,
		10,
		900,
		2000,
		R._2,
	},
	[9020102]=
	{
		9020102,
		600,
		0,
		false,
		-200,
		1,
		400,
		5000,
		3000,
		0,
		{},
		700,
		180,
		1,
		false,
		3000,
		50,
		3000,
		0,
		3000,
		500,
		5000,
		10,
		1200,
		2000,
		R._1,
	},
	[9030101]=
	{
		9030101,
		250,
		0,
		false,
		0,
		3,
		300,
		0,
		0,
		0,
		{},
		0,
		180,
		0,
		false,
		3000,
		50,
		3000,
		0,
		3000,
		500,
		5000,
		10,
		900,
		2000,
		R._2,
	},
	[9030102]=
	{
		9030102,
		250,
		0,
		false,
		-200,
		1,
		400,
		5000,
		3000,
		0,
		{},
		700,
		180,
		0,
		false,
		3000,
		50,
		3000,
		0,
		3000,
		500,
		5000,
		10,
		1200,
		2000,
		R._1,
	},
	[9040101]=
	{
		9040101,
		700,
		0,
		false,
		0,
		3,
		300,
		0,
		0,
		0,
		{},
		0,
		180,
		0,
		false,
		3000,
		50,
		3000,
		0,
		3000,
		500,
		5000,
		10,
		900,
		2000,
		R._2,
	},
	[9040102]=
	{
		9040102,
		700,
		0,
		false,
		-200,
		1,
		400,
		5000,
		3000,
		0,
		{},
		700,
		180,
		1,
		false,
		3000,
		50,
		3000,
		0,
		3000,
		500,
		5000,
		10,
		1200,
		2000,
		R._1,
	},
	[9050101]=
	{
		9050101,
		250,
		0,
		false,
		0,
		3,
		300,
		0,
		0,
		0,
		{},
		0,
		180,
		0,
		false,
		3000,
		50,
		3000,
		0,
		3000,
		500,
		5000,
		10,
		900,
		2000,
		R._2,
	},
	[9050102]=
	{
		9050102,
		250,
		0,
		false,
		-200,
		1,
		400,
		5000,
		3000,
		0,
		{},
		700,
		180,
		1,
		false,
		3000,
		50,
		3000,
		0,
		3000,
		500,
		5000,
		10,
		1200,
		2000,
		R._1,
	},
	[9060101]=
	{
		9060101,
		250,
		0,
		false,
		0,
		3,
		300,
		0,
		0,
		0,
		{},
		0,
		180,
		0,
		false,
		3000,
		50,
		3000,
		0,
		3000,
		500,
		5000,
		10,
		900,
		2000,
		R._2,
	},
	[9060211]=
	{
		9060211,
		250,
		0,
		false,
		-200,
		1,
		400,
		5000,
		3000,
		0,
		{},
		700,
		180,
		1,
		false,
		3000,
		50,
		3000,
		0,
		3000,
		500,
		5000,
		10,
		6000,
		2000,
		R._1,
	},
	[9070101]=
	{
		9070101,
		250,
		0,
		false,
		0,
		3,
		300,
		0,
		0,
		0,
		{},
		0,
		180,
		0,
		false,
		3000,
		50,
		3000,
		0,
		3000,
		500,
		5000,
		10,
		900,
		2000,
		R._2,
	},
	[9070201]=
	{
		9070201,
		250,
		0,
		false,
		-200,
		1,
		600,
		5000,
		3000,
		0,
		{},
		450,
		180,
		1,
		false,
		3000,
		50,
		3000,
		0,
		3000,
		500,
		5000,
		10,
		1200,
		2000,
		R._1,
	},
	[9070202]=
	{
		9070202,
		250,
		0,
		false,
		-200,
		1,
		600,
		5000,
		3000,
		0,
		{},
		900,
		180,
		1,
		false,
		3000,
		50,
		3000,
		0,
		3000,
		500,
		5000,
		10,
		4000,
		2000,
		R._1,
	},
	[9070203]=
	{
		9070203,
		250,
		0,
		false,
		-200,
		1,
		600,
		5000,
		3000,
		0,
		{},
		0,
		180,
		1,
		false,
		3000,
		50,
		3000,
		0,
		3000,
		500,
		5000,
		10,
		1200,
		2000,
		R._1,
	},
	[9070204]=
	{
		9070204,
		250,
		0,
		false,
		-200,
		1,
		600,
		5000,
		3000,
		0,
		{},
		0,
		180,
		1,
		false,
		3000,
		50,
		3000,
		0,
		3000,
		500,
		5000,
		10,
		4000,
		2000,
		R._1,
	},
	[9070205]=
	{
		9070205,
		250,
		0,
		false,
		-200,
		1,
		600,
		5000,
		3000,
		0,
		{},
		1200,
		180,
		0,
		false,
		3000,
		50,
		3000,
		0,
		3000,
		500,
		5000,
		10,
		4000,
		2000,
		R._1,
	},
	[9070211]=
	{
		9070211,
		250,
		0,
		false,
		-200,
		1,
		400,
		5000,
		3000,
		0,
		{},
		700,
		180,
		1,
		false,
		3000,
		50,
		3000,
		0,
		3000,
		500,
		5000,
		10,
		6000,
		2000,
		R._1,
	},
	[9080101]=
	{
		9080101,
		160,
		0,
		false,
		0,
		3,
		300,
		0,
		0,
		0,
		{},
		0,
		180,
		0,
		false,
		3000,
		50,
		3000,
		0,
		3000,
		500,
		5000,
		10,
		900,
		2000,
		R._2,
	},
	[9080111]=
	{
		9080111,
		160,
		150,
		false,
		-200,
		1,
		600,
		5000,
		3000,
		3500,
		R._4,
		450,
		180,
		1,
		false,
		3000,
		50,
		3000,
		0,
		3000,
		500,
		5000,
		10,
		1200,
		2000,
		R._1,
	},
	[9080112]=
	{
		9080112,
		160,
		150,
		false,
		-200,
		1,
		600,
		5000,
		3000,
		3500,
		R._4,
		900,
		180,
		1,
		false,
		3000,
		50,
		3000,
		0,
		3000,
		500,
		5000,
		10,
		4000,
		2000,
		R._1,
	},
	[9080113]=
	{
		9080113,
		160,
		150,
		false,
		-200,
		1,
		600,
		5000,
		3000,
		3500,
		R._4,
		0,
		180,
		1,
		false,
		3000,
		50,
		3000,
		0,
		3000,
		500,
		5000,
		10,
		1200,
		2000,
		R._1,
	},
	[9080114]=
	{
		9080114,
		160,
		150,
		false,
		-200,
		1,
		600,
		5000,
		3000,
		3500,
		R._4,
		0,
		180,
		1,
		false,
		3000,
		50,
		3000,
		0,
		3000,
		500,
		5000,
		10,
		4000,
		2000,
		R._1,
	},
	[9080115]=
	{
		9080115,
		160,
		150,
		false,
		-200,
		1,
		600,
		5000,
		3000,
		3500,
		R._4,
		1200,
		180,
		0,
		false,
		3000,
		50,
		3000,
		0,
		3000,
		500,
		5000,
		10,
		4000,
		2000,
		R._1,
	},
	[9100101]=
	{
		9100101,
		250,
		0,
		false,
		0,
		3,
		300,
		0,
		0,
		0,
		{},
		0,
		180,
		0,
		false,
		3000,
		50,
		3000,
		0,
		3000,
		500,
		5000,
		10,
		900,
		2000,
		R._2,
	},
	[9100211]=
	{
		9100211,
		250,
		0,
		false,
		-200,
		1,
		400,
		5000,
		3000,
		0,
		{},
		700,
		180,
		1,
		false,
		3000,
		50,
		3000,
		0,
		3000,
		500,
		5000,
		10,
		6000,
		2000,
		R._1,
	},
	[9110101]=
	{
		9110101,
		500,
		0,
		false,
		-200,
		1,
		600,
		5000,
		3000,
		3500,
		{},
		450,
		180,
		1,
		false,
		3000,
		50,
		3000,
		0,
		3000,
		500,
		5000,
		10,
		1200,
		2000,
		R._1,
	},
	[9110102]=
	{
		9110102,
		500,
		0,
		false,
		-200,
		1,
		600,
		5000,
		3000,
		3500,
		{},
		900,
		180,
		1,
		false,
		3000,
		50,
		3000,
		0,
		3000,
		500,
		5000,
		10,
		4000,
		2000,
		R._1,
	},
	[9110103]=
	{
		9110103,
		500,
		0,
		false,
		-200,
		1,
		600,
		5000,
		3000,
		3500,
		{},
		0,
		180,
		1,
		false,
		3000,
		50,
		3000,
		0,
		3000,
		500,
		5000,
		10,
		1200,
		2000,
		R._1,
	},
	[9110104]=
	{
		9110104,
		500,
		0,
		false,
		-200,
		1,
		600,
		5000,
		3000,
		3500,
		{},
		0,
		180,
		1,
		false,
		3000,
		50,
		3000,
		0,
		3000,
		500,
		5000,
		10,
		4000,
		2000,
		R._1,
	},
	[9110105]=
	{
		9110105,
		500,
		0,
		false,
		-200,
		1,
		600,
		5000,
		3000,
		3500,
		{},
		1200,
		180,
		0,
		false,
		3000,
		50,
		3000,
		0,
		3000,
		500,
		5000,
		10,
		4000,
		2000,
		R._1,
	},
	[9120101]=
	{
		9120101,
		700,
		0,
		false,
		0,
		3,
		300,
		0,
		0,
		0,
		{},
		0,
		180,
		0,
		false,
		3000,
		50,
		3000,
		0,
		3000,
		500,
		5000,
		10,
		900,
		2000,
		R._2,
	},
	[9120102]=
	{
		9120102,
		700,
		0,
		false,
		-200,
		1,
		400,
		5000,
		3000,
		0,
		{},
		700,
		180,
		1,
		false,
		3000,
		50,
		3000,
		0,
		3000,
		500,
		5000,
		10,
		1200,
		2000,
		R._1,
	},
	[9130101]=
	{
		9130101,
		250,
		0,
		false,
		0,
		3,
		300,
		0,
		0,
		0,
		{},
		0,
		180,
		0,
		false,
		3000,
		50,
		3000,
		0,
		3000,
		500,
		5000,
		10,
		900,
		2000,
		R._2,
	},
	[9130102]=
	{
		9130102,
		250,
		0,
		false,
		-200,
		1,
		400,
		5000,
		3000,
		0,
		{},
		700,
		180,
		1,
		false,
		3000,
		50,
		3000,
		0,
		3000,
		500,
		5000,
		10,
		1200,
		2000,
		R._1,
	},
	[9150101]=
	{
		9150101,
		700,
		0,
		false,
		0,
		3,
		300,
		0,
		0,
		0,
		{},
		0,
		180,
		0,
		false,
		3000,
		50,
		3000,
		0,
		3000,
		500,
		5000,
		10,
		900,
		2000,
		R._2,
	},
	[9150102]=
	{
		9150102,
		700,
		0,
		false,
		-200,
		1,
		400,
		5000,
		3000,
		0,
		{},
		700,
		180,
		1,
		false,
		3000,
		50,
		3000,
		0,
		3000,
		500,
		5000,
		10,
		1200,
		2000,
		R._1,
	},
	[9160101]=
	{
		9160101,
		700,
		0,
		false,
		0,
		3,
		300,
		0,
		0,
		0,
		{},
		0,
		180,
		0,
		false,
		3000,
		50,
		3000,
		0,
		3000,
		500,
		5000,
		10,
		900,
		2000,
		R._2,
	},
	[9160102]=
	{
		9160102,
		700,
		0,
		false,
		-200,
		1,
		400,
		5000,
		3000,
		0,
		{},
		700,
		180,
		1,
		false,
		3000,
		50,
		3000,
		0,
		3000,
		500,
		5000,
		10,
		1200,
		2000,
		R._1,
	},
	[9170101]=
	{
		9170101,
		700,
		0,
		false,
		0,
		3,
		300,
		0,
		0,
		0,
		{},
		0,
		180,
		0,
		false,
		3000,
		50,
		3000,
		0,
		3000,
		500,
		5000,
		10,
		900,
		2000,
		R._2,
	},
	[9170102]=
	{
		9170102,
		700,
		0,
		false,
		-200,
		1,
		400,
		5000,
		3000,
		0,
		{},
		700,
		180,
		1,
		false,
		3000,
		50,
		3000,
		0,
		3000,
		500,
		5000,
		10,
		1200,
		2000,
		R._1,
	},
	[9170211]=
	{
		9170211,
		700,
		0,
		false,
		-200,
		1,
		400,
		5000,
		3000,
		0,
		{},
		700,
		180,
		0,
		false,
		3000,
		50,
		3000,
		0,
		3000,
		500,
		5000,
		10,
		6000,
		2000,
		R._1,
	},
	[9190101]=
	{
		9190101,
		250,
		0,
		false,
		0,
		3,
		300,
		0,
		0,
		0,
		{},
		0,
		180,
		0,
		false,
		3000,
		50,
		3000,
		0,
		3000,
		500,
		5000,
		10,
		900,
		2000,
		R._2,
	},
	[9190102]=
	{
		9190102,
		250,
		0,
		false,
		-200,
		1,
		400,
		5000,
		3000,
		0,
		{},
		700,
		180,
		1,
		false,
		3000,
		50,
		3000,
		0,
		3000,
		500,
		5000,
		10,
		1200,
		2000,
		R._1,
	},
	[9190111]=
	{
		9190111,
		250,
		150,
		false,
		-200,
		1,
		600,
		5000,
		3000,
		3500,
		R._4,
		450,
		180,
		1,
		false,
		3000,
		50,
		3000,
		0,
		3000,
		500,
		5000,
		10,
		1200,
		2000,
		R._1,
	},
	[9190112]=
	{
		9190112,
		250,
		150,
		false,
		-200,
		1,
		600,
		5000,
		3000,
		3500,
		R._4,
		900,
		180,
		1,
		false,
		3000,
		50,
		3000,
		0,
		3000,
		500,
		5000,
		10,
		4000,
		2000,
		R._1,
	},
	[9190113]=
	{
		9190113,
		250,
		150,
		false,
		-200,
		1,
		600,
		5000,
		3000,
		3500,
		R._4,
		0,
		180,
		1,
		false,
		3000,
		50,
		3000,
		0,
		3000,
		500,
		5000,
		10,
		1200,
		2000,
		R._1,
	},
	[9190114]=
	{
		9190114,
		250,
		150,
		false,
		-200,
		1,
		600,
		5000,
		3000,
		3500,
		R._4,
		0,
		180,
		1,
		false,
		3000,
		50,
		3000,
		0,
		3000,
		500,
		5000,
		10,
		4000,
		2000,
		R._1,
	},
	[9190115]=
	{
		9190115,
		250,
		150,
		false,
		-200,
		1,
		600,
		5000,
		3000,
		3500,
		R._4,
		1200,
		180,
		0,
		false,
		3000,
		50,
		3000,
		0,
		3000,
		500,
		5000,
		10,
		4000,
		2000,
		R._1,
	},
	[9190211]=
	{
		9190211,
		250,
		0,
		false,
		-200,
		1,
		400,
		5000,
		3000,
		0,
		{},
		700,
		180,
		1,
		false,
		3000,
		50,
		3000,
		0,
		3000,
		500,
		5000,
		10,
		6000,
		2000,
		R._1,
	},
	[9200101]=
	{
		9200101,
		700,
		0,
		false,
		0,
		3,
		300,
		0,
		0,
		0,
		{},
		0,
		180,
		0,
		false,
		3000,
		50,
		3000,
		0,
		3000,
		500,
		5000,
		10,
		900,
		2000,
		R._2,
	},
	[9200102]=
	{
		9200102,
		700,
		0,
		false,
		-200,
		1,
		400,
		5000,
		3000,
		0,
		{},
		700,
		180,
		1,
		false,
		3000,
		50,
		3000,
		0,
		3000,
		500,
		5000,
		10,
		1200,
		2000,
		R._1,
	},
	[9210101]=
	{
		9210101,
		700,
		0,
		false,
		0,
		3,
		300,
		0,
		0,
		0,
		{},
		0,
		180,
		0,
		false,
		3000,
		50,
		3000,
		0,
		3000,
		500,
		5000,
		10,
		900,
		2000,
		R._2,
	},
	[9210102]=
	{
		9210102,
		700,
		0,
		false,
		-200,
		1,
		400,
		5000,
		3000,
		0,
		{},
		700,
		180,
		1,
		false,
		3000,
		50,
		3000,
		0,
		3000,
		500,
		5000,
		10,
		1200,
		2000,
		R._1,
	},
	[9210211]=
	{
		9210211,
		700,
		0,
		false,
		-200,
		1,
		400,
		5000,
		3000,
		0,
		{},
		700,
		180,
		0,
		false,
		3000,
		50,
		3000,
		0,
		3000,
		500,
		5000,
		10,
		6000,
		2000,
		R._1,
	},
	[9220101]=
	{
		9220101,
		700,
		0,
		false,
		0,
		3,
		300,
		0,
		0,
		0,
		{},
		0,
		180,
		0,
		false,
		3000,
		50,
		3000,
		0,
		3000,
		500,
		5000,
		10,
		900,
		2000,
		R._2,
	},
	[9220102]=
	{
		9220102,
		700,
		0,
		false,
		-200,
		1,
		400,
		5000,
		3000,
		0,
		{},
		700,
		180,
		1,
		false,
		3000,
		50,
		3000,
		0,
		3000,
		500,
		5000,
		10,
		1200,
		2000,
		R._1,
	},
	[9390211]=
	{
		9390211,
		700,
		0,
		false,
		-200,
		1,
		400,
		5000,
		3000,
		0,
		{},
		700,
		180,
		0,
		false,
		3000,
		50,
		3000,
		0,
		3000,
		500,
		5000,
		10,
		6000,
		2000,
		R._1,
	},
	[9410101]=
	{
		9410101,
		700,
		0,
		false,
		0,
		3,
		300,
		0,
		0,
		0,
		{},
		0,
		180,
		0,
		false,
		3000,
		50,
		3000,
		0,
		3000,
		500,
		5000,
		10,
		900,
		2000,
		R._2,
	},
	[9010111]=
	{
		9010111,
		250,
		200,
		false,
		-200,
		1,
		600,
		5000,
		3000,
		3500,
		R._4,
		450,
		180,
		1,
		false,
		3000,
		50,
		3000,
		0,
		3000,
		500,
		5000,
		10,
		1200,
		2000,
		R._1,
	},
	[9010112]=
	{
		9010112,
		250,
		200,
		false,
		-200,
		1,
		600,
		5000,
		3000,
		3500,
		R._4,
		900,
		180,
		1,
		false,
		3000,
		50,
		3000,
		0,
		3000,
		500,
		5000,
		10,
		4000,
		2000,
		R._1,
	},
	[9010113]=
	{
		9010113,
		250,
		200,
		false,
		-200,
		1,
		600,
		5000,
		3000,
		3500,
		R._4,
		0,
		180,
		1,
		false,
		3000,
		50,
		3000,
		0,
		3000,
		500,
		5000,
		10,
		1200,
		2000,
		R._1,
	},
	[9010114]=
	{
		9010114,
		250,
		200,
		false,
		-200,
		1,
		600,
		5000,
		3000,
		3500,
		R._4,
		0,
		180,
		1,
		false,
		3000,
		50,
		3000,
		0,
		3000,
		500,
		5000,
		10,
		4000,
		2000,
		R._1,
	},
	[9010115]=
	{
		9010115,
		250,
		200,
		false,
		-200,
		1,
		600,
		5000,
		3000,
		3500,
		R._4,
		1200,
		180,
		0,
		false,
		3000,
		50,
		3000,
		0,
		3000,
		500,
		5000,
		10,
		4000,
		2000,
		R._1,
	},
	[9040111]=
	{
		9040111,
		600,
		200,
		false,
		-200,
		1,
		600,
		5000,
		3000,
		3500,
		R._4,
		450,
		180,
		1,
		false,
		3000,
		50,
		3000,
		0,
		3000,
		500,
		5000,
		10,
		1200,
		2000,
		R._1,
	},
	[9040112]=
	{
		9040112,
		600,
		200,
		false,
		-200,
		1,
		600,
		5000,
		3000,
		3500,
		R._4,
		900,
		180,
		1,
		false,
		3000,
		50,
		3000,
		0,
		3000,
		500,
		5000,
		10,
		4000,
		2000,
		R._1,
	},
	[9040113]=
	{
		9040113,
		600,
		200,
		false,
		-200,
		1,
		600,
		5000,
		3000,
		3500,
		R._4,
		0,
		180,
		1,
		false,
		3000,
		50,
		3000,
		0,
		3000,
		500,
		5000,
		10,
		1200,
		2000,
		R._1,
	},
	[9040114]=
	{
		9040114,
		600,
		200,
		false,
		-200,
		1,
		600,
		5000,
		3000,
		3500,
		R._4,
		0,
		180,
		1,
		false,
		3000,
		50,
		3000,
		0,
		3000,
		500,
		5000,
		10,
		4000,
		2000,
		R._1,
	},
	[9040115]=
	{
		9040115,
		600,
		200,
		false,
		-200,
		1,
		600,
		5000,
		3000,
		3500,
		R._4,
		1200,
		180,
		0,
		false,
		3000,
		50,
		3000,
		0,
		3000,
		500,
		5000,
		10,
		4000,
		2000,
		R._1,
	},
	[9060111]=
	{
		9060111,
		250,
		200,
		false,
		-200,
		1,
		600,
		5000,
		3000,
		3500,
		R._4,
		450,
		180,
		1,
		false,
		3000,
		50,
		3000,
		0,
		3000,
		500,
		5000,
		10,
		1200,
		2000,
		R._1,
	},
	[9060112]=
	{
		9060112,
		250,
		200,
		false,
		-200,
		1,
		600,
		5000,
		3000,
		3500,
		R._4,
		900,
		180,
		1,
		false,
		3000,
		50,
		3000,
		0,
		3000,
		500,
		5000,
		10,
		4000,
		2000,
		R._1,
	},
	[9060113]=
	{
		9060113,
		250,
		200,
		false,
		-200,
		1,
		600,
		5000,
		3000,
		3500,
		R._4,
		0,
		180,
		1,
		false,
		3000,
		50,
		3000,
		0,
		3000,
		500,
		5000,
		10,
		1200,
		2000,
		R._1,
	},
	[9060114]=
	{
		9060114,
		250,
		200,
		false,
		-200,
		1,
		600,
		5000,
		3000,
		3500,
		R._4,
		0,
		180,
		1,
		false,
		3000,
		50,
		3000,
		0,
		3000,
		500,
		5000,
		10,
		4000,
		2000,
		R._1,
	},
	[9060115]=
	{
		9060115,
		250,
		200,
		false,
		-200,
		1,
		600,
		5000,
		3000,
		3500,
		R._4,
		1200,
		180,
		0,
		false,
		3000,
		50,
		3000,
		0,
		3000,
		500,
		5000,
		10,
		4000,
		2000,
		R._1,
	},
	[9080121]=
	{
		9080121,
		250,
		200,
		false,
		-200,
		1,
		600,
		5000,
		3000,
		3500,
		R._4,
		450,
		180,
		1,
		false,
		3000,
		50,
		3000,
		0,
		3000,
		500,
		5000,
		10,
		1200,
		2000,
		R._1,
	},
	[9080122]=
	{
		9080122,
		250,
		200,
		false,
		-200,
		1,
		600,
		5000,
		3000,
		3500,
		R._4,
		900,
		180,
		1,
		false,
		3000,
		50,
		3000,
		0,
		3000,
		500,
		5000,
		10,
		4000,
		2000,
		R._1,
	},
	[9080123]=
	{
		9080123,
		250,
		200,
		false,
		-200,
		1,
		600,
		5000,
		3000,
		3500,
		R._4,
		0,
		180,
		1,
		false,
		3000,
		50,
		3000,
		0,
		3000,
		500,
		5000,
		10,
		1200,
		2000,
		R._1,
	},
	[9080124]=
	{
		9080124,
		250,
		200,
		false,
		-200,
		1,
		600,
		5000,
		3000,
		3500,
		R._4,
		0,
		180,
		1,
		false,
		3000,
		50,
		3000,
		0,
		3000,
		500,
		5000,
		10,
		4000,
		2000,
		R._1,
	},
	[9080125]=
	{
		9080125,
		250,
		200,
		false,
		-200,
		1,
		600,
		5000,
		3000,
		3500,
		R._4,
		1200,
		180,
		0,
		false,
		3000,
		50,
		3000,
		0,
		3000,
		500,
		5000,
		10,
		4000,
		2000,
		R._1,
	},
	[9110111]=
	{
		9110111,
		600,
		200,
		false,
		-200,
		1,
		600,
		5000,
		3000,
		3500,
		R._4,
		450,
		180,
		1,
		false,
		3000,
		50,
		3000,
		0,
		3000,
		500,
		5000,
		10,
		1200,
		2000,
		R._1,
	},
	[9110112]=
	{
		9110112,
		600,
		200,
		false,
		-200,
		1,
		600,
		5000,
		3000,
		3500,
		R._4,
		900,
		180,
		1,
		false,
		3000,
		50,
		3000,
		0,
		3000,
		500,
		5000,
		10,
		4000,
		2000,
		R._1,
	},
	[9110113]=
	{
		9110113,
		600,
		200,
		false,
		-200,
		1,
		600,
		5000,
		3000,
		3500,
		R._4,
		0,
		180,
		1,
		false,
		3000,
		50,
		3000,
		0,
		3000,
		500,
		5000,
		10,
		1200,
		2000,
		R._1,
	},
	[9110114]=
	{
		9110114,
		600,
		200,
		false,
		-200,
		1,
		600,
		5000,
		3000,
		3500,
		R._4,
		0,
		180,
		1,
		false,
		3000,
		50,
		3000,
		0,
		3000,
		500,
		5000,
		10,
		4000,
		2000,
		R._1,
	},
	[9110115]=
	{
		9110115,
		600,
		200,
		false,
		-200,
		1,
		600,
		5000,
		3000,
		3500,
		R._4,
		1200,
		180,
		0,
		false,
		3000,
		50,
		3000,
		0,
		3000,
		500,
		5000,
		10,
		4000,
		2000,
		R._1,
	},
	[9120111]=
	{
		9120111,
		250,
		200,
		false,
		-200,
		1,
		600,
		5000,
		3000,
		3500,
		R._4,
		450,
		180,
		1,
		false,
		3000,
		50,
		3000,
		0,
		3000,
		500,
		5000,
		10,
		1200,
		2000,
		R._1,
	},
	[9120112]=
	{
		9120112,
		250,
		200,
		false,
		-200,
		1,
		600,
		5000,
		3000,
		3500,
		R._4,
		900,
		180,
		1,
		false,
		3000,
		50,
		3000,
		0,
		3000,
		500,
		5000,
		10,
		4000,
		2000,
		R._1,
	},
	[9120113]=
	{
		9120113,
		250,
		200,
		false,
		-200,
		1,
		600,
		5000,
		3000,
		3500,
		R._4,
		0,
		180,
		1,
		false,
		3000,
		50,
		3000,
		0,
		3000,
		500,
		5000,
		10,
		1200,
		2000,
		R._1,
	},
	[9120114]=
	{
		9120114,
		250,
		200,
		false,
		-200,
		1,
		600,
		5000,
		3000,
		3500,
		R._4,
		0,
		180,
		1,
		false,
		3000,
		50,
		3000,
		0,
		3000,
		500,
		5000,
		10,
		4000,
		2000,
		R._1,
	},
	[9120115]=
	{
		9120115,
		250,
		200,
		false,
		-200,
		1,
		600,
		5000,
		3000,
		3500,
		R._4,
		1200,
		180,
		0,
		false,
		3000,
		50,
		3000,
		0,
		3000,
		500,
		5000,
		10,
		4000,
		2000,
		R._1,
	},
	[9190121]=
	{
		9190121,
		250,
		200,
		false,
		-200,
		1,
		600,
		5000,
		3000,
		3500,
		R._4,
		450,
		180,
		1,
		false,
		3000,
		50,
		3000,
		0,
		3000,
		500,
		5000,
		10,
		1200,
		2000,
		R._1,
	},
	[9190122]=
	{
		9190122,
		250,
		200,
		false,
		-200,
		1,
		600,
		5000,
		3000,
		3500,
		R._4,
		900,
		180,
		1,
		false,
		3000,
		50,
		3000,
		0,
		3000,
		500,
		5000,
		10,
		4000,
		2000,
		R._1,
	},
	[9190123]=
	{
		9190123,
		250,
		200,
		false,
		-200,
		1,
		600,
		5000,
		3000,
		3500,
		R._4,
		0,
		180,
		1,
		false,
		3000,
		50,
		3000,
		0,
		3000,
		500,
		5000,
		10,
		1200,
		2000,
		R._1,
	},
	[9190124]=
	{
		9190124,
		250,
		200,
		false,
		-200,
		1,
		600,
		5000,
		3000,
		3500,
		R._4,
		0,
		180,
		1,
		false,
		3000,
		50,
		3000,
		0,
		3000,
		500,
		5000,
		10,
		4000,
		2000,
		R._1,
	},
	[9190125]=
	{
		9190125,
		250,
		200,
		false,
		-200,
		1,
		600,
		5000,
		3000,
		3500,
		R._4,
		1200,
		180,
		0,
		false,
		3000,
		50,
		3000,
		0,
		3000,
		500,
		5000,
		10,
		4000,
		2000,
		R._1,
	},
	[9390111]=
	{
		9390111,
		600,
		200,
		false,
		-200,
		1,
		600,
		5000,
		3000,
		3500,
		R._4,
		450,
		180,
		1,
		false,
		3000,
		50,
		3000,
		0,
		3000,
		500,
		5000,
		10,
		1200,
		2000,
		R._1,
	},
	[9390112]=
	{
		9390112,
		600,
		200,
		false,
		-200,
		1,
		600,
		5000,
		3000,
		3500,
		R._4,
		900,
		180,
		1,
		false,
		3000,
		50,
		3000,
		0,
		3000,
		500,
		5000,
		10,
		4000,
		2000,
		R._1,
	},
	[9390113]=
	{
		9390113,
		600,
		200,
		false,
		-200,
		1,
		600,
		5000,
		3000,
		3500,
		R._4,
		0,
		180,
		1,
		false,
		3000,
		50,
		3000,
		0,
		3000,
		500,
		5000,
		10,
		1200,
		2000,
		R._1,
	},
	[9390114]=
	{
		9390114,
		600,
		200,
		false,
		-200,
		1,
		600,
		5000,
		3000,
		3500,
		R._4,
		0,
		180,
		1,
		false,
		3000,
		50,
		3000,
		0,
		3000,
		500,
		5000,
		10,
		4000,
		2000,
		R._1,
	},
	[9390115]=
	{
		9390115,
		600,
		200,
		false,
		-200,
		1,
		600,
		5000,
		3000,
		3500,
		R._4,
		1200,
		180,
		0,
		false,
		3000,
		50,
		3000,
		0,
		3000,
		500,
		5000,
		10,
		4000,
		2000,
		R._1,
	},
	[9420111]=
	{
		9420111,
		250,
		200,
		false,
		-200,
		1,
		600,
		5000,
		3000,
		3500,
		R._4,
		450,
		180,
		1,
		false,
		3000,
		50,
		3000,
		0,
		3000,
		500,
		5000,
		10,
		1200,
		2000,
		R._1,
	},
	[9420112]=
	{
		9420112,
		250,
		200,
		false,
		-200,
		1,
		600,
		5000,
		3000,
		3500,
		R._4,
		900,
		180,
		1,
		false,
		3000,
		50,
		3000,
		0,
		3000,
		500,
		5000,
		10,
		4000,
		2000,
		R._1,
	},
	[9420113]=
	{
		9420113,
		250,
		200,
		false,
		-200,
		1,
		600,
		5000,
		3000,
		3500,
		R._4,
		0,
		180,
		1,
		false,
		3000,
		50,
		3000,
		0,
		3000,
		500,
		5000,
		10,
		1200,
		2000,
		R._1,
	},
	[9420114]=
	{
		9420114,
		250,
		200,
		false,
		-200,
		1,
		600,
		5000,
		3000,
		3500,
		R._4,
		0,
		180,
		1,
		false,
		3000,
		50,
		3000,
		0,
		3000,
		500,
		5000,
		10,
		4000,
		2000,
		R._1,
	},
	[9420115]=
	{
		9420115,
		250,
		200,
		false,
		-200,
		1,
		600,
		5000,
		3000,
		3500,
		R._4,
		1200,
		180,
		0,
		false,
		3000,
		50,
		3000,
		0,
		3000,
		500,
		5000,
		10,
		4000,
		2000,
		R._1,
	},
	[489010101]=
	{
		489010101,
		150,
		0,
		false,
		-200,
		1,
		300,
		5000,
		3000,
		3500,
		R._4,
		450,
		180,
		1,
		false,
		3000,
		50,
		3000,
		0,
		0,
		500,
		5000,
		10,
		1200,
		2000,
		R._1,
	},
	[405010101]=
	{
		405010101,
		250,
		50,
		false,
		-200,
		1,
		600,
		5000,
		3000,
		3500,
		R._4,
		450,
		180,
		1,
		false,
		3000,
		50,
		3000,
		0,
		0,
		500,
		5000,
		10,
		1200,
		2000,
		R._1,
	},
	[407010101]=
	{
		407010101,
		600,
		0,
		false,
		-200,
		1,
		300,
		5000,
		3000,
		3500,
		R._4,
		450,
		180,
		1,
		false,
		3000,
		50,
		3000,
		0,
		0,
		500,
		5000,
		10,
		1200,
		2000,
		R._1,
	},
	[201010101]=
	{
		201010101,
		300,
		0,
		false,
		200,
		1,
		400,
		5000,
		3000,
		0,
		{},
		1000,
		180,
		1,
		false,
		3000,
		50,
		3000,
		0,
		0,
		500,
		5000,
		10,
		6000,
		2000,
		R._1,
	},
	[403010101]=
	{
		403010101,
		300,
		0,
		false,
		-200,
		1,
		600,
		5000,
		3000,
		3500,
		R._4,
		450,
		180,
		1,
		false,
		3000,
		50,
		3000,
		0,
		0,
		500,
		5000,
		10,
		1200,
		2000,
		R._1,
	},
	[406010101]=
	{
		406010101,
		600,
		0,
		false,
		-200,
		1,
		300,
		5000,
		3000,
		3500,
		R._4,
		450,
		180,
		1,
		false,
		3000,
		50,
		3000,
		0,
		0,
		500,
		5000,
		10,
		1200,
		2000,
		R._1,
	},
	[423020101]=
	{
		423020101,
		200,
		50,
		false,
		-200,
		1,
		400,
		5000,
		3000,
		3500,
		R._4,
		450,
		180,
		1,
		false,
		3000,
		50,
		3000,
		0,
		0,
		500,
		5000,
		10,
		1200,
		2000,
		R._1,
	},
	[424020101]=
	{
		424020101,
		200,
		50,
		false,
		-200,
		1,
		400,
		5000,
		3000,
		3500,
		R._4,
		450,
		180,
		1,
		false,
		3000,
		50,
		3000,
		0,
		0,
		500,
		5000,
		10,
		4000,
		2000,
		R._1,
	},
	[236010101]=
	{
		236010101,
		150,
		0,
		false,
		-200,
		1,
		300,
		5000,
		3000,
		3500,
		R._4,
		450,
		180,
		1,
		false,
		3000,
		50,
		3000,
		0,
		0,
		500,
		5000,
		10,
		1200,
		2000,
		R._1,
	},
	[209010101]=
	{
		209010101,
		700,
		0,
		false,
		-350,
		1,
		400,
		5000,
		3000,
		0,
		{},
		450,
		180,
		1,
		false,
		3000,
		50,
		3000,
		0,
		0,
		500,
		5000,
		10,
		1200,
		2000,
		R._1,
	},
	[425020101]=
	{
		425020101,
		600,
		50,
		false,
		-200,
		1,
		400,
		5000,
		3000,
		3500,
		R._4,
		450,
		180,
		1,
		false,
		3000,
		50,
		3000,
		0,
		0,
		500,
		5000,
		10,
		1200,
		2000,
		R._1,
	},
	[208010101]=
	{
		208010101,
		400,
		100,
		false,
		-350,
		1,
		400,
		5000,
		3000,
		0,
		{},
		450,
		180,
		1,
		false,
		3000,
		50,
		3000,
		0,
		0,
		500,
		5000,
		10,
		1200,
		2000,
		R._1,
	},
	[416010101]=
	{
		416010101,
		250,
		50,
		false,
		-350,
		1,
		300,
		5000,
		3000,
		3500,
		R._4,
		450,
		180,
		1,
		false,
		3000,
		50,
		3000,
		0,
		0,
		500,
		5000,
		10,
		1200,
		2000,
		R._1,
	},
	[415010101]=
	{
		415010101,
		700,
		50,
		false,
		-200,
		1,
		300,
		5000,
		3000,
		3500,
		R._4,
		450,
		180,
		1,
		false,
		3000,
		50,
		3000,
		0,
		0,
		500,
		5000,
		10,
		1200,
		2000,
		R._1,
	},
	[204010101]=
	{
		204010101,
		600,
		0,
		false,
		-200,
		1,
		300,
		5000,
		3000,
		0,
		{},
		450,
		180,
		1,
		false,
		3000,
		50,
		3000,
		0,
		0,
		500,
		5000,
		10,
		1200,
		2000,
		R._1,
	},
	[489010102]=
	{
		489010102,
		150,
		0,
		false,
		-200,
		1,
		300,
		5000,
		3000,
		3500,
		R._4,
		450,
		180,
		1,
		false,
		3000,
		50,
		3000,
		0,
		0,
		500,
		5000,
		10,
		1200,
		2000,
		R._1,
	},
	[405010104]=
	{
		405010104,
		250,
		50,
		false,
		-200,
		1,
		600,
		5000,
		3000,
		3500,
		R._4,
		450,
		180,
		1,
		false,
		3000,
		50,
		3000,
		0,
		0,
		500,
		5000,
		10,
		1200,
		2000,
		R._1,
	},
	[407010103]=
	{
		407010103,
		600,
		0,
		false,
		-200,
		1,
		300,
		5000,
		3000,
		3500,
		R._4,
		450,
		180,
		1,
		false,
		3000,
		50,
		3000,
		0,
		0,
		500,
		5000,
		10,
		1200,
		2000,
		R._1,
	},
	[201010102]=
	{
		201010102,
		300,
		0,
		false,
		200,
		1,
		400,
		5000,
		3000,
		0,
		{},
		1000,
		180,
		1,
		false,
		3000,
		50,
		3000,
		0,
		0,
		500,
		5000,
		10,
		6000,
		2000,
		R._1,
	},
	[403010103]=
	{
		403010103,
		300,
		0,
		false,
		-200,
		1,
		600,
		5000,
		3000,
		3500,
		R._4,
		450,
		180,
		1,
		false,
		3000,
		50,
		3000,
		0,
		0,
		500,
		5000,
		10,
		1200,
		2000,
		R._1,
	},
	[406010102]=
	{
		406010102,
		600,
		0,
		false,
		-200,
		1,
		300,
		5000,
		3000,
		3500,
		R._4,
		450,
		180,
		1,
		false,
		3000,
		50,
		3000,
		0,
		0,
		500,
		5000,
		10,
		1200,
		2000,
		R._1,
	},
	[423020102]=
	{
		423020102,
		200,
		50,
		false,
		-200,
		1,
		400,
		5000,
		3000,
		3500,
		R._4,
		450,
		180,
		1,
		false,
		3000,
		50,
		3000,
		0,
		0,
		500,
		5000,
		10,
		1200,
		2000,
		R._1,
	},
	[424020102]=
	{
		424020102,
		200,
		50,
		false,
		-200,
		1,
		400,
		5000,
		3000,
		3500,
		R._4,
		450,
		180,
		1,
		false,
		3000,
		50,
		3000,
		0,
		0,
		500,
		5000,
		10,
		4000,
		2000,
		R._1,
	},
	[236010102]=
	{
		236010102,
		150,
		0,
		false,
		-200,
		1,
		300,
		5000,
		3000,
		3500,
		R._4,
		450,
		180,
		1,
		false,
		3000,
		50,
		3000,
		0,
		0,
		500,
		5000,
		10,
		1200,
		2000,
		R._1,
	},
	[209010103]=
	{
		209010103,
		700,
		0,
		false,
		-350,
		1,
		400,
		5000,
		3000,
		0,
		{},
		450,
		180,
		1,
		false,
		3000,
		50,
		3000,
		0,
		0,
		500,
		5000,
		10,
		1200,
		2000,
		R._1,
	},
	[425020102]=
	{
		425020102,
		600,
		50,
		false,
		-200,
		1,
		400,
		5000,
		3000,
		3500,
		R._4,
		450,
		180,
		1,
		false,
		3000,
		50,
		3000,
		0,
		0,
		500,
		5000,
		10,
		1200,
		2000,
		R._1,
	},
	[208010103]=
	{
		208010103,
		400,
		100,
		false,
		-350,
		1,
		400,
		5000,
		3000,
		0,
		{},
		450,
		180,
		1,
		false,
		3000,
		50,
		3000,
		0,
		0,
		500,
		5000,
		10,
		1200,
		2000,
		R._1,
	},
	[416010103]=
	{
		416010103,
		250,
		50,
		false,
		-350,
		1,
		300,
		5000,
		3000,
		3500,
		R._4,
		450,
		180,
		1,
		false,
		3000,
		50,
		3000,
		0,
		0,
		500,
		5000,
		10,
		1200,
		2000,
		R._1,
	},
	[415010102]=
	{
		415010102,
		700,
		50,
		false,
		-200,
		1,
		300,
		5000,
		3000,
		3500,
		R._4,
		450,
		180,
		1,
		false,
		3000,
		50,
		3000,
		0,
		0,
		500,
		5000,
		10,
		1200,
		2000,
		R._1,
	},
	[204010102]=
	{
		204010102,
		600,
		0,
		false,
		-200,
		1,
		300,
		5000,
		3000,
		0,
		{},
		450,
		180,
		1,
		false,
		3000,
		50,
		3000,
		0,
		0,
		500,
		5000,
		10,
		1200,
		2000,
		R._1,
	},
	[402010101]=
	{
		402010101,
		200,
		0,
		false,
		-200,
		1,
		600,
		5000,
		3000,
		3500,
		R._4,
		450,
		180,
		1,
		false,
		3000,
		50,
		3000,
		0,
		0,
		500,
		5000,
		10,
		1200,
		2000,
		R._1,
	},
	[110010201]=
	{
		110010201,
		400,
		0,
		false,
		0,
		0,
		400,
		5000,
		3000,
		0,
		{},
		3000,
		180,
		1,
		false,
		3000,
		50,
		3000,
		0,
		0,
		500,
		5000,
		10,
		2000,
		2000,
		R._1,
	},
	[107010201]=
	{
		107010201,
		500,
		0,
		false,
		200,
		1,
		400,
		5000,
		3000,
		0,
		{},
		3000,
		180,
		1,
		false,
		3000,
		50,
		3000,
		0,
		0,
		500,
		5000,
		10,
		1200,
		2000,
		R._1,
	},
	[409020101]=
	{
		409020101,
		300,
		0,
		false,
		-200,
		1,
		600,
		5000,
		3000,
		3500,
		R._4,
		450,
		180,
		1,
		false,
		3000,
		50,
		3000,
		0,
		0,
		500,
		5000,
		10,
		1200,
		2000,
		R._1,
	},
	[409010301]=
	{
		409010301,
		300,
		0,
		false,
		-200,
		1,
		600,
		5000,
		3000,
		3500,
		R._4,
		0,
		0,
		1,
		false,
		3000,
		50,
		3000,
		0,
		0,
		500,
		5000,
		10,
		1200,
		2000,
		R._1,
	},
	[418010301]=
	{
		418010301,
		200,
		50,
		false,
		-150,
		1,
		300,
		5000,
		3000,
		3500,
		R._4,
		0,
		0,
		1,
		false,
		3000,
		50,
		3000,
		0,
		0,
		500,
		5000,
		10,
		1200,
		2000,
		R._1,
	},
	[409010101]=
	{
		409010101,
		300,
		0,
		false,
		-200,
		1,
		600,
		5000,
		3000,
		3500,
		R._4,
		450,
		180,
		1,
		false,
		3000,
		50,
		3000,
		0,
		0,
		500,
		5000,
		10,
		1200,
		2000,
		R._1,
	},
	[418010302]=
	{
		418010302,
		200,
		50,
		false,
		-150,
		1,
		300,
		5000,
		3000,
		3500,
		R._4,
		0,
		0,
		1,
		false,
		3000,
		50,
		3000,
		0,
		0,
		500,
		5000,
		10,
		1200,
		2000,
		R._1,
	},
	[417010301]=
	{
		417010301,
		200,
		50,
		false,
		-150,
		1,
		300,
		5000,
		3000,
		3500,
		R._4,
		0,
		0,
		1,
		false,
		3000,
		50,
		3000,
		0,
		0,
		500,
		5000,
		10,
		1200,
		2000,
		R._1,
	},
	[490010101]=
	{
		490010101,
		150,
		150,
		false,
		-200,
		1,
		400,
		5000,
		3000,
		3500,
		R._4,
		450,
		180,
		1,
		false,
		3000,
		50,
		3000,
		0,
		0,
		500,
		5000,
		10,
		1200,
		2000,
		R._1,
	},
	[492010101]=
	{
		492010101,
		150,
		150,
		false,
		-200,
		1,
		400,
		5000,
		3000,
		3500,
		R._4,
		450,
		180,
		1,
		false,
		3000,
		50,
		3000,
		0,
		0,
		500,
		5000,
		10,
		1200,
		2000,
		R._1,
	},
	[404010101]=
	{
		404010101,
		250,
		0,
		false,
		-200,
		1,
		600,
		5000,
		3000,
		3500,
		R._4,
		450,
		180,
		1,
		false,
		3000,
		50,
		3000,
		0,
		0,
		500,
		5000,
		10,
		1200,
		2000,
		R._1,
	},
	[405010102]=
	{
		405010102,
		250,
		50,
		false,
		-200,
		1,
		600,
		5000,
		3000,
		3500,
		R._4,
		450,
		180,
		1,
		false,
		3000,
		50,
		3000,
		0,
		0,
		500,
		5000,
		10,
		1200,
		2000,
		R._1,
	},
	[491010101]=
	{
		491010101,
		250,
		150,
		false,
		-200,
		1,
		400,
		5000,
		3000,
		3500,
		R._4,
		450,
		180,
		1,
		false,
		3000,
		50,
		3000,
		0,
		0,
		500,
		5000,
		10,
		1200,
		2000,
		R._1,
	},
	[403010102]=
	{
		403010102,
		300,
		0,
		false,
		-200,
		1,
		600,
		5000,
		3000,
		3500,
		R._4,
		450,
		180,
		1,
		false,
		3000,
		50,
		3000,
		0,
		0,
		500,
		5000,
		10,
		1200,
		2000,
		R._1,
	},
	[407010102]=
	{
		407010102,
		600,
		0,
		false,
		-200,
		1,
		300,
		5000,
		3000,
		3500,
		R._4,
		450,
		180,
		1,
		false,
		3000,
		50,
		3000,
		0,
		0,
		500,
		5000,
		10,
		1200,
		2000,
		R._1,
	},
	[490010102]=
	{
		490010102,
		150,
		150,
		false,
		-200,
		1,
		400,
		5000,
		3000,
		3500,
		R._4,
		450,
		180,
		1,
		false,
		3000,
		50,
		3000,
		0,
		0,
		500,
		5000,
		10,
		1200,
		2000,
		R._1,
	},
	[201010104]=
	{
		201010104,
		300,
		0,
		false,
		200,
		1,
		400,
		5000,
		3000,
		0,
		{},
		1000,
		180,
		1,
		false,
		3000,
		50,
		3000,
		0,
		0,
		500,
		5000,
		10,
		6000,
		2000,
		R._1,
	},
	[492010102]=
	{
		492010102,
		150,
		150,
		false,
		-200,
		1,
		400,
		5000,
		3000,
		3500,
		R._4,
		450,
		180,
		1,
		false,
		3000,
		50,
		3000,
		0,
		0,
		500,
		5000,
		10,
		1200,
		2000,
		R._1,
	},
	[404010103]=
	{
		404010103,
		250,
		0,
		false,
		-200,
		1,
		600,
		5000,
		3000,
		3500,
		R._4,
		450,
		180,
		1,
		false,
		3000,
		50,
		3000,
		0,
		0,
		500,
		5000,
		10,
		1200,
		2000,
		R._1,
	},
	[405010105]=
	{
		405010105,
		250,
		50,
		false,
		-200,
		1,
		600,
		5000,
		3000,
		3500,
		R._4,
		450,
		180,
		1,
		false,
		3000,
		50,
		3000,
		0,
		0,
		500,
		5000,
		10,
		1200,
		2000,
		R._1,
	},
	[491010102]=
	{
		491010102,
		250,
		150,
		false,
		-200,
		1,
		400,
		5000,
		3000,
		3500,
		R._4,
		450,
		180,
		1,
		false,
		3000,
		50,
		3000,
		0,
		0,
		500,
		5000,
		10,
		1200,
		2000,
		R._1,
	},
	[403010104]=
	{
		403010104,
		300,
		0,
		false,
		-200,
		1,
		600,
		5000,
		3000,
		3500,
		R._4,
		450,
		180,
		1,
		false,
		3000,
		50,
		3000,
		0,
		0,
		500,
		5000,
		10,
		1200,
		2000,
		R._1,
	},
	[407010104]=
	{
		407010104,
		600,
		0,
		false,
		-200,
		1,
		300,
		5000,
		3000,
		3500,
		R._4,
		450,
		180,
		1,
		false,
		3000,
		50,
		3000,
		0,
		0,
		500,
		5000,
		10,
		1200,
		2000,
		R._1,
	},
	[424010301]=
	{
		424010301,
		200,
		50,
		false,
		-200,
		1,
		400,
		5000,
		3000,
		3500,
		R._4,
		0,
		0,
		1,
		false,
		3000,
		50,
		3000,
		0,
		0,
		500,
		5000,
		10,
		4000,
		2000,
		R._1,
	},
	[425010101]=
	{
		425010101,
		600,
		50,
		false,
		-200,
		1,
		400,
		5000,
		3000,
		3500,
		R._4,
		450,
		180,
		1,
		false,
		3000,
		50,
		3000,
		0,
		0,
		500,
		5000,
		10,
		1200,
		2000,
		R._1,
	},
	[423010101]=
	{
		423010101,
		200,
		50,
		false,
		-200,
		1,
		400,
		5000,
		3000,
		3500,
		R._4,
		450,
		180,
		1,
		false,
		3000,
		50,
		3000,
		0,
		0,
		500,
		5000,
		10,
		1200,
		2000,
		R._1,
	},
	[208010102]=
	{
		208010102,
		400,
		100,
		false,
		-350,
		1,
		400,
		5000,
		3000,
		0,
		{},
		450,
		180,
		1,
		false,
		3000,
		50,
		3000,
		0,
		0,
		500,
		5000,
		10,
		1200,
		2000,
		R._1,
	},
	[209010102]=
	{
		209010102,
		700,
		0,
		true,
		-350,
		1,
		400,
		5000,
		3000,
		0,
		{},
		450,
		180,
		1,
		false,
		3000,
		50,
		3000,
		0,
		0,
		500,
		5000,
		10,
		1200,
		2000,
		R._1,
	},
	[409020102]=
	{
		409020102,
		300,
		0,
		false,
		-200,
		1,
		600,
		5000,
		3000,
		3500,
		R._4,
		450,
		180,
		1,
		false,
		3000,
		50,
		3000,
		0,
		0,
		500,
		5000,
		10,
		1200,
		2000,
		R._1,
	},
	[428010101]=
	{
		428010101,
		200,
		50,
		false,
		-200,
		1,
		400,
		5000,
		3000,
		3500,
		R._4,
		450,
		180,
		1,
		false,
		3000,
		50,
		3000,
		0,
		0,
		500,
		5000,
		10,
		4000,
		2000,
		R._1,
	},
	[413010101]=
	{
		413010101,
		200,
		0,
		false,
		-200,
		1,
		700,
		5000,
		3000,
		0,
		{},
		450,
		180,
		1,
		false,
		3000,
		50,
		3000,
		0,
		0,
		500,
		5000,
		10,
		1200,
		2000,
		R._1,
	},
	[412010101]=
	{
		412010101,
		600,
		0,
		false,
		-200,
		1,
		300,
		5000,
		3000,
		0,
		{},
		450,
		180,
		1,
		false,
		3000,
		50,
		3000,
		0,
		0,
		500,
		5000,
		10,
		1200,
		2000,
		R._1,
	},
	[416010102]=
	{
		416010102,
		250,
		50,
		false,
		-350,
		1,
		300,
		5000,
		3000,
		3500,
		R._4,
		450,
		180,
		1,
		false,
		3000,
		50,
		3000,
		0,
		0,
		500,
		5000,
		10,
		1200,
		2000,
		R._1,
	},
	[418010303]=
	{
		418010303,
		200,
		50,
		false,
		-150,
		1,
		300,
		5000,
		3000,
		3500,
		R._4,
		0,
		0,
		1,
		false,
		3000,
		50,
		3000,
		0,
		0,
		500,
		5000,
		10,
		1200,
		2000,
		R._1,
	},
	[417010302]=
	{
		417010302,
		200,
		50,
		false,
		-150,
		1,
		300,
		5000,
		3000,
		3500,
		R._4,
		0,
		0,
		1,
		false,
		3000,
		50,
		3000,
		0,
		0,
		500,
		5000,
		10,
		1200,
		2000,
		R._1,
	},
	[409010302]=
	{
		409010302,
		300,
		0,
		false,
		-200,
		1,
		600,
		5000,
		3000,
		3500,
		R._4,
		0,
		0,
		1,
		false,
		3000,
		50,
		3000,
		0,
		0,
		500,
		5000,
		10,
		1200,
		2000,
		R._1,
	},
	[421010301]=
	{
		421010301,
		150,
		50,
		false,
		-200,
		1,
		400,
		5000,
		3000,
		3500,
		R._4,
		0,
		0,
		1,
		false,
		3000,
		50,
		3000,
		0,
		0,
		500,
		5000,
		10,
		1200,
		2000,
		R._1,
	},
	[206010101]=
	{
		206010101,
		250,
		-50,
		false,
		-200,
		1,
		400,
		5000,
		3000,
		0,
		{},
		450,
		180,
		1,
		false,
		3000,
		50,
		3000,
		0,
		0,
		500,
		5000,
		10,
		1200,
		2000,
		R._1,
	},
	[429010101]=
	{
		429010101,
		600,
		0,
		false,
		-200,
		1,
		400,
		5000,
		3000,
		3500,
		R._4,
		450,
		180,
		0,
		false,
		3000,
		50,
		3000,
		0,
		0,
		500,
		5000,
		10,
		1200,
		2000,
		R._1,
	},
	[457010101]=
	{
		457010101,
		200,
		0,
		false,
		-300,
		1,
		400,
		5000,
		3000,
		0,
		{},
		0,
		0,
		1,
		false,
		3000,
		50,
		3000,
		0,
		0,
		500,
		5000,
		10,
		600,
		2000,
		R._5,
	},
	[413010102]=
	{
		413010102,
		200,
		0,
		false,
		-200,
		1,
		700,
		5000,
		3000,
		0,
		{},
		450,
		180,
		1,
		false,
		3000,
		50,
		3000,
		0,
		0,
		500,
		5000,
		10,
		1200,
		2000,
		R._1,
	},
	[412010102]=
	{
		412010102,
		600,
		0,
		false,
		-200,
		1,
		300,
		5000,
		3000,
		0,
		{},
		450,
		180,
		1,
		false,
		3000,
		50,
		3000,
		0,
		0,
		500,
		5000,
		10,
		1200,
		2000,
		R._1,
	},
	[416010104]=
	{
		416010104,
		250,
		50,
		false,
		-350,
		1,
		300,
		5000,
		3000,
		3500,
		R._4,
		450,
		180,
		1,
		false,
		3000,
		50,
		3000,
		0,
		0,
		500,
		5000,
		10,
		1200,
		2000,
		R._1,
	},
	[425010102]=
	{
		425010102,
		600,
		50,
		false,
		-200,
		1,
		400,
		5000,
		3000,
		3500,
		R._4,
		450,
		180,
		1,
		false,
		3000,
		50,
		3000,
		0,
		0,
		500,
		5000,
		10,
		1200,
		2000,
		R._1,
	},
	[423010102]=
	{
		423010102,
		200,
		50,
		false,
		-200,
		1,
		400,
		5000,
		3000,
		3500,
		R._4,
		450,
		180,
		1,
		false,
		3000,
		50,
		3000,
		0,
		0,
		500,
		5000,
		10,
		1200,
		2000,
		R._1,
	},
	[424010302]=
	{
		424010302,
		200,
		50,
		false,
		-200,
		1,
		400,
		5000,
		3000,
		3500,
		R._4,
		0,
		0,
		1,
		false,
		3000,
		50,
		3000,
		0,
		0,
		500,
		5000,
		10,
		4000,
		2000,
		R._1,
	},
	[206010102]=
	{
		206010102,
		250,
		-50,
		false,
		-200,
		1,
		400,
		5000,
		3000,
		0,
		{},
		450,
		180,
		1,
		false,
		3000,
		50,
		3000,
		0,
		0,
		500,
		5000,
		10,
		1200,
		2000,
		R._1,
	},
	[441010101]=
	{
		441010101,
		700,
		50,
		false,
		-200,
		1,
		300,
		5000,
		3000,
		3500,
		R._4,
		450,
		180,
		1,
		false,
		3000,
		50,
		3000,
		0,
		0,
		500,
		5000,
		10,
		1200,
		2000,
		R._1,
	},
	[419010101]=
	{
		419010101,
		700,
		50,
		false,
		-150,
		1,
		300,
		5000,
		3000,
		3500,
		R._4,
		450,
		180,
		1,
		false,
		3000,
		50,
		3000,
		0,
		0,
		500,
		5000,
		10,
		1200,
		2000,
		R._1,
	},
	[420010101]=
	{
		420010101,
		150,
		150,
		false,
		-150,
		1,
		600,
		5000,
		3000,
		3500,
		R._4,
		450,
		180,
		1,
		false,
		3000,
		50,
		3000,
		0,
		0,
		500,
		5000,
		10,
		1200,
		2000,
		R._1,
	},
	[442010101]=
	{
		442010101,
		500,
		-300,
		false,
		-300,
		1,
		600,
		5000,
		3000,
		3500,
		R._4,
		450,
		180,
		1,
		false,
		3000,
		50,
		3000,
		0,
		0,
		500,
		5000,
		10,
		1200,
		2000,
		R._1,
	},
	[443010301]=
	{
		443010301,
		500,
		50,
		false,
		-200,
		1,
		600,
		5000,
		3000,
		3500,
		R._4,
		0,
		0,
		1,
		false,
		3000,
		50,
		3000,
		0,
		0,
		500,
		5000,
		10,
		1200,
		2000,
		R._1,
	},
	[436010101]=
	{
		436010101,
		700,
		50,
		false,
		-200,
		1,
		300,
		5000,
		3000,
		3500,
		R._4,
		450,
		180,
		1,
		false,
		3000,
		50,
		3000,
		0,
		0,
		500,
		5000,
		10,
		1200,
		2000,
		R._1,
	},
	[437010101]=
	{
		437010101,
		150,
		150,
		false,
		-200,
		1,
		600,
		5000,
		3000,
		3500,
		R._4,
		450,
		180,
		1,
		false,
		3000,
		50,
		3000,
		0,
		0,
		500,
		5000,
		10,
		1200,
		2000,
		R._1,
	},
	[438010101]=
	{
		438010101,
		250,
		150,
		false,
		-200,
		1,
		600,
		5000,
		3000,
		3500,
		R._4,
		450,
		180,
		1,
		false,
		3000,
		50,
		3000,
		0,
		0,
		500,
		5000,
		10,
		1200,
		2000,
		R._1,
	},
	[441010102]=
	{
		441010102,
		700,
		50,
		false,
		-200,
		1,
		300,
		5000,
		3000,
		3500,
		R._4,
		450,
		180,
		1,
		false,
		3000,
		50,
		3000,
		0,
		0,
		500,
		5000,
		10,
		1200,
		2000,
		R._1,
	},
	[456010101]=
	{
		456010101,
		200,
		150,
		false,
		-200,
		0,
		600,
		5000,
		3000,
		3500,
		R._4,
		450,
		180,
		1,
		false,
		3000,
		50,
		3000,
		0,
		0,
		500,
		5000,
		10,
		1200,
		2000,
		R._1,
	},
	[436010102]=
	{
		436010102,
		700,
		50,
		false,
		-200,
		1,
		300,
		5000,
		3000,
		3500,
		R._4,
		450,
		180,
		1,
		false,
		3000,
		50,
		3000,
		0,
		0,
		500,
		5000,
		10,
		1200,
		2000,
		R._1,
	},
	[455010101]=
	{
		455010101,
		500,
		150,
		false,
		-200,
		1,
		600,
		5000,
		3000,
		3500,
		R._4,
		450,
		180,
		1,
		false,
		3000,
		50,
		3000,
		0,
		0,
		500,
		5000,
		10,
		1200,
		2000,
		R._1,
	},
	[441010103]=
	{
		441010103,
		700,
		50,
		false,
		-200,
		1,
		300,
		5000,
		3000,
		3500,
		R._4,
		450,
		180,
		1,
		false,
		3000,
		50,
		3000,
		0,
		0,
		500,
		5000,
		10,
		1200,
		2000,
		R._1,
	},
	[218010101]=
	{
		218010101,
		400,
		0,
		false,
		-350,
		1,
		400,
		5000,
		3000,
		0,
		{},
		450,
		180,
		1,
		false,
		3000,
		50,
		3000,
		0,
		0,
		500,
		5000,
		10,
		1200,
		2000,
		R._1,
	},
	[443010302]=
	{
		443010302,
		500,
		50,
		false,
		-200,
		1,
		600,
		5000,
		3000,
		3500,
		R._4,
		0,
		0,
		1,
		false,
		3000,
		50,
		3000,
		0,
		0,
		500,
		5000,
		10,
		1200,
		2000,
		R._1,
	},
	[420010301]=
	{
		420010301,
		150,
		150,
		false,
		-150,
		1,
		600,
		5000,
		3000,
		3500,
		R._4,
		0,
		0,
		1,
		false,
		3000,
		50,
		3000,
		0,
		0,
		500,
		5000,
		10,
		1200,
		2000,
		R._1,
	},
	[419010301]=
	{
		419010301,
		700,
		50,
		false,
		-150,
		1,
		300,
		5000,
		3000,
		3500,
		R._4,
		0,
		0,
		1,
		false,
		3000,
		50,
		3000,
		0,
		0,
		500,
		5000,
		10,
		1200,
		2000,
		R._1,
	},
	[404010102]=
	{
		404010102,
		250,
		0,
		false,
		-200,
		1,
		600,
		5000,
		3000,
		3500,
		R._4,
		450,
		180,
		1,
		false,
		3000,
		50,
		3000,
		0,
		0,
		500,
		5000,
		10,
		1200,
		2000,
		R._1,
	},
	[405010103]=
	{
		405010103,
		250,
		50,
		false,
		-200,
		1,
		600,
		5000,
		3000,
		3500,
		R._4,
		450,
		180,
		1,
		false,
		3000,
		50,
		3000,
		0,
		0,
		500,
		5000,
		10,
		1200,
		2000,
		R._1,
	},
	[437010102]=
	{
		437010102,
		150,
		150,
		false,
		-200,
		1,
		600,
		5000,
		3000,
		3500,
		R._4,
		450,
		180,
		1,
		false,
		3000,
		50,
		3000,
		0,
		0,
		500,
		5000,
		10,
		1200,
		2000,
		R._1,
	},
	[441010104]=
	{
		441010104,
		700,
		50,
		false,
		-200,
		1,
		300,
		5000,
		3000,
		3500,
		R._4,
		450,
		180,
		1,
		false,
		3000,
		50,
		3000,
		0,
		0,
		500,
		5000,
		10,
		1200,
		2000,
		R._1,
	},
	[218010102]=
	{
		218010102,
		400,
		0,
		false,
		-350,
		1,
		400,
		5000,
		3000,
		0,
		{},
		450,
		180,
		1,
		false,
		3000,
		50,
		3000,
		0,
		0,
		500,
		5000,
		10,
		1200,
		2000,
		R._1,
	},
	[437010103]=
	{
		437010103,
		150,
		150,
		false,
		-200,
		1,
		600,
		5000,
		3000,
		3500,
		R._4,
		450,
		180,
		1,
		false,
		3000,
		50,
		3000,
		0,
		0,
		500,
		5000,
		10,
		1200,
		2000,
		R._1,
	},
	[404010104]=
	{
		404010104,
		250,
		0,
		false,
		-200,
		1,
		600,
		5000,
		3000,
		3500,
		R._4,
		450,
		180,
		1,
		false,
		3000,
		50,
		3000,
		0,
		0,
		500,
		5000,
		10,
		1200,
		2000,
		R._1,
	},
	[405010106]=
	{
		405010106,
		250,
		50,
		false,
		-200,
		1,
		600,
		5000,
		3000,
		3500,
		R._4,
		450,
		180,
		1,
		false,
		3000,
		50,
		3000,
		0,
		0,
		500,
		5000,
		10,
		1200,
		2000,
		R._1,
	},
	[433010102]=
	{
		433010102,
		700,
		50,
		false,
		-200,
		1,
		400,
		5000,
		3000,
		3500,
		R._4,
		450,
		180,
		1,
		false,
		3000,
		50,
		3000,
		0,
		0,
		500,
		5000,
		10,
		1200,
		2000,
		R._1,
	},
	[405010201]=
	{
		405010201,
		250,
		50,
		false,
		-200,
		1,
		600,
		5000,
		3000,
		3500,
		R._4,
		2000,
		180,
		1,
		false,
		3000,
		50,
		3000,
		0,
		0,
		500,
		5000,
		10,
		4000,
		2000,
		R._1,
	},
	[404010201]=
	{
		404010201,
		250,
		0,
		false,
		-200,
		1,
		600,
		5000,
		3000,
		3500,
		R._4,
		2000,
		180,
		1,
		false,
		3000,
		50,
		3000,
		0,
		0,
		500,
		5000,
		10,
		4000,
		2000,
		R._1,
	},
	[406010201]=
	{
		406010201,
		600,
		0,
		false,
		-200,
		0,
		300,
		5000,
		3000,
		3500,
		R._4,
		2000,
		180,
		1,
		false,
		3000,
		50,
		3000,
		0,
		0,
		500,
		5000,
		10,
		4000,
		2000,
		R._1,
	},
	[115010101]=
	{
		115010101,
		2000,
		0,
		true,
		200,
		1,
		400,
		5000,
		3000,
		0,
		{},
		3000,
		180,
		1,
		false,
		3000,
		50,
		3000,
		0,
		0,
		500,
		5000,
		10,
		6000,
		4000,
		R._1,
	},
	[502010101]=
	{
		502010101,
		200,
		150,
		false,
		-200,
		1,
		600,
		5000,
		3000,
		3500,
		R._4,
		450,
		180,
		0,
		false,
		3000,
		50,
		3000,
		0,
		0,
		500,
		5000,
		10,
		1200,
		2000,
		R._1,
	},
	[503010101]=
	{
		503010101,
		200,
		150,
		false,
		-200,
		1,
		600,
		5000,
		3000,
		3500,
		R._4,
		450,
		180,
		0,
		false,
		3000,
		50,
		3000,
		0,
		0,
		500,
		5000,
		10,
		1200,
		2000,
		R._1,
	},
	[504010101]=
	{
		504010101,
		200,
		150,
		false,
		-200,
		1,
		600,
		5000,
		3000,
		3500,
		R._4,
		450,
		180,
		0,
		false,
		3000,
		50,
		3000,
		0,
		0,
		500,
		5000,
		10,
		1200,
		2000,
		R._1,
	},
	[429010102]=
	{
		429010102,
		600,
		0,
		false,
		-200,
		1,
		400,
		5000,
		3000,
		3500,
		R._4,
		450,
		180,
		0,
		false,
		3000,
		50,
		3000,
		0,
		0,
		500,
		5000,
		10,
		1200,
		2000,
		R._1,
	},
	[429020101]=
	{
		429020101,
		600,
		0,
		false,
		-200,
		1,
		400,
		5000,
		3000,
		3500,
		R._4,
		450,
		180,
		1,
		false,
		3000,
		50,
		3000,
		0,
		0,
		500,
		5000,
		10,
		1200,
		2000,
		R._1,
	},
	[417010201]=
	{
		417010201,
		200,
		50,
		false,
		-150,
		1,
		300,
		5000,
		3000,
		3500,
		R._4,
		900,
		180,
		1,
		false,
		3000,
		50,
		3000,
		0,
		0,
		500,
		5000,
		10,
		4000,
		2000,
		R._1,
	},
	[409010201]=
	{
		409010201,
		300,
		0,
		false,
		-200,
		0,
		600,
		5000,
		3000,
		3500,
		R._4,
		900,
		180,
		1,
		false,
		3000,
		50,
		3000,
		0,
		0,
		500,
		5000,
		10,
		4000,
		2000,
		R._2,
	},
	[409020201]=
	{
		409020201,
		300,
		0,
		false,
		-200,
		1,
		600,
		5000,
		3000,
		3500,
		R._4,
		900,
		180,
		1,
		false,
		3000,
		50,
		3000,
		0,
		0,
		500,
		5000,
		10,
		4000,
		2000,
		R._1,
	},
	[409030201]=
	{
		409030201,
		300,
		0,
		false,
		-200,
		1,
		600,
		5000,
		3000,
		3500,
		R._4,
		900,
		180,
		1,
		false,
		3000,
		50,
		3000,
		0,
		0,
		500,
		5000,
		10,
		4000,
		2000,
		R._1,
	},
	[421010201]=
	{
		421010201,
		150,
		50,
		false,
		-200,
		1,
		400,
		5000,
		3000,
		3500,
		R._4,
		900,
		180,
		1,
		false,
		3000,
		50,
		3000,
		0,
		0,
		500,
		5000,
		10,
		4000,
		2000,
		R._2,
	},
	[402010201]=
	{
		402010201,
		200,
		0,
		false,
		-200,
		0,
		600,
		5000,
		3000,
		3500,
		R._4,
		900,
		180,
		1,
		false,
		3000,
		50,
		3000,
		0,
		0,
		500,
		5000,
		10,
		4000,
		2000,
		R._1,
	},
	[404010202]=
	{
		404010202,
		250,
		0,
		false,
		-200,
		1,
		600,
		5000,
		3000,
		3500,
		R._4,
		900,
		180,
		1,
		false,
		3000,
		50,
		3000,
		0,
		0,
		500,
		5000,
		10,
		4000,
		2000,
		R._1,
	},
	[403010201]=
	{
		403010201,
		300,
		0,
		false,
		-200,
		1,
		600,
		5000,
		3000,
		3500,
		R._4,
		1500,
		180,
		1,
		false,
		3000,
		50,
		3000,
		0,
		0,
		500,
		5000,
		10,
		4000,
		2000,
		R._1,
	},
	[405010203]=
	{
		405010203,
		250,
		50,
		false,
		-200,
		1,
		600,
		5000,
		3000,
		3500,
		R._4,
		900,
		180,
		1,
		false,
		3000,
		50,
		3000,
		0,
		0,
		500,
		5000,
		10,
		4000,
		2000,
		R._1,
	},
	[406010204]=
	{
		406010204,
		600,
		0,
		false,
		-200,
		0,
		300,
		5000,
		3000,
		3500,
		R._4,
		900,
		180,
		1,
		false,
		3000,
		50,
		3000,
		0,
		0,
		500,
		5000,
		10,
		4000,
		2000,
		R._1,
	},
	[407010201]=
	{
		407010201,
		500,
		0,
		false,
		-200,
		1,
		300,
		5000,
		3000,
		3500,
		R._4,
		200,
		180,
		1,
		false,
		3000,
		50,
		3000,
		0,
		3000,
		500,
		5000,
		10,
		4000,
		2000,
		R._1,
	},
	[218010205]=
	{
		218010205,
		400,
		0,
		false,
		-350,
		1,
		400,
		5000,
		3000,
		0,
		{},
		900,
		180,
		1,
		false,
		3000,
		50,
		3000,
		0,
		0,
		500,
		5000,
		10,
		4000,
		2000,
		R._1,
	},
	[419010201]=
	{
		419010201,
		700,
		50,
		false,
		-150,
		1,
		300,
		5000,
		3000,
		3500,
		R._4,
		900,
		180,
		1,
		false,
		3000,
		50,
		3000,
		0,
		0,
		500,
		5000,
		10,
		4000,
		2000,
		R._1,
	},
	[443010201]=
	{
		443010201,
		500,
		50,
		false,
		-200,
		1,
		600,
		5000,
		3000,
		3500,
		R._4,
		900,
		180,
		1,
		false,
		3000,
		50,
		3000,
		0,
		0,
		500,
		5000,
		10,
		4000,
		2000,
		R._1,
	},
	[423010201]=
	{
		423010201,
		200,
		50,
		false,
		-200,
		1,
		400,
		5000,
		3000,
		3500,
		R._4,
		900,
		180,
		1,
		false,
		3000,
		50,
		3000,
		0,
		0,
		500,
		5000,
		10,
		4000,
		2000,
		R._1,
	},
	[424010201]=
	{
		424010201,
		200,
		50,
		false,
		-200,
		1,
		400,
		5000,
		3000,
		3500,
		R._4,
		900,
		180,
		1,
		false,
		3000,
		50,
		3000,
		0,
		0,
		500,
		5000,
		10,
		1200,
		2000,
		R._1,
	},
	[425010201]=
	{
		425010201,
		600,
		50,
		false,
		-200,
		1,
		400,
		5000,
		3000,
		3500,
		R._4,
		900,
		180,
		1,
		false,
		3000,
		50,
		3000,
		0,
		0,
		500,
		5000,
		10,
		4000,
		2000,
		R._1,
	},
	[412010201]=
	{
		412010201,
		600,
		0,
		false,
		-200,
		1,
		300,
		5000,
		3000,
		0,
		{},
		900,
		180,
		1,
		false,
		3000,
		50,
		3000,
		0,
		0,
		500,
		5000,
		10,
		4000,
		2000,
		R._1,
	},
	[413010206]=
	{
		413010206,
		200,
		0,
		false,
		-200,
		1,
		700,
		5000,
		3000,
		0,
		{},
		900,
		180,
		1,
		false,
		3000,
		50,
		3000,
		0,
		0,
		500,
		5000,
		10,
		4000,
		2000,
		R._1,
	},
	[414010207]=
	{
		414010207,
		150,
		150,
		false,
		-200,
		1,
		600,
		5000,
		3000,
		3500,
		R._4,
		900,
		180,
		1,
		false,
		3000,
		50,
		3000,
		0,
		0,
		500,
		5000,
		10,
		4000,
		2000,
		R._1,
	},
	[415010201]=
	{
		415010201,
		700,
		50,
		false,
		-200,
		1,
		300,
		5000,
		3000,
		3500,
		R._4,
		900,
		180,
		1,
		false,
		3000,
		50,
		3000,
		0,
		0,
		500,
		5000,
		10,
		4000,
		2000,
		R._1,
	},
	[438010201]=
	{
		438010201,
		250,
		150,
		false,
		-200,
		1,
		600,
		5000,
		3000,
		3500,
		R._4,
		900,
		180,
		1,
		false,
		3000,
		50,
		3000,
		0,
		0,
		500,
		5000,
		10,
		4000,
		2000,
		R._1,
	},
	[438020201]=
	{
		438020201,
		250,
		150,
		false,
		-200,
		1,
		600,
		5000,
		3000,
		3500,
		R._4,
		900,
		180,
		1,
		false,
		3000,
		50,
		3000,
		0,
		0,
		500,
		5000,
		10,
		4000,
		2000,
		R._1,
	},
	[436010201]=
	{
		436010201,
		700,
		50,
		false,
		-200,
		1,
		300,
		5000,
		3000,
		3500,
		R._4,
		900,
		180,
		1,
		false,
		3000,
		50,
		3000,
		0,
		0,
		500,
		5000,
		10,
		4000,
		2000,
		R._1,
	},
	[436020101]=
	{
		436020101,
		700,
		50,
		false,
		-200,
		1,
		300,
		5000,
		3000,
		3500,
		R._4,
		450,
		180,
		1,
		false,
		3000,
		50,
		3000,
		0,
		0,
		500,
		5000,
		10,
		1200,
		2000,
		R._1,
	},
	[205010601]=
	{
		205010601,
		600,
		-50,
		false,
		-200,
		1,
		400,
		5000,
		3000,
		0,
		{},
		900,
		180,
		1,
		false,
		3000,
		50,
		3000,
		0,
		0,
		500,
		5000,
		10,
		6000,
		2000,
		R._1,
	},
	[206010201]=
	{
		206010201,
		250,
		-50,
		false,
		-200,
		1,
		400,
		5000,
		3000,
		0,
		{},
		900,
		180,
		1,
		false,
		3000,
		50,
		3000,
		0,
		0,
		500,
		5000,
		10,
		4000,
		2000,
		R._1,
	},
	[201010109]=
	{
		201010109,
		300,
		0,
		false,
		200,
		1,
		400,
		5000,
		3000,
		0,
		{},
		1000,
		180,
		1,
		false,
		3000,
		50,
		3000,
		0,
		0,
		500,
		5000,
		10,
		6000,
		2000,
		R._1,
	},
	[208010110]=
	{
		208010110,
		400,
		100,
		false,
		-350,
		1,
		400,
		5000,
		3000,
		0,
		{},
		450,
		180,
		1,
		false,
		3000,
		50,
		3000,
		0,
		0,
		500,
		5000,
		10,
		1200,
		2000,
		R._1,
	},
	[209010111]=
	{
		209010111,
		700,
		0,
		true,
		-350,
		1,
		400,
		5000,
		3000,
		0,
		{},
		450,
		180,
		1,
		false,
		3000,
		50,
		3000,
		0,
		0,
		500,
		5000,
		10,
		1200,
		2000,
		R._1,
	},
	[413010601]=
	{
		413010601,
		200,
		0,
		false,
		-200,
		1,
		700,
		5000,
		3000,
		0,
		{},
		900,
		180,
		1,
		false,
		3000,
		50,
		3000,
		0,
		0,
		500,
		5000,
		10,
		6000,
		2000,
		R._1,
	},
	[414010601]=
	{
		414010601,
		150,
		150,
		false,
		-200,
		1,
		600,
		5000,
		3000,
		3500,
		R._4,
		900,
		180,
		1,
		false,
		3000,
		50,
		3000,
		0,
		0,
		500,
		5000,
		10,
		6000,
		2000,
		R._1,
	},
	[231010201]=
	{
		231010201,
		250,
		-50,
		false,
		-200,
		1,
		400,
		5000,
		3000,
		3500,
		R._4,
		900,
		180,
		1,
		false,
		3000,
		50,
		3000,
		0,
		0,
		500,
		5000,
		10,
		4000,
		2000,
		R._1,
	},
	[235010201]=
	{
		235010201,
		150,
		0,
		false,
		-200,
		1,
		300,
		5000,
		3000,
		3500,
		R._4,
		900,
		180,
		1,
		false,
		3000,
		50,
		3000,
		0,
		0,
		500,
		5000,
		10,
		4000,
		2000,
		R._1,
	},
	[218010201]=
	{
		218010201,
		400,
		0,
		false,
		-350,
		1,
		400,
		5000,
		3000,
		0,
		{},
		900,
		180,
		1,
		false,
		3000,
		50,
		3000,
		0,
		0,
		500,
		5000,
		10,
		4000,
		2000,
		R._1,
	},
	[202010201]=
	{
		202010201,
		250,
		100,
		false,
		-200,
		1,
		400,
		5000,
		3000,
		0,
		{},
		1700,
		180,
		1,
		false,
		3000,
		50,
		3000,
		0,
		0,
		500,
		5000,
		10,
		6000,
		2000,
		R._1,
	},
	[419010202]=
	{
		419010202,
		700,
		50,
		false,
		-150,
		1,
		300,
		5000,
		3000,
		3500,
		R._4,
		900,
		180,
		1,
		false,
		3000,
		50,
		3000,
		0,
		0,
		500,
		5000,
		10,
		4000,
		2000,
		R._1,
	},
	[409030202]=
	{
		409030202,
		300,
		0,
		false,
		-200,
		1,
		600,
		5000,
		3000,
		3500,
		R._4,
		900,
		180,
		1,
		false,
		3000,
		50,
		3000,
		0,
		0,
		500,
		5000,
		10,
		4000,
		2000,
		R._1,
	},
	[409020202]=
	{
		409020202,
		300,
		0,
		false,
		-200,
		1,
		600,
		5000,
		3000,
		3500,
		R._4,
		900,
		180,
		1,
		false,
		3000,
		50,
		3000,
		0,
		0,
		500,
		5000,
		10,
		4000,
		2000,
		R._1,
	},
	[443010202]=
	{
		443010202,
		500,
		50,
		false,
		-200,
		1,
		600,
		5000,
		3000,
		3500,
		R._4,
		900,
		180,
		1,
		false,
		3000,
		50,
		3000,
		0,
		0,
		500,
		5000,
		10,
		4000,
		2000,
		R._1,
	},
	[218010206]=
	{
		218010206,
		400,
		0,
		false,
		-350,
		1,
		400,
		5000,
		3000,
		0,
		{},
		900,
		180,
		1,
		false,
		3000,
		50,
		3000,
		0,
		0,
		500,
		5000,
		10,
		4000,
		2000,
		R._1,
	},
	[412010202]=
	{
		412010202,
		600,
		0,
		false,
		-200,
		1,
		300,
		5000,
		3000,
		0,
		{},
		900,
		180,
		1,
		false,
		3000,
		50,
		3000,
		0,
		0,
		500,
		5000,
		10,
		4000,
		2000,
		R._1,
	},
	[413010207]=
	{
		413010207,
		200,
		0,
		false,
		-200,
		1,
		700,
		5000,
		3000,
		0,
		{},
		900,
		180,
		1,
		false,
		3000,
		50,
		3000,
		0,
		0,
		500,
		5000,
		10,
		4000,
		2000,
		R._1,
	},
	[414010208]=
	{
		414010208,
		150,
		150,
		false,
		-200,
		1,
		600,
		5000,
		3000,
		3500,
		R._4,
		900,
		180,
		1,
		false,
		3000,
		50,
		3000,
		0,
		0,
		500,
		5000,
		10,
		4000,
		2000,
		R._1,
	},
	[415010202]=
	{
		415010202,
		700,
		50,
		false,
		-200,
		1,
		300,
		5000,
		3000,
		3500,
		R._4,
		900,
		180,
		1,
		false,
		3000,
		50,
		3000,
		0,
		0,
		500,
		5000,
		10,
		4000,
		2000,
		R._1,
	},
	[436020202]=
	{
		436020202,
		700,
		50,
		false,
		-200,
		1,
		300,
		5000,
		3000,
		3500,
		R._4,
		900,
		180,
		1,
		false,
		3000,
		50,
		3000,
		0,
		0,
		500,
		5000,
		10,
		4000,
		2000,
		R._1,
	},
	[438020202]=
	{
		438020202,
		250,
		150,
		false,
		-200,
		1,
		600,
		5000,
		3000,
		3500,
		R._4,
		900,
		180,
		1,
		false,
		3000,
		50,
		3000,
		0,
		0,
		500,
		5000,
		10,
		4000,
		2000,
		R._1,
	},
	[107010101]=
	{
		107010101,
		500,
		0,
		false,
		200,
		1,
		400,
		5000,
		3000,
		0,
		{},
		1000,
		180,
		1,
		false,
		3000,
		50,
		3000,
		0,
		0,
		500,
		5000,
		10,
		6000,
		2000,
		R._1,
	},
	[436010202]=
	{
		436010202,
		700,
		50,
		false,
		-200,
		1,
		300,
		5000,
		3000,
		3500,
		R._4,
		900,
		180,
		1,
		false,
		3000,
		50,
		3000,
		0,
		0,
		500,
		5000,
		10,
		4000,
		2000,
		R._1,
	},
	[436020201]=
	{
		436020201,
		700,
		50,
		false,
		-200,
		1,
		300,
		5000,
		3000,
		3500,
		R._4,
		900,
		180,
		1,
		false,
		3000,
		50,
		3000,
		0,
		0,
		500,
		5000,
		10,
		4000,
		2000,
		R._1,
	},
	[438010202]=
	{
		438010202,
		250,
		150,
		false,
		-200,
		1,
		600,
		5000,
		3000,
		3500,
		R._4,
		900,
		180,
		1,
		false,
		3000,
		50,
		3000,
		0,
		0,
		500,
		5000,
		10,
		4000,
		2000,
		R._1,
	},
	[438020203]=
	{
		438020203,
		250,
		150,
		false,
		-200,
		1,
		600,
		5000,
		3000,
		3500,
		R._4,
		900,
		180,
		1,
		false,
		3000,
		50,
		3000,
		0,
		0,
		500,
		5000,
		10,
		4000,
		2000,
		R._1,
	},
	[211020201]=
	{
		211020201,
		400,
		0,
		false,
		-350,
		1,
		400,
		5000,
		3000,
		0,
		{},
		900,
		180,
		1,
		false,
		3000,
		50,
		3000,
		0,
		0,
		500,
		5000,
		10,
		4000,
		2000,
		R._1,
	},
	[437020201]=
	{
		437020201,
		150,
		150,
		false,
		-200,
		1,
		600,
		5000,
		3000,
		3500,
		R._4,
		900,
		180,
		1,
		false,
		3000,
		50,
		3000,
		0,
		0,
		500,
		5000,
		10,
		4000,
		2000,
		R._1,
	},
	[439020201]=
	{
		439020201,
		250,
		150,
		false,
		-200,
		1,
		600,
		5000,
		3000,
		3500,
		R._4,
		900,
		180,
		1,
		false,
		3000,
		50,
		3000,
		0,
		0,
		500,
		5000,
		10,
		4000,
		2000,
		R._1,
	},
	[110010101]=
	{
		110010101,
		400,
		0,
		false,
		0,
		1,
		400,
		5000,
		3000,
		0,
		{},
		1700,
		180,
		1,
		false,
		3000,
		50,
		3000,
		0,
		0,
		500,
		5000,
		10,
		6000,
		2000,
		R._1,
	},
	[201010103]=
	{
		201010103,
		300,
		0,
		false,
		200,
		1,
		400,
		5000,
		3000,
		0,
		{},
		1000,
		180,
		1,
		false,
		3000,
		50,
		3000,
		0,
		0,
		500,
		5000,
		10,
		6000,
		2000,
		R._1,
	},
	[404010203]=
	{
		404010203,
		250,
		0,
		false,
		-200,
		1,
		600,
		5000,
		3000,
		3500,
		R._4,
		900,
		180,
		1,
		false,
		3000,
		50,
		3000,
		0,
		0,
		500,
		5000,
		10,
		4000,
		2000,
		R._1,
	},
	[403010202]=
	{
		403010202,
		300,
		0,
		false,
		-200,
		1,
		600,
		5000,
		3000,
		3500,
		R._4,
		900,
		180,
		1,
		false,
		3000,
		50,
		3000,
		0,
		0,
		500,
		5000,
		10,
		4000,
		2000,
		R._1,
	},
	[405010205]=
	{
		405010205,
		250,
		50,
		false,
		-200,
		1,
		600,
		5000,
		3000,
		3500,
		R._4,
		900,
		180,
		1,
		false,
		3000,
		50,
		3000,
		0,
		0,
		500,
		5000,
		10,
		4000,
		2000,
		R._1,
	},
	[406010205]=
	{
		406010205,
		600,
		0,
		false,
		-200,
		0,
		300,
		5000,
		3000,
		3500,
		R._4,
		900,
		180,
		1,
		false,
		3000,
		50,
		3000,
		0,
		0,
		500,
		5000,
		10,
		4000,
		2000,
		R._1,
	},
	[407010202]=
	{
		407010202,
		600,
		0,
		false,
		-200,
		1,
		300,
		5000,
		3000,
		3500,
		R._4,
		900,
		180,
		1,
		false,
		3000,
		50,
		3000,
		0,
		0,
		500,
		5000,
		10,
		4000,
		2000,
		R._1,
	},
	[409020208]=
	{
		409020208,
		300,
		0,
		false,
		-200,
		1,
		600,
		5000,
		3000,
		3500,
		R._4,
		900,
		180,
		1,
		false,
		3000,
		50,
		3000,
		0,
		0,
		500,
		5000,
		10,
		4000,
		2000,
		R._1,
	},
	[409020205]=
	{
		409020205,
		300,
		0,
		false,
		-200,
		1,
		600,
		5000,
		3000,
		3500,
		R._4,
		900,
		180,
		1,
		false,
		3000,
		50,
		3000,
		0,
		0,
		500,
		5000,
		10,
		4000,
		2000,
		R._1,
	},
	[409010202]=
	{
		409010202,
		300,
		0,
		false,
		-200,
		0,
		600,
		5000,
		3000,
		3500,
		R._4,
		900,
		180,
		1,
		false,
		3000,
		50,
		3000,
		0,
		0,
		500,
		5000,
		10,
		4000,
		2000,
		R._2,
	},
	[409020206]=
	{
		409020206,
		300,
		0,
		false,
		-200,
		1,
		600,
		5000,
		3000,
		3500,
		R._4,
		900,
		180,
		1,
		false,
		3000,
		50,
		3000,
		0,
		0,
		500,
		5000,
		10,
		4000,
		2000,
		R._1,
	},
	[409010203]=
	{
		409010203,
		300,
		0,
		false,
		-200,
		0,
		600,
		5000,
		3000,
		3500,
		R._4,
		900,
		180,
		1,
		false,
		3000,
		50,
		3000,
		0,
		0,
		500,
		5000,
		10,
		4000,
		2000,
		R._2,
	},
	[409011201]=
	{
		409011201,
		600,
		0,
		false,
		-200,
		0,
		300,
		5000,
		3000,
		3500,
		R._4,
		900,
		180,
		1,
		false,
		3000,
		50,
		3000,
		0,
		0,
		500,
		5000,
		10,
		4000,
		2000,
		R._2,
	},
	[409020207]=
	{
		409020207,
		300,
		0,
		false,
		-200,
		1,
		600,
		5000,
		3000,
		3500,
		R._4,
		900,
		180,
		1,
		false,
		3000,
		50,
		3000,
		0,
		0,
		500,
		5000,
		10,
		4000,
		2000,
		R._1,
	},
	[409010204]=
	{
		409010204,
		300,
		0,
		false,
		-200,
		0,
		600,
		5000,
		3000,
		3500,
		R._4,
		900,
		180,
		1,
		false,
		3000,
		50,
		3000,
		0,
		0,
		500,
		5000,
		10,
		4000,
		2000,
		R._2,
	},
	[409011202]=
	{
		409011202,
		600,
		0,
		false,
		-200,
		0,
		300,
		5000,
		3000,
		3500,
		R._4,
		900,
		180,
		1,
		false,
		3000,
		50,
		3000,
		0,
		0,
		500,
		5000,
		10,
		4000,
		2000,
		R._2,
	},
	[429020201]=
	{
		429020201,
		600,
		0,
		false,
		-200,
		1,
		400,
		5000,
		3000,
		3500,
		R._4,
		900,
		180,
		1,
		false,
		3000,
		50,
		3000,
		0,
		0,
		500,
		5000,
		10,
		4000,
		2000,
		R._1,
	},
	[428010202]=
	{
		428010202,
		200,
		50,
		false,
		-200,
		1,
		400,
		5000,
		3000,
		3500,
		R._4,
		3000,
		180,
		1,
		false,
		3000,
		50,
		3000,
		0,
		0,
		500,
		5000,
		10,
		4000,
		2000,
		R._1,
	},
	[429010201]=
	{
		429010201,
		600,
		0,
		false,
		-200,
		1,
		400,
		5000,
		3000,
		3500,
		R._4,
		3000,
		180,
		1,
		false,
		3000,
		50,
		3000,
		0,
		0,
		500,
		5000,
		10,
		4000,
		2000,
		R._1,
	},
	[409020203]=
	{
		409020203,
		300,
		0,
		false,
		-200,
		1,
		600,
		5000,
		3000,
		3500,
		R._4,
		900,
		180,
		1,
		false,
		3000,
		50,
		3000,
		0,
		0,
		500,
		5000,
		10,
		4000,
		2000,
		R._1,
	},
	[115010102]=
	{
		115010102,
		2000,
		0,
		true,
		200,
		1,
		400,
		5000,
		3000,
		0,
		{},
		3000,
		180,
		1,
		false,
		3000,
		50,
		3000,
		0,
		0,
		500,
		5000,
		10,
		6000,
		4000,
		R._1,
	},
	[504010201]=
	{
		504010201,
		200,
		150,
		false,
		-200,
		1,
		600,
		5000,
		3000,
		3500,
		R._4,
		3000,
		180,
		1,
		false,
		3000,
		50,
		3000,
		0,
		0,
		500,
		5000,
		10,
		4000,
		2000,
		R._1,
	},
	[503010201]=
	{
		503010201,
		200,
		150,
		false,
		-200,
		1,
		600,
		5000,
		3000,
		3500,
		R._4,
		1000,
		180,
		1,
		false,
		3000,
		50,
		3000,
		0,
		0,
		500,
		5000,
		10,
		4000,
		2000,
		R._1,
	},
	[502010201]=
	{
		502010201,
		200,
		150,
		false,
		-200,
		1,
		600,
		5000,
		3000,
		3500,
		R._4,
		3000,
		180,
		1,
		false,
		3000,
		50,
		3000,
		0,
		0,
		500,
		5000,
		10,
		4000,
		2000,
		R._1,
	},
	[503010202]=
	{
		503010202,
		200,
		150,
		false,
		-200,
		1,
		600,
		5000,
		3000,
		3500,
		R._4,
		900,
		180,
		1,
		false,
		3000,
		50,
		3000,
		0,
		0,
		500,
		5000,
		10,
		4000,
		2000,
		R._1,
	},
	[502010202]=
	{
		502010202,
		200,
		150,
		false,
		-200,
		1,
		600,
		5000,
		3000,
		3500,
		R._4,
		900,
		180,
		1,
		false,
		3000,
		50,
		3000,
		0,
		0,
		500,
		5000,
		10,
		4000,
		2000,
		R._1,
	},
	[504010202]=
	{
		504010202,
		200,
		150,
		false,
		-200,
		1,
		600,
		5000,
		3000,
		3500,
		R._4,
		900,
		180,
		1,
		false,
		3000,
		50,
		3000,
		0,
		0,
		500,
		5000,
		10,
		4000,
		2000,
		R._1,
	},
	[2400101]=
	{
		2400101,
		200,
		50,
		false,
		-150,
		1,
		300,
		5000,
		3000,
		0,
		R._6,
		100,
		180,
		1,
		false,
		3000,
		50,
		3000,
		0,
		3000,
		500,
		5000,
		10,
		6000,
		2000,
		R._1,
	},
	[2400102]=
	{
		2400102,
		300,
		0,
		false,
		-200,
		0,
		600,
		5000,
		3000,
		0,
		R._6,
		100,
		180,
		1,
		false,
		3000,
		50,
		3000,
		0,
		3000,
		500,
		5000,
		10,
		6000,
		2000,
		R._2,
	},
	[2400103]=
	{
		2400103,
		300,
		0,
		false,
		-200,
		1,
		600,
		5000,
		3000,
		0,
		R._6,
		100,
		180,
		1,
		false,
		3000,
		50,
		3000,
		0,
		3000,
		500,
		5000,
		10,
		6000,
		2000,
		R._1,
	},
	[2400104]=
	{
		2400104,
		300,
		0,
		false,
		-200,
		1,
		600,
		5000,
		3000,
		0,
		R._6,
		100,
		180,
		1,
		false,
		3000,
		50,
		3000,
		0,
		3000,
		500,
		5000,
		10,
		6000,
		2000,
		R._1,
	},
	[2400105]=
	{
		2400105,
		150,
		50,
		false,
		-200,
		1,
		400,
		5000,
		3000,
		0,
		R._6,
		100,
		180,
		1,
		false,
		3000,
		50,
		3000,
		0,
		3000,
		500,
		5000,
		10,
		6000,
		2000,
		R._1,
	},
	[2400106]=
	{
		2400106,
		200,
		0,
		false,
		-200,
		0,
		600,
		5000,
		3000,
		0,
		R._6,
		100,
		180,
		1,
		false,
		3000,
		50,
		3000,
		0,
		3000,
		500,
		5000,
		10,
		6000,
		2000,
		R._1,
	},
	[2400107]=
	{
		2400107,
		250,
		0,
		false,
		-200,
		1,
		600,
		5000,
		3000,
		0,
		R._6,
		100,
		180,
		1,
		false,
		3000,
		50,
		3000,
		0,
		3000,
		500,
		5000,
		10,
		6000,
		2000,
		R._1,
	},
	[2400108]=
	{
		2400108,
		300,
		0,
		false,
		-200,
		1,
		600,
		5000,
		3000,
		0,
		R._6,
		100,
		180,
		1,
		false,
		3000,
		50,
		3000,
		0,
		3000,
		500,
		5000,
		10,
		6000,
		2000,
		R._1,
	},
	[2400109]=
	{
		2400109,
		250,
		50,
		false,
		-200,
		1,
		600,
		5000,
		3000,
		0,
		R._6,
		100,
		180,
		1,
		false,
		3000,
		50,
		3000,
		0,
		3000,
		500,
		5000,
		10,
		6000,
		2000,
		R._1,
	},
	[2400110]=
	{
		2400110,
		600,
		0,
		false,
		-200,
		0,
		300,
		5000,
		3000,
		0,
		R._6,
		100,
		180,
		1,
		false,
		3000,
		50,
		3000,
		0,
		3000,
		500,
		5000,
		10,
		6000,
		2000,
		R._1,
	},
	[2400111]=
	{
		2400111,
		600,
		0,
		false,
		-200,
		1,
		300,
		5000,
		3000,
		0,
		R._6,
		100,
		180,
		1,
		false,
		3000,
		50,
		3000,
		0,
		3000,
		500,
		5000,
		10,
		6000,
		2000,
		R._1,
	},
	[2400112]=
	{
		2400112,
		400,
		0,
		false,
		-350,
		1,
		400,
		5000,
		3000,
		0,
		R._6,
		100,
		180,
		1,
		false,
		3000,
		50,
		3000,
		0,
		3000,
		500,
		5000,
		10,
		6000,
		2000,
		R._1,
	},
	[2400113]=
	{
		2400113,
		700,
		50,
		false,
		-150,
		1,
		300,
		5000,
		3000,
		0,
		R._6,
		100,
		180,
		1,
		false,
		3000,
		50,
		3000,
		0,
		3000,
		500,
		5000,
		10,
		6000,
		2000,
		R._1,
	},
	[2400114]=
	{
		2400114,
		500,
		50,
		false,
		-200,
		1,
		600,
		5000,
		3000,
		0,
		R._6,
		100,
		180,
		1,
		false,
		3000,
		50,
		3000,
		0,
		3000,
		500,
		5000,
		10,
		6000,
		2000,
		R._1,
	},
	[2400115]=
	{
		2400115,
		200,
		50,
		false,
		-200,
		1,
		400,
		5000,
		3000,
		0,
		R._6,
		100,
		180,
		1,
		false,
		3000,
		50,
		3000,
		0,
		3000,
		500,
		5000,
		10,
		6000,
		2000,
		R._1,
	},
	[2400116]=
	{
		2400116,
		200,
		50,
		false,
		-200,
		1,
		400,
		5000,
		3000,
		0,
		R._6,
		100,
		180,
		1,
		false,
		3000,
		50,
		3000,
		0,
		3000,
		500,
		5000,
		10,
		6000,
		2000,
		R._1,
	},
	[2400117]=
	{
		2400117,
		600,
		50,
		false,
		-200,
		1,
		400,
		5000,
		3000,
		0,
		R._6,
		100,
		180,
		1,
		false,
		3000,
		50,
		3000,
		0,
		3000,
		500,
		5000,
		10,
		6000,
		2000,
		R._1,
	},
	[2400118]=
	{
		2400118,
		600,
		0,
		false,
		-200,
		1,
		300,
		5000,
		3000,
		0,
		R._6,
		100,
		180,
		1,
		false,
		3000,
		50,
		3000,
		0,
		3000,
		500,
		5000,
		10,
		6000,
		2000,
		R._1,
	},
	[2400119]=
	{
		2400119,
		200,
		0,
		false,
		-200,
		1,
		700,
		5000,
		3000,
		0,
		R._6,
		100,
		180,
		1,
		false,
		3000,
		50,
		3000,
		0,
		3000,
		500,
		5000,
		10,
		6000,
		2000,
		R._1,
	},
	[2400120]=
	{
		2400120,
		150,
		150,
		false,
		-200,
		1,
		600,
		5000,
		3000,
		0,
		R._6,
		100,
		180,
		1,
		false,
		3000,
		50,
		3000,
		0,
		3000,
		500,
		5000,
		10,
		6000,
		2000,
		R._1,
	},
	[2400121]=
	{
		2400121,
		700,
		50,
		false,
		-200,
		1,
		300,
		5000,
		3000,
		0,
		R._6,
		100,
		180,
		1,
		false,
		3000,
		50,
		3000,
		0,
		3000,
		500,
		5000,
		10,
		6000,
		2000,
		R._1,
	},
	[2400303]=
	{
		2400303,
		600,
		-50,
		false,
		-200,
		1,
		400,
		5000,
		3000,
		0,
		R._6,
		100,
		180,
		1,
		false,
		3000,
		50,
		3000,
		0,
		3000,
		500,
		5000,
		10,
		6000,
		2000,
		R._1,
	},
	[2400304]=
	{
		2400304,
		250,
		-50,
		false,
		-200,
		1,
		400,
		5000,
		3000,
		0,
		R._6,
		100,
		180,
		1,
		false,
		3000,
		50,
		3000,
		0,
		3000,
		500,
		5000,
		10,
		6000,
		2000,
		R._1,
	},
	[2400301]=
	{
		2400301,
		300,
		0,
		false,
		200,
		1,
		400,
		5000,
		3000,
		0,
		R._6,
		100,
		180,
		1,
		false,
		3000,
		50,
		3000,
		0,
		3000,
		500,
		5000,
		10,
		6000,
		2000,
		R._1,
	},
	[2400306]=
	{
		2400306,
		400,
		100,
		false,
		-350,
		1,
		400,
		5000,
		3000,
		0,
		R._6,
		100,
		180,
		1,
		false,
		3000,
		50,
		3000,
		0,
		3000,
		500,
		5000,
		10,
		6000,
		2000,
		R._1,
	},
	[2400307]=
	{
		2400307,
		700,
		0,
		true,
		-350,
		1,
		400,
		5000,
		3000,
		0,
		R._6,
		100,
		180,
		1,
		false,
		3000,
		50,
		3000,
		0,
		3000,
		500,
		5000,
		10,
		6000,
		2000,
		R._1,
	},
	[2400308]=
	{
		2400308,
		200,
		0,
		false,
		-200,
		1,
		700,
		5000,
		3000,
		0,
		R._6,
		100,
		180,
		1,
		false,
		3000,
		50,
		3000,
		0,
		3000,
		500,
		5000,
		10,
		6000,
		2000,
		R._1,
	},
	[2400309]=
	{
		2400309,
		150,
		150,
		false,
		-200,
		1,
		600,
		5000,
		3000,
		0,
		R._6,
		100,
		180,
		1,
		false,
		3000,
		50,
		3000,
		0,
		3000,
		500,
		5000,
		10,
		6000,
		2000,
		R._1,
	},
	[2400310]=
	{
		2400310,
		250,
		-50,
		false,
		-200,
		1,
		400,
		5000,
		3000,
		0,
		R._6,
		100,
		180,
		1,
		false,
		3000,
		50,
		3000,
		0,
		3000,
		500,
		5000,
		10,
		6000,
		2000,
		R._1,
	},
	[2400311]=
	{
		2400311,
		150,
		0,
		false,
		-200,
		1,
		300,
		5000,
		3000,
		0,
		R._6,
		100,
		180,
		1,
		false,
		3000,
		50,
		3000,
		0,
		3000,
		500,
		5000,
		10,
		6000,
		2000,
		R._1,
	},
	[2400312]=
	{
		2400312,
		400,
		0,
		false,
		-350,
		1,
		400,
		5000,
		3000,
		0,
		R._6,
		100,
		180,
		1,
		false,
		3000,
		50,
		3000,
		0,
		3000,
		500,
		5000,
		10,
		6000,
		2000,
		R._1,
	},
	[2400302]=
	{
		2400302,
		250,
		0,
		false,
		-200,
		1,
		400,
		5000,
		3000,
		0,
		R._6,
		100,
		180,
		1,
		false,
		3000,
		50,
		3000,
		0,
		3000,
		500,
		5000,
		10,
		6000,
		2000,
		R._1,
	},
	[2400201]=
	{
		2400201,
		700,
		50,
		false,
		-150,
		1,
		300,
		5000,
		3000,
		0,
		R._6,
		100,
		180,
		1,
		false,
		3000,
		50,
		3000,
		0,
		3000,
		500,
		5000,
		10,
		6000,
		2000,
		R._1,
	},
	[2400202]=
	{
		2400202,
		300,
		0,
		false,
		-200,
		1,
		600,
		5000,
		3000,
		0,
		R._6,
		100,
		180,
		1,
		false,
		3000,
		50,
		3000,
		0,
		3000,
		500,
		5000,
		10,
		6000,
		2000,
		R._1,
	},
	[2400203]=
	{
		2400203,
		300,
		0,
		false,
		-200,
		1,
		600,
		5000,
		3000,
		0,
		R._6,
		100,
		180,
		1,
		false,
		3000,
		50,
		3000,
		0,
		3000,
		500,
		5000,
		10,
		6000,
		2000,
		R._1,
	},
	[2400204]=
	{
		2400204,
		500,
		50,
		false,
		-200,
		1,
		600,
		5000,
		3000,
		0,
		R._6,
		100,
		180,
		1,
		false,
		3000,
		50,
		3000,
		0,
		3000,
		500,
		5000,
		10,
		6000,
		2000,
		R._1,
	},
	[2400205]=
	{
		2400205,
		400,
		0,
		false,
		-350,
		1,
		400,
		5000,
		3000,
		0,
		R._6,
		100,
		180,
		1,
		false,
		3000,
		50,
		3000,
		0,
		3000,
		500,
		5000,
		10,
		6000,
		2000,
		R._1,
	},
	[2400206]=
	{
		2400206,
		600,
		0,
		false,
		-200,
		1,
		300,
		5000,
		3000,
		0,
		R._6,
		100,
		180,
		1,
		false,
		3000,
		50,
		3000,
		0,
		3000,
		500,
		5000,
		10,
		6000,
		2000,
		R._1,
	},
	[2400207]=
	{
		2400207,
		200,
		0,
		false,
		-200,
		1,
		700,
		5000,
		3000,
		0,
		R._6,
		100,
		180,
		1,
		false,
		3000,
		50,
		3000,
		0,
		3000,
		500,
		5000,
		10,
		6000,
		2000,
		R._1,
	},
	[2400208]=
	{
		2400208,
		150,
		150,
		false,
		-200,
		1,
		600,
		5000,
		3000,
		0,
		R._6,
		100,
		180,
		1,
		false,
		3000,
		50,
		3000,
		0,
		3000,
		500,
		5000,
		10,
		6000,
		2000,
		R._1,
	},
	[2400209]=
	{
		2400209,
		700,
		50,
		false,
		-200,
		1,
		300,
		5000,
		3000,
		0,
		R._6,
		100,
		180,
		1,
		false,
		3000,
		50,
		3000,
		0,
		3000,
		500,
		5000,
		10,
		6000,
		2000,
		R._1,
	},
	[2400127]=
	{
		2400127,
		300,
		300,
		false,
		-200,
		1,
		600,
		5000,
		3000,
		3500,
		R._4,
		450,
		180,
		1,
		false,
		3000,
		50,
		3000,
		0,
		3000,
		500,
		5000,
		10,
		1200,
		2000,
		R._1,
	},
	[2400128]=
	{
		2400128,
		250,
		300,
		false,
		-200,
		1,
		600,
		5000,
		3000,
		3500,
		R._4,
		450,
		180,
		1,
		false,
		3000,
		50,
		3000,
		0,
		3000,
		500,
		5000,
		10,
		1200,
		2000,
		R._1,
	},

}

do
    MT(KeyMap, AITemplateList)
end

return AITemplateList
