
local KeyMap = {
	ID = 1,
	DropID = 2,
	DropNum = 3,
	IndexID = 4,
	Rate = 5,
	ShowType = 6,
	WindowType = 7,
	TaskAward = 8,

}

local R = {

}

local DropsList = 
{
	[1]=
	{
		1,
		1003,
		1,
		1005,
		10000,
		1,
		0,
		0,
	},
	[2]=
	{
		2,
		1003,
		1,
		1006,
		10000,
		1,
		0,
		0,
	},
	[3]=
	{
		3,
		1003,
		1,
		1007,
		10000,
		1,
		0,
		0,
	},
	[4]=
	{
		4,
		1003,
		1,
		1008,
		10000,
		1,
		0,
		0,
	},
	[5]=
	{
		5,
		1004,
		1,
		1005,
		10000,
		1,
		0,
		0,
	},
	[6]=
	{
		6,
		1004,
		1,
		1006,
		10000,
		1,
		0,
		0,
	},
	[7]=
	{
		7,
		1004,
		1,
		1007,
		10000,
		1,
		0,
		0,
	},
	[8]=
	{
		8,
		1004,
		1,
		1008,
		10000,
		1,
		0,
		0,
	},
	[9]=
	{
		9,
		2000,
		1,
		20002,
		500,
		2,
		0,
		0,
	},
	[10]=
	{
		10,
		2000,
		1,
		1001,
		600,
		2,
		0,
		0,
	},
	[11]=
	{
		11,
		2001,
		1,
		20011,
		10000,
		0,
		0,
		0,
	},
	[12]=
	{
		12,
		2001,
		1,
		20012,
		500,
		2,
		0,
		0,
	},
	[13]=
	{
		13,
		2001,
		1,
		1011,
		600,
		2,
		0,
		0,
	},
	[14]=
	{
		14,
		2001,
		1,
		1012,
		15,
		2,
		0,
		0,
	},
	[15]=
	{
		15,
		2002,
		1,
		20021,
		10000,
		0,
		0,
		0,
	},
	[16]=
	{
		16,
		2002,
		1,
		20022,
		500,
		2,
		0,
		0,
	},
	[17]=
	{
		17,
		2002,
		1,
		1021,
		600,
		2,
		0,
		0,
	},
	[18]=
	{
		18,
		2002,
		1,
		1022,
		15,
		2,
		0,
		0,
	},
	[19]=
	{
		19,
		2003,
		1,
		20031,
		10000,
		0,
		0,
		0,
	},
	[20]=
	{
		20,
		2003,
		1,
		20032,
		500,
		2,
		0,
		0,
	},
	[21]=
	{
		21,
		2003,
		1,
		1031,
		600,
		2,
		0,
		0,
	},
	[22]=
	{
		22,
		2003,
		1,
		1032,
		15,
		2,
		0,
		0,
	},
	[23]=
	{
		23,
		2004,
		1,
		20041,
		10000,
		0,
		0,
		0,
	},
	[24]=
	{
		24,
		2004,
		1,
		20042,
		500,
		2,
		0,
		0,
	},
	[25]=
	{
		25,
		2004,
		1,
		1041,
		600,
		2,
		0,
		0,
	},
	[26]=
	{
		26,
		2004,
		1,
		1042,
		15,
		2,
		0,
		0,
	},
	[27]=
	{
		27,
		2005,
		1,
		20051,
		10000,
		0,
		0,
		0,
	},
	[28]=
	{
		28,
		2005,
		1,
		20052,
		500,
		2,
		0,
		0,
	},
	[29]=
	{
		29,
		2005,
		1,
		1051,
		600,
		2,
		0,
		0,
	},
	[30]=
	{
		30,
		2005,
		1,
		1052,
		15,
		2,
		0,
		0,
	},
	[31]=
	{
		31,
		2006,
		1,
		20061,
		10000,
		0,
		0,
		0,
	},
	[32]=
	{
		32,
		2006,
		1,
		20062,
		500,
		2,
		0,
		0,
	},
	[33]=
	{
		33,
		2006,
		1,
		1061,
		600,
		2,
		0,
		0,
	},
	[34]=
	{
		34,
		2006,
		1,
		1062,
		15,
		2,
		0,
		0,
	},
	[35]=
	{
		35,
		2007,
		1,
		20071,
		10000,
		0,
		0,
		0,
	},
	[36]=
	{
		36,
		2007,
		1,
		20072,
		500,
		2,
		0,
		0,
	},
	[37]=
	{
		37,
		2007,
		1,
		1071,
		600,
		2,
		0,
		0,
	},
	[38]=
	{
		38,
		2007,
		1,
		1072,
		15,
		2,
		0,
		0,
	},
	[39]=
	{
		39,
		2008,
		1,
		20081,
		10000,
		0,
		0,
		0,
	},
	[40]=
	{
		40,
		2008,
		1,
		20082,
		500,
		2,
		0,
		0,
	},
	[41]=
	{
		41,
		2008,
		1,
		1081,
		600,
		2,
		0,
		0,
	},
	[42]=
	{
		42,
		2008,
		1,
		1082,
		15,
		2,
		0,
		0,
	},
	[43]=
	{
		43,
		2009,
		1,
		20091,
		10000,
		0,
		0,
		0,
	},
	[44]=
	{
		44,
		2009,
		1,
		20092,
		500,
		2,
		0,
		0,
	},
	[45]=
	{
		45,
		2009,
		1,
		1091,
		600,
		2,
		0,
		0,
	},
	[46]=
	{
		46,
		2009,
		1,
		1092,
		15,
		2,
		0,
		0,
	},
	[47]=
	{
		47,
		2101,
		1,
		21011,
		10000,
		0,
		0,
		0,
	},
	[48]=
	{
		48,
		2101,
		1,
		1011,
		10000,
		2,
		0,
		0,
	},
	[49]=
	{
		49,
		2101,
		1,
		1012,
		113,
		2,
		0,
		0,
	},
	[50]=
	{
		50,
		2101,
		1,
		1013,
		6,
		2,
		0,
		0,
	},
	[51]=
	{
		51,
		2102,
		1,
		21021,
		10000,
		0,
		0,
		0,
	},
	[52]=
	{
		52,
		2102,
		1,
		1021,
		10000,
		2,
		0,
		0,
	},
	[53]=
	{
		53,
		2102,
		1,
		1022,
		113,
		2,
		0,
		0,
	},
	[54]=
	{
		54,
		2102,
		1,
		1023,
		5,
		2,
		0,
		0,
	},
	[55]=
	{
		55,
		2103,
		1,
		21031,
		10000,
		0,
		0,
		0,
	},
	[56]=
	{
		56,
		2103,
		1,
		1031,
		10000,
		2,
		0,
		0,
	},
	[57]=
	{
		57,
		2103,
		1,
		1032,
		113,
		2,
		0,
		0,
	},
	[58]=
	{
		58,
		2103,
		1,
		1033,
		4,
		2,
		0,
		0,
	},
	[59]=
	{
		59,
		2104,
		1,
		21041,
		10000,
		0,
		0,
		0,
	},
	[60]=
	{
		60,
		2104,
		1,
		1041,
		10000,
		2,
		0,
		0,
	},
	[61]=
	{
		61,
		2104,
		1,
		1042,
		113,
		2,
		0,
		0,
	},
	[62]=
	{
		62,
		2104,
		1,
		1043,
		3,
		2,
		0,
		0,
	},
	[63]=
	{
		63,
		2105,
		1,
		21051,
		10000,
		0,
		0,
		0,
	},
	[64]=
	{
		64,
		2105,
		1,
		1051,
		10000,
		2,
		0,
		0,
	},
	[65]=
	{
		65,
		2105,
		1,
		1052,
		113,
		2,
		0,
		0,
	},
	[66]=
	{
		66,
		2105,
		1,
		1053,
		3,
		2,
		0,
		0,
	},
	[67]=
	{
		67,
		2106,
		1,
		21061,
		10000,
		0,
		0,
		0,
	},
	[68]=
	{
		68,
		2106,
		1,
		1061,
		10000,
		2,
		0,
		0,
	},
	[69]=
	{
		69,
		2106,
		1,
		1062,
		113,
		2,
		0,
		0,
	},
	[70]=
	{
		70,
		2106,
		1,
		1063,
		3,
		2,
		0,
		0,
	},
	[71]=
	{
		71,
		2107,
		1,
		21071,
		10000,
		0,
		0,
		0,
	},
	[72]=
	{
		72,
		2107,
		1,
		1071,
		10000,
		2,
		0,
		0,
	},
	[73]=
	{
		73,
		2107,
		1,
		1072,
		113,
		2,
		0,
		0,
	},
	[74]=
	{
		74,
		2107,
		1,
		1073,
		3,
		2,
		0,
		0,
	},
	[75]=
	{
		75,
		2108,
		1,
		21081,
		10000,
		0,
		0,
		0,
	},
	[76]=
	{
		76,
		2108,
		1,
		1081,
		10000,
		2,
		0,
		0,
	},
	[77]=
	{
		77,
		2108,
		1,
		1082,
		113,
		2,
		0,
		0,
	},
	[78]=
	{
		78,
		2108,
		1,
		1083,
		3,
		2,
		0,
		0,
	},
	[79]=
	{
		79,
		2109,
		1,
		21091,
		10000,
		0,
		0,
		0,
	},
	[80]=
	{
		80,
		2109,
		1,
		1091,
		10000,
		2,
		0,
		0,
	},
	[81]=
	{
		81,
		2109,
		1,
		1092,
		113,
		2,
		0,
		0,
	},
	[82]=
	{
		82,
		2109,
		1,
		1093,
		3,
		2,
		0,
		0,
	},
	[83]=
	{
		83,
		3000,
		1,
		20002,
		500,
		2,
		0,
		0,
	},
	[84]=
	{
		84,
		3000,
		1,
		1001,
		1000,
		2,
		0,
		0,
	},
	[85]=
	{
		85,
		3001,
		1,
		20012,
		500,
		2,
		0,
		0,
	},
	[86]=
	{
		86,
		3001,
		1,
		1011,
		600,
		2,
		0,
		0,
	},
	[87]=
	{
		87,
		3001,
		1,
		1012,
		15,
		2,
		0,
		0,
	},
	[88]=
	{
		88,
		3002,
		1,
		20022,
		500,
		2,
		0,
		0,
	},
	[89]=
	{
		89,
		3002,
		1,
		1021,
		600,
		2,
		0,
		0,
	},
	[90]=
	{
		90,
		3002,
		1,
		1022,
		15,
		2,
		0,
		0,
	},
	[91]=
	{
		91,
		3003,
		1,
		20032,
		500,
		2,
		0,
		0,
	},
	[92]=
	{
		92,
		3003,
		1,
		1031,
		600,
		2,
		0,
		0,
	},
	[93]=
	{
		93,
		3003,
		1,
		1032,
		15,
		2,
		0,
		0,
	},
	[94]=
	{
		94,
		3004,
		1,
		20042,
		500,
		2,
		0,
		0,
	},
	[95]=
	{
		95,
		3004,
		1,
		1041,
		600,
		2,
		0,
		0,
	},
	[96]=
	{
		96,
		3004,
		1,
		1042,
		15,
		2,
		0,
		0,
	},
	[97]=
	{
		97,
		3101,
		1,
		21012,
		10000,
		2,
		0,
		0,
	},
	[98]=
	{
		98,
		3101,
		1,
		1011,
		10000,
		2,
		0,
		0,
	},
	[99]=
	{
		99,
		3101,
		1,
		1012,
		113,
		2,
		0,
		0,
	},
	[100]=
	{
		100,
		3102,
		1,
		21022,
		10000,
		2,
		0,
		0,
	},
	[101]=
	{
		101,
		3102,
		1,
		1021,
		10000,
		2,
		0,
		0,
	},
	[102]=
	{
		102,
		3102,
		1,
		1022,
		113,
		2,
		0,
		0,
	},
	[103]=
	{
		103,
		3103,
		1,
		21032,
		10000,
		2,
		0,
		0,
	},
	[104]=
	{
		104,
		3103,
		1,
		1031,
		10000,
		2,
		0,
		0,
	},
	[105]=
	{
		105,
		3103,
		1,
		1032,
		113,
		2,
		0,
		0,
	},
	[106]=
	{
		106,
		3104,
		1,
		21042,
		10000,
		2,
		0,
		0,
	},
	[107]=
	{
		107,
		3104,
		1,
		1041,
		10000,
		2,
		0,
		0,
	},
	[108]=
	{
		108,
		3104,
		1,
		1042,
		113,
		2,
		0,
		0,
	},
	[109]=
	{
		109,
		3201,
		3,
		21012,
		10000,
		2,
		0,
		0,
	},
	[110]=
	{
		110,
		3201,
		2,
		1011,
		10000,
		2,
		0,
		0,
	},
	[111]=
	{
		111,
		3201,
		1,
		1012,
		5000,
		2,
		0,
		0,
	},
	[112]=
	{
		112,
		3202,
		3,
		21022,
		10000,
		2,
		0,
		0,
	},
	[113]=
	{
		113,
		3202,
		2,
		1021,
		10000,
		2,
		0,
		0,
	},
	[114]=
	{
		114,
		3202,
		1,
		1022,
		5000,
		2,
		0,
		0,
	},
	[115]=
	{
		115,
		3203,
		3,
		21032,
		10000,
		2,
		0,
		0,
	},
	[116]=
	{
		116,
		3203,
		2,
		1032,
		10000,
		2,
		0,
		0,
	},
	[117]=
	{
		117,
		3203,
		1,
		1031,
		5000,
		2,
		0,
		0,
	},
	[118]=
	{
		118,
		3204,
		3,
		21042,
		10000,
		2,
		0,
		0,
	},
	[119]=
	{
		119,
		3204,
		2,
		1041,
		10000,
		2,
		0,
		0,
	},
	[120]=
	{
		120,
		3204,
		1,
		1042,
		5000,
		2,
		0,
		0,
	},
	[121]=
	{
		121,
		100100,
		1,
		100101,
		10000,
		1,
		2,
		0,
	},
	[122]=
	{
		122,
		100100,
		1,
		100102,
		10000,
		2,
		2,
		0,
	},
	[123]=
	{
		123,
		100100,
		1,
		100103,
		10000,
		2,
		2,
		0,
	},
	[124]=
	{
		124,
		100100,
		3,
		1011,
		10000,
		2,
		2,
		0,
	},
	[125]=
	{
		125,
		100100,
		1,
		1012,
		6000,
		2,
		2,
		0,
	},
	[126]=
	{
		126,
		100100,
		1,
		1013,
		2000,
		2,
		2,
		0,
	},
	[127]=
	{
		127,
		100200,
		1,
		100201,
		10000,
		1,
		0,
		0,
	},
	[128]=
	{
		128,
		100200,
		1,
		100202,
		10000,
		2,
		2,
		0,
	},
	[129]=
	{
		129,
		100200,
		1,
		100203,
		10000,
		2,
		2,
		0,
	},
	[130]=
	{
		130,
		100200,
		3,
		1021,
		10000,
		2,
		2,
		0,
	},
	[131]=
	{
		131,
		100200,
		1,
		1022,
		6000,
		2,
		2,
		0,
	},
	[132]=
	{
		132,
		100200,
		1,
		1023,
		2000,
		2,
		2,
		0,
	},
	[133]=
	{
		133,
		100300,
		1,
		100301,
		10000,
		1,
		0,
		0,
	},
	[134]=
	{
		134,
		100300,
		1,
		100302,
		10000,
		2,
		2,
		0,
	},
	[135]=
	{
		135,
		100300,
		1,
		100303,
		10000,
		2,
		2,
		0,
	},
	[136]=
	{
		136,
		100300,
		3,
		1031,
		10000,
		2,
		2,
		0,
	},
	[137]=
	{
		137,
		100300,
		1,
		1032,
		6000,
		2,
		2,
		0,
	},
	[138]=
	{
		138,
		100300,
		1,
		1033,
		1600,
		2,
		2,
		0,
	},
	[139]=
	{
		139,
		100400,
		1,
		100401,
		10000,
		1,
		0,
		0,
	},
	[140]=
	{
		140,
		100400,
		1,
		100402,
		10000,
		2,
		2,
		0,
	},
	[141]=
	{
		141,
		100400,
		1,
		100403,
		10000,
		2,
		2,
		0,
	},
	[142]=
	{
		142,
		100400,
		3,
		1041,
		10000,
		2,
		2,
		0,
	},
	[143]=
	{
		143,
		100400,
		1,
		1042,
		6000,
		2,
		2,
		0,
	},
	[144]=
	{
		144,
		100400,
		1,
		1043,
		1300,
		2,
		2,
		0,
	},
	[145]=
	{
		145,
		100500,
		1,
		100501,
		10000,
		1,
		0,
		0,
	},
	[146]=
	{
		146,
		100500,
		1,
		100502,
		10000,
		2,
		2,
		0,
	},
	[147]=
	{
		147,
		100500,
		1,
		100503,
		10000,
		2,
		2,
		0,
	},
	[148]=
	{
		148,
		100500,
		3,
		1051,
		10000,
		2,
		2,
		0,
	},
	[149]=
	{
		149,
		100500,
		1,
		1052,
		6000,
		2,
		2,
		0,
	},
	[150]=
	{
		150,
		100500,
		1,
		1053,
		1000,
		2,
		2,
		0,
	},
	[151]=
	{
		151,
		100600,
		1,
		100601,
		10000,
		1,
		0,
		0,
	},
	[152]=
	{
		152,
		100600,
		1,
		100602,
		10000,
		2,
		2,
		0,
	},
	[153]=
	{
		153,
		100600,
		1,
		100603,
		10000,
		2,
		2,
		0,
	},
	[154]=
	{
		154,
		100600,
		3,
		1061,
		10000,
		2,
		2,
		0,
	},
	[155]=
	{
		155,
		100600,
		1,
		1062,
		6000,
		2,
		2,
		0,
	},
	[156]=
	{
		156,
		100600,
		1,
		1063,
		800,
		2,
		2,
		0,
	},
	[157]=
	{
		157,
		100700,
		1,
		100701,
		10000,
		1,
		0,
		0,
	},
	[158]=
	{
		158,
		100700,
		1,
		100702,
		10000,
		2,
		2,
		0,
	},
	[159]=
	{
		159,
		100700,
		1,
		100703,
		10000,
		2,
		2,
		0,
	},
	[160]=
	{
		160,
		100700,
		3,
		1071,
		10000,
		2,
		2,
		0,
	},
	[161]=
	{
		161,
		100700,
		1,
		1072,
		6000,
		2,
		2,
		0,
	},
	[162]=
	{
		162,
		100700,
		1,
		1073,
		700,
		2,
		2,
		0,
	},
	[163]=
	{
		163,
		100800,
		1,
		100801,
		10000,
		1,
		0,
		0,
	},
	[164]=
	{
		164,
		100800,
		1,
		100802,
		10000,
		2,
		2,
		0,
	},
	[165]=
	{
		165,
		100800,
		1,
		100803,
		10000,
		2,
		2,
		0,
	},
	[166]=
	{
		166,
		100800,
		3,
		1081,
		10000,
		2,
		2,
		0,
	},
	[167]=
	{
		167,
		100800,
		1,
		1082,
		6000,
		2,
		2,
		0,
	},
	[168]=
	{
		168,
		100800,
		1,
		1083,
		550,
		2,
		2,
		0,
	},
	[169]=
	{
		169,
		100900,
		1,
		100901,
		10000,
		1,
		0,
		0,
	},
	[170]=
	{
		170,
		100900,
		1,
		100902,
		10000,
		2,
		2,
		0,
	},
	[171]=
	{
		171,
		100900,
		1,
		100903,
		10000,
		2,
		2,
		0,
	},
	[172]=
	{
		172,
		100900,
		3,
		1091,
		10000,
		2,
		2,
		0,
	},
	[173]=
	{
		173,
		100900,
		1,
		1092,
		6000,
		2,
		2,
		0,
	},
	[174]=
	{
		174,
		100900,
		1,
		1093,
		450,
		2,
		2,
		0,
	},
	[175]=
	{
		175,
		100150,
		1,
		100151,
		10000,
		1,
		2,
		0,
	},
	[176]=
	{
		176,
		100150,
		1,
		100152,
		10000,
		2,
		2,
		0,
	},
	[177]=
	{
		177,
		100150,
		1,
		100153,
		10000,
		2,
		2,
		0,
	},
	[178]=
	{
		178,
		100150,
		3,
		1011,
		10000,
		2,
		2,
		0,
	},
	[179]=
	{
		179,
		100150,
		1,
		1012,
		6000,
		2,
		2,
		0,
	},
	[180]=
	{
		180,
		100150,
		1,
		1013,
		2000,
		2,
		2,
		0,
	},
	[181]=
	{
		181,
		100250,
		1,
		100251,
		10000,
		1,
		0,
		0,
	},
	[182]=
	{
		182,
		100250,
		1,
		100252,
		10000,
		2,
		2,
		0,
	},
	[183]=
	{
		183,
		100250,
		1,
		100253,
		10000,
		2,
		2,
		0,
	},
	[184]=
	{
		184,
		100250,
		3,
		1021,
		10000,
		2,
		2,
		0,
	},
	[185]=
	{
		185,
		100250,
		1,
		1022,
		1000,
		2,
		2,
		0,
	},
	[186]=
	{
		186,
		100250,
		1,
		1023,
		2000,
		2,
		2,
		0,
	},
	[187]=
	{
		187,
		100350,
		1,
		100351,
		10000,
		1,
		0,
		0,
	},
	[188]=
	{
		188,
		100350,
		1,
		100352,
		10000,
		2,
		2,
		0,
	},
	[189]=
	{
		189,
		100350,
		1,
		100353,
		10000,
		2,
		2,
		0,
	},
	[190]=
	{
		190,
		100350,
		3,
		1031,
		10000,
		2,
		2,
		0,
	},
	[191]=
	{
		191,
		100350,
		1,
		1032,
		6000,
		2,
		2,
		0,
	},
	[192]=
	{
		192,
		100350,
		1,
		1033,
		1600,
		2,
		2,
		0,
	},
	[193]=
	{
		193,
		100450,
		1,
		100451,
		10000,
		1,
		0,
		0,
	},
	[194]=
	{
		194,
		100450,
		1,
		100452,
		10000,
		2,
		2,
		0,
	},
	[195]=
	{
		195,
		100450,
		1,
		100453,
		10000,
		2,
		2,
		0,
	},
	[196]=
	{
		196,
		100450,
		3,
		1041,
		10000,
		2,
		2,
		0,
	},
	[197]=
	{
		197,
		100450,
		1,
		1042,
		6000,
		2,
		2,
		0,
	},
	[198]=
	{
		198,
		100450,
		1,
		1043,
		1300,
		2,
		2,
		0,
	},
	[199]=
	{
		199,
		110100,
		1,
		110101,
		10000,
		1,
		2,
		0,
	},
	[200]=
	{
		200,
		110100,
		1,
		100102,
		10000,
		2,
		2,
		0,
	},
	[201]=
	{
		201,
		110100,
		1,
		100103,
		10000,
		2,
		2,
		0,
	},
	[202]=
	{
		202,
		110100,
		3,
		1011,
		10000,
		2,
		2,
		0,
	},
	[203]=
	{
		203,
		110100,
		1,
		110100,
		10000,
		2,
		2,
		0,
	},
	[204]=
	{
		204,
		110200,
		1,
		110201,
		10000,
		1,
		0,
		0,
	},
	[205]=
	{
		205,
		110200,
		1,
		100202,
		10000,
		2,
		2,
		0,
	},
	[206]=
	{
		206,
		110200,
		1,
		100203,
		10000,
		2,
		2,
		0,
	},
	[207]=
	{
		207,
		110200,
		3,
		1021,
		10000,
		2,
		2,
		0,
	},
	[208]=
	{
		208,
		110200,
		1,
		110200,
		10000,
		2,
		2,
		0,
	},
	[209]=
	{
		209,
		110300,
		1,
		110301,
		10000,
		1,
		0,
		0,
	},
	[210]=
	{
		210,
		110300,
		1,
		100302,
		10000,
		2,
		2,
		0,
	},
	[211]=
	{
		211,
		110300,
		1,
		100303,
		10000,
		2,
		2,
		0,
	},
	[212]=
	{
		212,
		110300,
		3,
		1031,
		10000,
		2,
		2,
		0,
	},
	[213]=
	{
		213,
		110300,
		1,
		1032,
		6000,
		2,
		2,
		0,
	},
	[214]=
	{
		214,
		110300,
		1,
		1033,
		1600,
		2,
		2,
		0,
	},
	[215]=
	{
		215,
		110400,
		1,
		110401,
		10000,
		1,
		0,
		0,
	},
	[216]=
	{
		216,
		110400,
		1,
		100402,
		10000,
		2,
		2,
		0,
	},
	[217]=
	{
		217,
		110400,
		1,
		100403,
		10000,
		2,
		2,
		0,
	},
	[218]=
	{
		218,
		110400,
		3,
		1041,
		10000,
		2,
		2,
		0,
	},
	[219]=
	{
		219,
		110400,
		1,
		1042,
		6000,
		2,
		2,
		0,
	},
	[220]=
	{
		220,
		110400,
		1,
		1043,
		1300,
		2,
		2,
		0,
	},
	[221]=
	{
		221,
		110500,
		1,
		110501,
		10000,
		1,
		0,
		0,
	},
	[222]=
	{
		222,
		110500,
		1,
		100502,
		10000,
		2,
		2,
		0,
	},
	[223]=
	{
		223,
		110500,
		1,
		100503,
		10000,
		2,
		2,
		0,
	},
	[224]=
	{
		224,
		110500,
		3,
		1051,
		10000,
		2,
		2,
		0,
	},
	[225]=
	{
		225,
		110500,
		1,
		1052,
		6000,
		2,
		2,
		0,
	},
	[226]=
	{
		226,
		110500,
		1,
		1053,
		1000,
		2,
		2,
		0,
	},
	[227]=
	{
		227,
		110600,
		1,
		110601,
		10000,
		1,
		0,
		0,
	},
	[228]=
	{
		228,
		110600,
		1,
		100602,
		10000,
		2,
		2,
		0,
	},
	[229]=
	{
		229,
		110600,
		1,
		100603,
		10000,
		2,
		2,
		0,
	},
	[230]=
	{
		230,
		110600,
		3,
		1061,
		10000,
		2,
		2,
		0,
	},
	[231]=
	{
		231,
		110600,
		1,
		1062,
		6000,
		2,
		2,
		0,
	},
	[232]=
	{
		232,
		110600,
		1,
		1063,
		800,
		2,
		2,
		0,
	},
	[233]=
	{
		233,
		110700,
		1,
		110701,
		10000,
		1,
		0,
		0,
	},
	[234]=
	{
		234,
		110700,
		1,
		100702,
		10000,
		2,
		2,
		0,
	},
	[235]=
	{
		235,
		110700,
		1,
		100703,
		10000,
		2,
		2,
		0,
	},
	[236]=
	{
		236,
		110700,
		3,
		1071,
		10000,
		2,
		2,
		0,
	},
	[237]=
	{
		237,
		110700,
		1,
		1072,
		6000,
		2,
		2,
		0,
	},
	[238]=
	{
		238,
		110700,
		1,
		1073,
		700,
		2,
		2,
		0,
	},
	[239]=
	{
		239,
		110800,
		1,
		110801,
		10000,
		1,
		0,
		0,
	},
	[240]=
	{
		240,
		110800,
		1,
		100802,
		10000,
		2,
		2,
		0,
	},
	[241]=
	{
		241,
		110800,
		1,
		100803,
		10000,
		2,
		2,
		0,
	},
	[242]=
	{
		242,
		110800,
		3,
		1081,
		10000,
		2,
		2,
		0,
	},
	[243]=
	{
		243,
		110800,
		1,
		1082,
		6000,
		2,
		2,
		0,
	},
	[244]=
	{
		244,
		110800,
		1,
		1083,
		550,
		2,
		2,
		0,
	},
	[245]=
	{
		245,
		110900,
		1,
		110901,
		10000,
		1,
		0,
		0,
	},
	[246]=
	{
		246,
		110900,
		1,
		100902,
		10000,
		2,
		2,
		0,
	},
	[247]=
	{
		247,
		110900,
		1,
		100903,
		10000,
		2,
		2,
		0,
	},
	[248]=
	{
		248,
		110900,
		3,
		1091,
		10000,
		2,
		2,
		0,
	},
	[249]=
	{
		249,
		110900,
		1,
		1092,
		6000,
		2,
		2,
		0,
	},
	[250]=
	{
		250,
		110900,
		1,
		1093,
		450,
		2,
		2,
		0,
	},
	[251]=
	{
		251,
		110150,
		1,
		110151,
		10000,
		1,
		2,
		0,
	},
	[252]=
	{
		252,
		110150,
		1,
		100152,
		10000,
		2,
		2,
		0,
	},
	[253]=
	{
		253,
		110150,
		1,
		100153,
		10000,
		2,
		2,
		0,
	},
	[254]=
	{
		254,
		110150,
		3,
		1011,
		10000,
		2,
		2,
		0,
	},
	[255]=
	{
		255,
		110150,
		1,
		1012,
		6000,
		2,
		2,
		0,
	},
	[256]=
	{
		256,
		110150,
		1,
		1013,
		2000,
		2,
		2,
		0,
	},
	[257]=
	{
		257,
		110250,
		1,
		110251,
		10000,
		1,
		0,
		0,
	},
	[258]=
	{
		258,
		110250,
		1,
		100252,
		10000,
		2,
		2,
		0,
	},
	[259]=
	{
		259,
		110250,
		1,
		100253,
		10000,
		2,
		2,
		0,
	},
	[260]=
	{
		260,
		110250,
		3,
		1021,
		10000,
		2,
		2,
		0,
	},
	[261]=
	{
		261,
		110250,
		1,
		1022,
		1000,
		2,
		2,
		0,
	},
	[262]=
	{
		262,
		110250,
		1,
		1023,
		2000,
		2,
		2,
		0,
	},
	[263]=
	{
		263,
		110350,
		1,
		110351,
		10000,
		1,
		0,
		0,
	},
	[264]=
	{
		264,
		110350,
		1,
		100352,
		10000,
		2,
		2,
		0,
	},
	[265]=
	{
		265,
		110350,
		1,
		100353,
		10000,
		2,
		2,
		0,
	},
	[266]=
	{
		266,
		110350,
		3,
		1031,
		10000,
		2,
		2,
		0,
	},
	[267]=
	{
		267,
		110350,
		1,
		1032,
		6000,
		2,
		2,
		0,
	},
	[268]=
	{
		268,
		110350,
		1,
		1033,
		1600,
		2,
		2,
		0,
	},
	[269]=
	{
		269,
		110450,
		1,
		110451,
		10000,
		1,
		0,
		0,
	},
	[270]=
	{
		270,
		110450,
		1,
		100452,
		10000,
		2,
		2,
		0,
	},
	[271]=
	{
		271,
		110450,
		1,
		100453,
		10000,
		2,
		2,
		0,
	},
	[272]=
	{
		272,
		110450,
		3,
		1041,
		10000,
		2,
		2,
		0,
	},
	[273]=
	{
		273,
		110450,
		1,
		1042,
		6000,
		2,
		2,
		0,
	},
	[274]=
	{
		274,
		110450,
		1,
		1043,
		1300,
		2,
		2,
		0,
	},
	[275]=
	{
		275,
		200200,
		1,
		200201,
		10000,
		1,
		2,
		0,
	},
	[276]=
	{
		276,
		200200,
		1,
		200202,
		0,
		2,
		2,
		0,
	},
	[277]=
	{
		277,
		200200,
		1,
		200203,
		10000,
		2,
		2,
		0,
	},
	[278]=
	{
		278,
		200200,
		2,
		1021,
		10000,
		2,
		2,
		0,
	},
	[279]=
	{
		279,
		200200,
		2,
		1022,
		10000,
		2,
		2,
		0,
	},
	[280]=
	{
		280,
		200200,
		1,
		1023,
		8000,
		2,
		2,
		0,
	},
	[281]=
	{
		281,
		200300,
		1,
		200301,
		10000,
		1,
		2,
		0,
	},
	[282]=
	{
		282,
		200300,
		1,
		200302,
		10000,
		2,
		2,
		0,
	},
	[283]=
	{
		283,
		200300,
		1,
		200303,
		10000,
		2,
		2,
		0,
	},
	[284]=
	{
		284,
		200300,
		2,
		1031,
		10000,
		2,
		2,
		0,
	},
	[285]=
	{
		285,
		200300,
		2,
		1032,
		10000,
		2,
		2,
		0,
	},
	[286]=
	{
		286,
		200300,
		1,
		1033,
		5000,
		2,
		2,
		0,
	},
	[287]=
	{
		287,
		200400,
		1,
		200401,
		10000,
		1,
		2,
		0,
	},
	[288]=
	{
		288,
		200400,
		1,
		200402,
		10000,
		2,
		2,
		0,
	},
	[289]=
	{
		289,
		200400,
		1,
		200403,
		10000,
		2,
		2,
		0,
	},
	[290]=
	{
		290,
		200400,
		2,
		1041,
		10000,
		2,
		2,
		0,
	},
	[291]=
	{
		291,
		200400,
		2,
		1042,
		10000,
		2,
		2,
		0,
	},
	[292]=
	{
		292,
		200400,
		1,
		1043,
		4000,
		2,
		2,
		0,
	},
	[293]=
	{
		293,
		200500,
		1,
		200501,
		10000,
		1,
		2,
		0,
	},
	[294]=
	{
		294,
		200500,
		1,
		200502,
		10000,
		2,
		2,
		0,
	},
	[295]=
	{
		295,
		200500,
		1,
		200503,
		10000,
		2,
		2,
		0,
	},
	[296]=
	{
		296,
		200500,
		2,
		1051,
		10000,
		2,
		2,
		0,
	},
	[297]=
	{
		297,
		200500,
		2,
		1052,
		10000,
		2,
		2,
		0,
	},
	[298]=
	{
		298,
		200500,
		1,
		1053,
		3000,
		2,
		2,
		0,
	},
	[299]=
	{
		299,
		200600,
		1,
		200601,
		10000,
		1,
		2,
		0,
	},
	[300]=
	{
		300,
		200600,
		1,
		200602,
		10000,
		2,
		2,
		0,
	},
	[301]=
	{
		301,
		200600,
		1,
		200603,
		10000,
		2,
		2,
		0,
	},
	[302]=
	{
		302,
		200600,
		2,
		1061,
		10000,
		2,
		2,
		0,
	},
	[303]=
	{
		303,
		200600,
		2,
		1062,
		10000,
		2,
		2,
		0,
	},
	[304]=
	{
		304,
		200600,
		1,
		1063,
		2600,
		2,
		2,
		0,
	},
	[305]=
	{
		305,
		200700,
		1,
		200701,
		10000,
		1,
		2,
		0,
	},
	[306]=
	{
		306,
		200700,
		1,
		200702,
		10000,
		2,
		2,
		0,
	},
	[307]=
	{
		307,
		200700,
		1,
		200703,
		10000,
		2,
		2,
		0,
	},
	[308]=
	{
		308,
		200700,
		2,
		1071,
		10000,
		2,
		2,
		0,
	},
	[309]=
	{
		309,
		200700,
		2,
		1072,
		10000,
		2,
		2,
		0,
	},
	[310]=
	{
		310,
		200700,
		1,
		1073,
		2200,
		2,
		2,
		0,
	},
	[311]=
	{
		311,
		200800,
		1,
		200801,
		10000,
		1,
		2,
		0,
	},
	[312]=
	{
		312,
		200800,
		1,
		200802,
		10000,
		2,
		2,
		0,
	},
	[313]=
	{
		313,
		200800,
		1,
		200803,
		10000,
		2,
		2,
		0,
	},
	[314]=
	{
		314,
		200800,
		2,
		1081,
		10000,
		2,
		2,
		0,
	},
	[315]=
	{
		315,
		200800,
		2,
		1082,
		10000,
		2,
		2,
		0,
	},
	[316]=
	{
		316,
		200800,
		1,
		1083,
		1700,
		2,
		2,
		0,
	},
	[317]=
	{
		317,
		200900,
		1,
		200901,
		10000,
		1,
		2,
		0,
	},
	[318]=
	{
		318,
		200900,
		1,
		200902,
		10000,
		2,
		2,
		0,
	},
	[319]=
	{
		319,
		200900,
		1,
		200903,
		10000,
		2,
		2,
		0,
	},
	[320]=
	{
		320,
		200900,
		2,
		1091,
		10000,
		2,
		2,
		0,
	},
	[321]=
	{
		321,
		200900,
		2,
		1092,
		10000,
		2,
		2,
		0,
	},
	[322]=
	{
		322,
		200900,
		1,
		1093,
		1500,
		2,
		2,
		0,
	},
	[323]=
	{
		323,
		210200,
		2,
		210201,
		7600,
		2,
		2,
		0,
	},
	[324]=
	{
		324,
		210200,
		2,
		2022,
		10000,
		2,
		2,
		0,
	},
	[325]=
	{
		325,
		210200,
		2,
		2023,
		5000,
		2,
		2,
		0,
	},
	[326]=
	{
		326,
		210300,
		2,
		210301,
		7600,
		2,
		2,
		0,
	},
	[327]=
	{
		327,
		210300,
		2,
		2032,
		5000,
		2,
		2,
		0,
	},
	[328]=
	{
		328,
		210300,
		2,
		2033,
		10000,
		2,
		2,
		0,
	},
	[329]=
	{
		329,
		210400,
		2,
		210401,
		2000,
		2,
		2,
		0,
	},
	[330]=
	{
		330,
		210400,
		2,
		2042,
		10000,
		2,
		2,
		0,
	},
	[331]=
	{
		331,
		210400,
		2,
		2043,
		5000,
		2,
		2,
		0,
	},
	[332]=
	{
		332,
		210500,
		2,
		210501,
		5800,
		2,
		2,
		0,
	},
	[333]=
	{
		333,
		210500,
		2,
		2052,
		10000,
		2,
		2,
		0,
	},
	[334]=
	{
		334,
		210500,
		2,
		2053,
		5000,
		2,
		2,
		0,
	},
	[335]=
	{
		335,
		210600,
		2,
		210601,
		3000,
		2,
		2,
		0,
	},
	[336]=
	{
		336,
		210600,
		2,
		2062,
		10000,
		2,
		2,
		0,
	},
	[337]=
	{
		337,
		210600,
		2,
		2063,
		5000,
		2,
		2,
		0,
	},
	[338]=
	{
		338,
		210700,
		2,
		210701,
		7600,
		2,
		2,
		0,
	},
	[339]=
	{
		339,
		210700,
		2,
		2072,
		10000,
		2,
		2,
		0,
	},
	[340]=
	{
		340,
		210700,
		2,
		2073,
		5000,
		2,
		2,
		0,
	},
	[341]=
	{
		341,
		210800,
		2,
		210801,
		5500,
		2,
		2,
		0,
	},
	[342]=
	{
		342,
		210800,
		2,
		2082,
		10000,
		2,
		2,
		0,
	},
	[343]=
	{
		343,
		210800,
		2,
		2083,
		5000,
		2,
		2,
		0,
	},
	[344]=
	{
		344,
		210900,
		2,
		210901,
		7000,
		2,
		2,
		0,
	},
	[345]=
	{
		345,
		210900,
		2,
		2092,
		10000,
		2,
		2,
		0,
	},
	[346]=
	{
		346,
		210900,
		2,
		2093,
		5000,
		2,
		2,
		0,
	},
	[347]=
	{
		347,
		220200,
		1,
		200201,
		10000,
		1,
		2,
		0,
	},
	[348]=
	{
		348,
		220200,
		1,
		200202,
		0,
		2,
		2,
		0,
	},
	[349]=
	{
		349,
		220200,
		1,
		200203,
		10000,
		2,
		2,
		0,
	},
	[350]=
	{
		350,
		220200,
		2,
		1021,
		10000,
		2,
		2,
		0,
	},
	[351]=
	{
		351,
		220200,
		1,
		220200,
		10000,
		2,
		2,
		0,
	},
	[352]=
	{
		352,
		220200,
		1,
		220201,
		10000,
		2,
		2,
		0,
	},
	[353]=
	{
		353,
		300300,
		3,
		101,
		8000,
		2,
		2,
		0,
	},
	[354]=
	{
		354,
		300300,
		3,
		102,
		3000,
		2,
		2,
		0,
	},
	[355]=
	{
		355,
		300300,
		3,
		103,
		2000,
		2,
		2,
		0,
	},
	[356]=
	{
		356,
		300300,
		4,
		5001,
		8750,
		2,
		2,
		0,
	},
	[357]=
	{
		357,
		300300,
		2,
		5101,
		8750,
		2,
		2,
		0,
	},
	[358]=
	{
		358,
		300300,
		2,
		1031,
		8000,
		2,
		2,
		0,
	},
	[359]=
	{
		359,
		300300,
		3,
		1032,
		5833,
		2,
		2,
		0,
	},
	[360]=
	{
		360,
		300300,
		2,
		2032,
		6125,
		2,
		2,
		0,
	},
	[361]=
	{
		361,
		300400,
		3,
		101,
		8000,
		2,
		2,
		0,
	},
	[362]=
	{
		362,
		300400,
		3,
		102,
		5600,
		2,
		2,
		0,
	},
	[363]=
	{
		363,
		300400,
		3,
		103,
		5000,
		2,
		2,
		0,
	},
	[364]=
	{
		364,
		300400,
		4,
		5001,
		8750,
		2,
		2,
		0,
	},
	[365]=
	{
		365,
		300400,
		2,
		5002,
		3500,
		2,
		2,
		0,
	},
	[366]=
	{
		366,
		300400,
		2,
		5101,
		8750,
		2,
		2,
		0,
	},
	[367]=
	{
		367,
		300400,
		1,
		5102,
		3500,
		2,
		2,
		0,
	},
	[368]=
	{
		368,
		300400,
		2,
		1041,
		8000,
		2,
		2,
		0,
	},
	[369]=
	{
		369,
		300400,
		3,
		1042,
		5833,
		2,
		2,
		0,
	},
	[370]=
	{
		370,
		300400,
		2,
		1043,
		5250,
		2,
		2,
		0,
	},
	[371]=
	{
		371,
		300400,
		2,
		2042,
		5250,
		2,
		2,
		0,
	},
	[372]=
	{
		372,
		300400,
		1,
		2043,
		5250,
		2,
		2,
		0,
	},
	[373]=
	{
		373,
		300500,
		3,
		102,
		9000,
		2,
		2,
		0,
	},
	[374]=
	{
		374,
		300500,
		3,
		103,
		4000,
		2,
		2,
		0,
	},
	[375]=
	{
		375,
		300500,
		3,
		104,
		2000,
		2,
		2,
		0,
	},
	[376]=
	{
		376,
		300500,
		4,
		5001,
		7000,
		2,
		2,
		0,
	},
	[377]=
	{
		377,
		300500,
		2,
		5002,
		4375,
		2,
		2,
		0,
	},
	[378]=
	{
		378,
		300500,
		2,
		5101,
		7000,
		2,
		2,
		0,
	},
	[379]=
	{
		379,
		300500,
		1,
		5102,
		4375,
		2,
		2,
		0,
	},
	[380]=
	{
		380,
		300500,
		2,
		1051,
		8000,
		2,
		2,
		0,
	},
	[381]=
	{
		381,
		300500,
		3,
		1052,
		5833,
		2,
		2,
		0,
	},
	[382]=
	{
		382,
		300500,
		2,
		1053,
		5250,
		2,
		2,
		0,
	},
	[383]=
	{
		383,
		300500,
		2,
		2052,
		5250,
		2,
		2,
		0,
	},
	[384]=
	{
		384,
		300500,
		1,
		2053,
		5250,
		2,
		2,
		0,
	},
	[385]=
	{
		385,
		300600,
		3,
		103,
		8000,
		2,
		2,
		0,
	},
	[386]=
	{
		386,
		300600,
		3,
		104,
		4000,
		2,
		2,
		0,
	},
	[387]=
	{
		387,
		300600,
		2,
		105,
		1000,
		2,
		2,
		0,
	},
	[388]=
	{
		388,
		300600,
		4,
		5001,
		7000,
		2,
		2,
		0,
	},
	[389]=
	{
		389,
		300600,
		2,
		5002,
		5250,
		2,
		2,
		0,
	},
	[390]=
	{
		390,
		300600,
		2,
		5003,
		3500,
		2,
		2,
		0,
	},
	[391]=
	{
		391,
		300600,
		2,
		5101,
		7000,
		2,
		2,
		0,
	},
	[392]=
	{
		392,
		300600,
		1,
		5102,
		5250,
		2,
		2,
		0,
	},
	[393]=
	{
		393,
		300600,
		1,
		5103,
		3500,
		2,
		2,
		0,
	},
	[394]=
	{
		394,
		300600,
		2,
		1061,
		8000,
		2,
		2,
		0,
	},
	[395]=
	{
		395,
		300600,
		3,
		1062,
		5833,
		2,
		2,
		0,
	},
	[396]=
	{
		396,
		300600,
		2,
		1063,
		4200,
		2,
		2,
		0,
	},
	[397]=
	{
		397,
		300600,
		2,
		2062,
		4200,
		2,
		2,
		0,
	},
	[398]=
	{
		398,
		300600,
		1,
		2063,
		4200,
		2,
		2,
		0,
	},
	[399]=
	{
		399,
		300700,
		3,
		103,
		8000,
		2,
		2,
		0,
	},
	[400]=
	{
		400,
		300700,
		3,
		104,
		6000,
		2,
		2,
		0,
	},
	[401]=
	{
		401,
		300700,
		2,
		105,
		3500,
		2,
		2,
		0,
	},
	[402]=
	{
		402,
		300700,
		4,
		5001,
		4375,
		2,
		2,
		0,
	},
	[403]=
	{
		403,
		300700,
		2,
		5002,
		6125,
		2,
		2,
		0,
	},
	[404]=
	{
		404,
		300700,
		2,
		5003,
		4200,
		2,
		2,
		0,
	},
	[405]=
	{
		405,
		300700,
		2,
		5101,
		4375,
		2,
		2,
		0,
	},
	[406]=
	{
		406,
		300700,
		1,
		5102,
		6125,
		2,
		2,
		0,
	},
	[407]=
	{
		407,
		300700,
		1,
		5103,
		4200,
		2,
		2,
		0,
	},
	[408]=
	{
		408,
		300700,
		2,
		1071,
		8000,
		2,
		2,
		0,
	},
	[409]=
	{
		409,
		300700,
		3,
		1072,
		5833,
		2,
		2,
		0,
	},
	[410]=
	{
		410,
		300700,
		2,
		1073,
		4200,
		2,
		2,
		0,
	},
	[411]=
	{
		411,
		300700,
		2,
		2072,
		4200,
		2,
		2,
		0,
	},
	[412]=
	{
		412,
		300700,
		1,
		2073,
		4200,
		2,
		2,
		0,
	},
	[413]=
	{
		413,
		300800,
		3,
		104,
		8000,
		2,
		2,
		0,
	},
	[414]=
	{
		414,
		300800,
		2,
		105,
		4100,
		2,
		2,
		0,
	},
	[415]=
	{
		415,
		300800,
		2,
		106,
		2000,
		2,
		2,
		0,
	},
	[416]=
	{
		416,
		300800,
		4,
		5001,
		4375,
		2,
		2,
		0,
	},
	[417]=
	{
		417,
		300800,
		2,
		5002,
		7000,
		2,
		2,
		0,
	},
	[418]=
	{
		418,
		300800,
		2,
		5003,
		4900,
		2,
		2,
		0,
	},
	[419]=
	{
		419,
		300800,
		1,
		5004,
		5250,
		2,
		2,
		0,
	},
	[420]=
	{
		420,
		300800,
		2,
		5101,
		4375,
		2,
		2,
		0,
	},
	[421]=
	{
		421,
		300800,
		1,
		5102,
		7000,
		2,
		2,
		0,
	},
	[422]=
	{
		422,
		300800,
		1,
		5103,
		4900,
		2,
		2,
		0,
	},
	[423]=
	{
		423,
		300800,
		1,
		5104,
		2625,
		2,
		2,
		0,
	},
	[424]=
	{
		424,
		300800,
		2,
		1081,
		8000,
		2,
		2,
		0,
	},
	[425]=
	{
		425,
		300800,
		3,
		1082,
		5833,
		2,
		2,
		0,
	},
	[426]=
	{
		426,
		300800,
		2,
		1083,
		3150,
		2,
		2,
		0,
	},
	[427]=
	{
		427,
		300800,
		2,
		2082,
		3150,
		2,
		2,
		0,
	},
	[428]=
	{
		428,
		300800,
		1,
		2083,
		3150,
		2,
		2,
		0,
	},
	[429]=
	{
		429,
		300900,
		3,
		104,
		8000,
		2,
		2,
		0,
	},
	[430]=
	{
		430,
		300900,
		2,
		105,
		4000,
		2,
		2,
		0,
	},
	[431]=
	{
		431,
		300900,
		2,
		106,
		4600,
		2,
		2,
		0,
	},
	[432]=
	{
		432,
		300900,
		2,
		5002,
		7875,
		2,
		2,
		0,
	},
	[433]=
	{
		433,
		300900,
		2,
		5003,
		5600,
		2,
		2,
		0,
	},
	[434]=
	{
		434,
		300900,
		1,
		5004,
		6300,
		2,
		2,
		0,
	},
	[435]=
	{
		435,
		300900,
		1,
		5102,
		7875,
		2,
		2,
		0,
	},
	[436]=
	{
		436,
		300900,
		1,
		5103,
		5600,
		2,
		2,
		0,
	},
	[437]=
	{
		437,
		300900,
		1,
		5104,
		3150,
		2,
		2,
		0,
	},
	[438]=
	{
		438,
		300900,
		2,
		1091,
		8000,
		2,
		2,
		0,
	},
	[439]=
	{
		439,
		300900,
		3,
		1092,
		5833,
		2,
		2,
		0,
	},
	[440]=
	{
		440,
		300900,
		2,
		1093,
		3150,
		2,
		2,
		0,
	},
	[441]=
	{
		441,
		300900,
		2,
		2092,
		3150,
		2,
		2,
		0,
	},
	[442]=
	{
		442,
		300900,
		1,
		2093,
		3150,
		2,
		2,
		0,
	},
	[443]=
	{
		443,
		410010,
		2,
		1011,
		10000,
		2,
		2,
		0,
	},
	[444]=
	{
		444,
		410010,
		1,
		1012,
		2400,
		2,
		2,
		0,
	},
	[445]=
	{
		445,
		410010,
		1,
		1013,
		1000,
		2,
		2,
		0,
	},
	[446]=
	{
		446,
		410010,
		1,
		410011,
		10000,
		2,
		2,
		0,
	},
	[447]=
	{
		447,
		410020,
		2,
		1011,
		10000,
		2,
		2,
		0,
	},
	[448]=
	{
		448,
		410020,
		1,
		1012,
		2400,
		2,
		2,
		0,
	},
	[449]=
	{
		449,
		410020,
		1,
		1013,
		1000,
		2,
		2,
		0,
	},
	[450]=
	{
		450,
		410020,
		1,
		410021,
		10000,
		2,
		2,
		0,
	},
	[451]=
	{
		451,
		410030,
		2,
		1021,
		10000,
		2,
		2,
		0,
	},
	[452]=
	{
		452,
		410030,
		1,
		1022,
		2400,
		2,
		2,
		0,
	},
	[453]=
	{
		453,
		410030,
		1,
		1023,
		1000,
		2,
		2,
		0,
	},
	[454]=
	{
		454,
		410030,
		1,
		410031,
		10000,
		2,
		2,
		0,
	},
	[455]=
	{
		455,
		410040,
		2,
		1021,
		10000,
		2,
		2,
		0,
	},
	[456]=
	{
		456,
		410040,
		1,
		1022,
		2400,
		2,
		2,
		0,
	},
	[457]=
	{
		457,
		410040,
		1,
		1023,
		1000,
		2,
		2,
		0,
	},
	[458]=
	{
		458,
		410040,
		1,
		410041,
		10000,
		2,
		2,
		0,
	},
	[459]=
	{
		459,
		410050,
		2,
		1021,
		10000,
		2,
		2,
		0,
	},
	[460]=
	{
		460,
		410050,
		1,
		1022,
		1200,
		2,
		2,
		0,
	},
	[461]=
	{
		461,
		410050,
		1,
		1023,
		500,
		2,
		2,
		0,
	},
	[462]=
	{
		462,
		410050,
		1,
		410051,
		10000,
		2,
		2,
		0,
	},
	[463]=
	{
		463,
		410060,
		2,
		1021,
		10000,
		2,
		2,
		0,
	},
	[464]=
	{
		464,
		410060,
		1,
		1022,
		1200,
		2,
		2,
		0,
	},
	[465]=
	{
		465,
		410060,
		1,
		1023,
		500,
		2,
		2,
		0,
	},
	[466]=
	{
		466,
		410060,
		1,
		410061,
		10000,
		2,
		2,
		0,
	},
	[467]=
	{
		467,
		410070,
		2,
		1021,
		10000,
		2,
		2,
		0,
	},
	[468]=
	{
		468,
		410070,
		1,
		1022,
		1200,
		2,
		2,
		0,
	},
	[469]=
	{
		469,
		410070,
		1,
		1023,
		500,
		2,
		2,
		0,
	},
	[470]=
	{
		470,
		410070,
		1,
		410071,
		10000,
		2,
		2,
		0,
	},
	[471]=
	{
		471,
		410080,
		2,
		1021,
		10000,
		2,
		2,
		0,
	},
	[472]=
	{
		472,
		410080,
		1,
		1022,
		1200,
		2,
		2,
		0,
	},
	[473]=
	{
		473,
		410080,
		1,
		1023,
		500,
		2,
		2,
		0,
	},
	[474]=
	{
		474,
		410080,
		1,
		410081,
		10000,
		2,
		2,
		0,
	},
	[475]=
	{
		475,
		410090,
		2,
		1021,
		10000,
		2,
		2,
		0,
	},
	[476]=
	{
		476,
		410090,
		1,
		1022,
		1200,
		2,
		2,
		0,
	},
	[477]=
	{
		477,
		410090,
		1,
		1023,
		500,
		2,
		2,
		0,
	},
	[478]=
	{
		478,
		410090,
		1,
		410091,
		10000,
		2,
		2,
		0,
	},
	[479]=
	{
		479,
		410100,
		2,
		1021,
		10000,
		2,
		2,
		0,
	},
	[480]=
	{
		480,
		410100,
		1,
		1022,
		1800,
		2,
		2,
		0,
	},
	[481]=
	{
		481,
		410100,
		1,
		1023,
		750,
		2,
		2,
		0,
	},
	[482]=
	{
		482,
		410100,
		1,
		410101,
		10000,
		2,
		2,
		0,
	},
	[483]=
	{
		483,
		410110,
		2,
		1021,
		10000,
		2,
		2,
		0,
	},
	[484]=
	{
		484,
		410110,
		1,
		1022,
		1800,
		2,
		2,
		0,
	},
	[485]=
	{
		485,
		410110,
		1,
		1023,
		750,
		2,
		2,
		0,
	},
	[486]=
	{
		486,
		410110,
		1,
		410111,
		10000,
		2,
		2,
		0,
	},
	[487]=
	{
		487,
		410120,
		2,
		1021,
		10000,
		2,
		2,
		0,
	},
	[488]=
	{
		488,
		410120,
		1,
		1022,
		1800,
		2,
		2,
		0,
	},
	[489]=
	{
		489,
		410120,
		1,
		1023,
		750,
		2,
		2,
		0,
	},
	[490]=
	{
		490,
		410120,
		1,
		410121,
		10000,
		2,
		2,
		0,
	},
	[491]=
	{
		491,
		410130,
		2,
		1021,
		10000,
		2,
		2,
		0,
	},
	[492]=
	{
		492,
		410130,
		1,
		1022,
		1800,
		2,
		2,
		0,
	},
	[493]=
	{
		493,
		410130,
		1,
		1023,
		750,
		2,
		2,
		0,
	},
	[494]=
	{
		494,
		410130,
		1,
		410131,
		10000,
		2,
		2,
		0,
	},
	[495]=
	{
		495,
		410140,
		2,
		1021,
		10000,
		2,
		2,
		0,
	},
	[496]=
	{
		496,
		410140,
		1,
		1022,
		1800,
		2,
		2,
		0,
	},
	[497]=
	{
		497,
		410140,
		1,
		1023,
		750,
		2,
		2,
		0,
	},
	[498]=
	{
		498,
		410140,
		1,
		410141,
		10000,
		2,
		2,
		0,
	},
	[499]=
	{
		499,
		410150,
		2,
		1021,
		10000,
		2,
		2,
		0,
	},
	[500]=
	{
		500,
		410150,
		1,
		1022,
		2400,
		2,
		2,
		0,
	},
	[501]=
	{
		501,
		410150,
		1,
		1023,
		1000,
		2,
		2,
		0,
	},
	[502]=
	{
		502,
		410150,
		1,
		410151,
		10000,
		2,
		2,
		0,
	},
	[503]=
	{
		503,
		410160,
		2,
		1021,
		10000,
		2,
		2,
		0,
	},
	[504]=
	{
		504,
		410160,
		1,
		1022,
		2400,
		2,
		2,
		0,
	},
	[505]=
	{
		505,
		410160,
		1,
		1023,
		1000,
		2,
		2,
		0,
	},
	[506]=
	{
		506,
		410160,
		1,
		410161,
		10000,
		2,
		2,
		0,
	},
	[507]=
	{
		507,
		410170,
		2,
		1021,
		10000,
		2,
		2,
		0,
	},
	[508]=
	{
		508,
		410170,
		1,
		1022,
		2400,
		2,
		2,
		0,
	},
	[509]=
	{
		509,
		410170,
		1,
		1023,
		1000,
		2,
		2,
		0,
	},
	[510]=
	{
		510,
		410170,
		1,
		410171,
		10000,
		2,
		2,
		0,
	},
	[511]=
	{
		511,
		410180,
		2,
		1021,
		10000,
		2,
		2,
		0,
	},
	[512]=
	{
		512,
		410180,
		1,
		1022,
		2400,
		2,
		2,
		0,
	},
	[513]=
	{
		513,
		410180,
		1,
		1023,
		1000,
		2,
		2,
		0,
	},
	[514]=
	{
		514,
		410180,
		1,
		410181,
		10000,
		2,
		2,
		0,
	},
	[515]=
	{
		515,
		410190,
		2,
		1021,
		10000,
		2,
		2,
		0,
	},
	[516]=
	{
		516,
		410190,
		1,
		1022,
		2400,
		2,
		2,
		0,
	},
	[517]=
	{
		517,
		410190,
		1,
		1023,
		1000,
		2,
		2,
		0,
	},
	[518]=
	{
		518,
		410190,
		1,
		410191,
		10000,
		2,
		2,
		0,
	},
	[519]=
	{
		519,
		410200,
		2,
		1021,
		10000,
		2,
		2,
		0,
	},
	[520]=
	{
		520,
		410200,
		1,
		1022,
		2400,
		2,
		2,
		0,
	},
	[521]=
	{
		521,
		410200,
		1,
		1023,
		1000,
		2,
		2,
		0,
	},
	[522]=
	{
		522,
		410200,
		1,
		410201,
		10000,
		2,
		2,
		0,
	},
	[523]=
	{
		523,
		410210,
		2,
		1031,
		10000,
		2,
		2,
		0,
	},
	[524]=
	{
		524,
		410210,
		1,
		1032,
		2400,
		2,
		2,
		0,
	},
	[525]=
	{
		525,
		410210,
		1,
		1033,
		583,
		2,
		2,
		0,
	},
	[526]=
	{
		526,
		410210,
		1,
		410211,
		10000,
		2,
		2,
		0,
	},
	[527]=
	{
		527,
		410210,
		1,
		410212,
		10000,
		2,
		2,
		0,
	},
	[528]=
	{
		528,
		410220,
		2,
		1031,
		10000,
		2,
		2,
		0,
	},
	[529]=
	{
		529,
		410220,
		1,
		1032,
		2400,
		2,
		2,
		0,
	},
	[530]=
	{
		530,
		410220,
		1,
		1033,
		583,
		2,
		2,
		0,
	},
	[531]=
	{
		531,
		410220,
		1,
		410221,
		10000,
		2,
		2,
		0,
	},
	[532]=
	{
		532,
		410220,
		1,
		410222,
		10000,
		2,
		2,
		0,
	},
	[533]=
	{
		533,
		410230,
		2,
		1031,
		10000,
		2,
		2,
		0,
	},
	[534]=
	{
		534,
		410230,
		1,
		1032,
		2400,
		2,
		2,
		0,
	},
	[535]=
	{
		535,
		410230,
		1,
		1033,
		583,
		2,
		2,
		0,
	},
	[536]=
	{
		536,
		410230,
		1,
		410231,
		10000,
		2,
		2,
		0,
	},
	[537]=
	{
		537,
		410230,
		1,
		410232,
		10000,
		2,
		2,
		0,
	},
	[538]=
	{
		538,
		410240,
		2,
		1031,
		10000,
		2,
		2,
		0,
	},
	[539]=
	{
		539,
		410240,
		1,
		1032,
		2400,
		2,
		2,
		0,
	},
	[540]=
	{
		540,
		410240,
		1,
		1033,
		583,
		2,
		2,
		0,
	},
	[541]=
	{
		541,
		410240,
		1,
		410241,
		10000,
		2,
		2,
		0,
	},
	[542]=
	{
		542,
		410240,
		1,
		410242,
		10000,
		2,
		2,
		0,
	},
	[543]=
	{
		543,
		410250,
		2,
		1031,
		10000,
		2,
		2,
		0,
	},
	[544]=
	{
		544,
		410250,
		1,
		1032,
		1200,
		2,
		2,
		0,
	},
	[545]=
	{
		545,
		410250,
		1,
		1033,
		292,
		2,
		2,
		0,
	},
	[546]=
	{
		546,
		410250,
		1,
		410251,
		10000,
		2,
		2,
		0,
	},
	[547]=
	{
		547,
		410250,
		1,
		410252,
		10000,
		2,
		2,
		0,
	},
	[548]=
	{
		548,
		410260,
		2,
		1031,
		10000,
		2,
		2,
		0,
	},
	[549]=
	{
		549,
		410260,
		1,
		1032,
		1200,
		2,
		2,
		0,
	},
	[550]=
	{
		550,
		410260,
		1,
		1033,
		292,
		2,
		2,
		0,
	},
	[551]=
	{
		551,
		410260,
		1,
		410261,
		10000,
		2,
		2,
		0,
	},
	[552]=
	{
		552,
		410260,
		1,
		410262,
		10000,
		2,
		2,
		0,
	},
	[553]=
	{
		553,
		410270,
		2,
		1031,
		10000,
		2,
		2,
		0,
	},
	[554]=
	{
		554,
		410270,
		1,
		1032,
		1200,
		2,
		2,
		0,
	},
	[555]=
	{
		555,
		410270,
		1,
		1033,
		292,
		2,
		2,
		0,
	},
	[556]=
	{
		556,
		410270,
		1,
		410271,
		10000,
		2,
		2,
		0,
	},
	[557]=
	{
		557,
		410270,
		1,
		410272,
		10000,
		2,
		2,
		0,
	},
	[558]=
	{
		558,
		410280,
		2,
		1031,
		10000,
		2,
		2,
		0,
	},
	[559]=
	{
		559,
		410280,
		1,
		1032,
		1200,
		2,
		2,
		0,
	},
	[560]=
	{
		560,
		410280,
		1,
		1033,
		292,
		2,
		2,
		0,
	},
	[561]=
	{
		561,
		410280,
		1,
		410281,
		10000,
		2,
		2,
		0,
	},
	[562]=
	{
		562,
		410280,
		1,
		410282,
		10000,
		2,
		2,
		0,
	},
	[563]=
	{
		563,
		410290,
		2,
		1031,
		10000,
		2,
		2,
		0,
	},
	[564]=
	{
		564,
		410290,
		1,
		1032,
		1200,
		2,
		2,
		0,
	},
	[565]=
	{
		565,
		410290,
		1,
		1033,
		292,
		2,
		2,
		0,
	},
	[566]=
	{
		566,
		410290,
		1,
		410291,
		10000,
		2,
		2,
		0,
	},
	[567]=
	{
		567,
		410290,
		1,
		410292,
		10000,
		2,
		2,
		0,
	},
	[568]=
	{
		568,
		410300,
		2,
		1031,
		10000,
		2,
		2,
		0,
	},
	[569]=
	{
		569,
		410300,
		1,
		1032,
		1800,
		2,
		2,
		0,
	},
	[570]=
	{
		570,
		410300,
		1,
		1033,
		437,
		2,
		2,
		0,
	},
	[571]=
	{
		571,
		410300,
		1,
		410301,
		10000,
		2,
		2,
		0,
	},
	[572]=
	{
		572,
		410300,
		1,
		410302,
		10000,
		2,
		2,
		0,
	},
	[573]=
	{
		573,
		410310,
		2,
		1031,
		10000,
		2,
		2,
		0,
	},
	[574]=
	{
		574,
		410310,
		1,
		1032,
		1800,
		2,
		2,
		0,
	},
	[575]=
	{
		575,
		410310,
		1,
		1033,
		437,
		2,
		2,
		0,
	},
	[576]=
	{
		576,
		410310,
		1,
		410311,
		10000,
		2,
		2,
		0,
	},
	[577]=
	{
		577,
		410310,
		1,
		410312,
		10000,
		2,
		2,
		0,
	},
	[578]=
	{
		578,
		410320,
		2,
		1031,
		10000,
		2,
		2,
		0,
	},
	[579]=
	{
		579,
		410320,
		1,
		1032,
		1800,
		2,
		2,
		0,
	},
	[580]=
	{
		580,
		410320,
		1,
		1033,
		437,
		2,
		2,
		0,
	},
	[581]=
	{
		581,
		410320,
		1,
		410321,
		10000,
		2,
		2,
		0,
	},
	[582]=
	{
		582,
		410320,
		1,
		410322,
		10000,
		2,
		2,
		0,
	},
	[583]=
	{
		583,
		410330,
		2,
		1031,
		10000,
		2,
		2,
		0,
	},
	[584]=
	{
		584,
		410330,
		1,
		1032,
		1800,
		2,
		2,
		0,
	},
	[585]=
	{
		585,
		410330,
		1,
		1033,
		437,
		2,
		2,
		0,
	},
	[586]=
	{
		586,
		410330,
		1,
		410331,
		10000,
		2,
		2,
		0,
	},
	[587]=
	{
		587,
		410330,
		1,
		410332,
		10000,
		2,
		2,
		0,
	},
	[588]=
	{
		588,
		410340,
		2,
		1031,
		10000,
		2,
		2,
		0,
	},
	[589]=
	{
		589,
		410340,
		1,
		1032,
		1800,
		2,
		2,
		0,
	},
	[590]=
	{
		590,
		410340,
		1,
		1033,
		437,
		2,
		2,
		0,
	},
	[591]=
	{
		591,
		410340,
		1,
		410341,
		10000,
		2,
		2,
		0,
	},
	[592]=
	{
		592,
		410340,
		1,
		410342,
		10000,
		2,
		2,
		0,
	},
	[593]=
	{
		593,
		410350,
		2,
		1031,
		10000,
		2,
		2,
		0,
	},
	[594]=
	{
		594,
		410350,
		1,
		1032,
		2400,
		2,
		2,
		0,
	},
	[595]=
	{
		595,
		410350,
		1,
		1033,
		583,
		2,
		2,
		0,
	},
	[596]=
	{
		596,
		410350,
		1,
		410351,
		10000,
		2,
		2,
		0,
	},
	[597]=
	{
		597,
		410350,
		1,
		410352,
		10000,
		2,
		2,
		0,
	},
	[598]=
	{
		598,
		410360,
		2,
		1031,
		10000,
		2,
		2,
		0,
	},
	[599]=
	{
		599,
		410360,
		1,
		1032,
		2400,
		2,
		2,
		0,
	},
	[600]=
	{
		600,
		410360,
		1,
		1033,
		583,
		2,
		2,
		0,
	},
	[601]=
	{
		601,
		410360,
		1,
		410361,
		10000,
		2,
		2,
		0,
	},
	[602]=
	{
		602,
		410360,
		1,
		410362,
		10000,
		2,
		2,
		0,
	},
	[603]=
	{
		603,
		410370,
		2,
		1031,
		10000,
		2,
		2,
		0,
	},
	[604]=
	{
		604,
		410370,
		1,
		1032,
		2400,
		2,
		2,
		0,
	},
	[605]=
	{
		605,
		410370,
		1,
		1033,
		583,
		2,
		2,
		0,
	},
	[606]=
	{
		606,
		410370,
		1,
		410371,
		10000,
		2,
		2,
		0,
	},
	[607]=
	{
		607,
		410370,
		1,
		410372,
		10000,
		2,
		2,
		0,
	},
	[608]=
	{
		608,
		410380,
		2,
		1031,
		10000,
		2,
		2,
		0,
	},
	[609]=
	{
		609,
		410380,
		1,
		1032,
		2400,
		2,
		2,
		0,
	},
	[610]=
	{
		610,
		410380,
		1,
		1033,
		583,
		2,
		2,
		0,
	},
	[611]=
	{
		611,
		410380,
		1,
		410381,
		10000,
		2,
		2,
		0,
	},
	[612]=
	{
		612,
		410380,
		1,
		410382,
		10000,
		2,
		2,
		0,
	},
	[613]=
	{
		613,
		410390,
		2,
		1031,
		10000,
		2,
		2,
		0,
	},
	[614]=
	{
		614,
		410390,
		1,
		1032,
		2400,
		2,
		2,
		0,
	},
	[615]=
	{
		615,
		410390,
		1,
		1033,
		583,
		2,
		2,
		0,
	},
	[616]=
	{
		616,
		410390,
		1,
		410391,
		10000,
		2,
		2,
		0,
	},
	[617]=
	{
		617,
		410390,
		1,
		410392,
		10000,
		2,
		2,
		0,
	},
	[618]=
	{
		618,
		410400,
		2,
		1031,
		10000,
		2,
		2,
		0,
	},
	[619]=
	{
		619,
		410400,
		1,
		1032,
		2400,
		2,
		2,
		0,
	},
	[620]=
	{
		620,
		410400,
		1,
		1033,
		583,
		2,
		2,
		0,
	},
	[621]=
	{
		621,
		410400,
		1,
		410401,
		10000,
		2,
		2,
		0,
	},
	[622]=
	{
		622,
		410400,
		1,
		410402,
		10000,
		2,
		2,
		0,
	},
	[623]=
	{
		623,
		410410,
		2,
		1041,
		10000,
		2,
		2,
		0,
	},
	[624]=
	{
		624,
		410410,
		1,
		1042,
		1200,
		2,
		2,
		0,
	},
	[625]=
	{
		625,
		410410,
		1,
		1043,
		230,
		2,
		2,
		0,
	},
	[626]=
	{
		626,
		410410,
		1,
		410411,
		10000,
		2,
		2,
		0,
	},
	[627]=
	{
		627,
		410410,
		1,
		410412,
		10000,
		2,
		2,
		0,
	},
	[628]=
	{
		628,
		410420,
		2,
		1041,
		10000,
		2,
		2,
		0,
	},
	[629]=
	{
		629,
		410420,
		1,
		1042,
		1200,
		2,
		2,
		0,
	},
	[630]=
	{
		630,
		410420,
		1,
		1043,
		230,
		2,
		2,
		0,
	},
	[631]=
	{
		631,
		410420,
		1,
		410421,
		10000,
		2,
		2,
		0,
	},
	[632]=
	{
		632,
		410420,
		1,
		410422,
		10000,
		2,
		2,
		0,
	},
	[633]=
	{
		633,
		410430,
		2,
		1041,
		10000,
		2,
		2,
		0,
	},
	[634]=
	{
		634,
		410430,
		1,
		1042,
		1200,
		2,
		2,
		0,
	},
	[635]=
	{
		635,
		410430,
		1,
		1043,
		230,
		2,
		2,
		0,
	},
	[636]=
	{
		636,
		410430,
		1,
		410431,
		10000,
		2,
		2,
		0,
	},
	[637]=
	{
		637,
		410430,
		1,
		410432,
		10000,
		2,
		2,
		0,
	},
	[638]=
	{
		638,
		410440,
		2,
		1041,
		10000,
		2,
		2,
		0,
	},
	[639]=
	{
		639,
		410440,
		1,
		1042,
		1200,
		2,
		2,
		0,
	},
	[640]=
	{
		640,
		410440,
		1,
		1043,
		230,
		2,
		2,
		0,
	},
	[641]=
	{
		641,
		410440,
		1,
		410441,
		10000,
		2,
		2,
		0,
	},
	[642]=
	{
		642,
		410440,
		1,
		410442,
		10000,
		2,
		2,
		0,
	},
	[643]=
	{
		643,
		410450,
		2,
		1041,
		10000,
		2,
		2,
		0,
	},
	[644]=
	{
		644,
		410450,
		1,
		1042,
		2400,
		2,
		2,
		0,
	},
	[645]=
	{
		645,
		410450,
		1,
		1043,
		461,
		2,
		2,
		0,
	},
	[646]=
	{
		646,
		410450,
		1,
		410451,
		10000,
		2,
		2,
		0,
	},
	[647]=
	{
		647,
		410450,
		1,
		410452,
		10000,
		2,
		2,
		0,
	},
	[648]=
	{
		648,
		410460,
		2,
		1041,
		10000,
		2,
		2,
		0,
	},
	[649]=
	{
		649,
		410460,
		1,
		1042,
		2400,
		2,
		2,
		0,
	},
	[650]=
	{
		650,
		410460,
		1,
		1043,
		461,
		2,
		2,
		0,
	},
	[651]=
	{
		651,
		410460,
		1,
		410461,
		10000,
		2,
		2,
		0,
	},
	[652]=
	{
		652,
		410460,
		1,
		410462,
		10000,
		2,
		2,
		0,
	},
	[653]=
	{
		653,
		410470,
		2,
		1041,
		10000,
		2,
		2,
		0,
	},
	[654]=
	{
		654,
		410470,
		1,
		1042,
		2400,
		2,
		2,
		0,
	},
	[655]=
	{
		655,
		410470,
		1,
		1043,
		461,
		2,
		2,
		0,
	},
	[656]=
	{
		656,
		410470,
		1,
		410471,
		10000,
		2,
		2,
		0,
	},
	[657]=
	{
		657,
		410470,
		1,
		410472,
		10000,
		2,
		2,
		0,
	},
	[658]=
	{
		658,
		410480,
		2,
		1041,
		10000,
		2,
		2,
		0,
	},
	[659]=
	{
		659,
		410480,
		1,
		1042,
		2400,
		2,
		2,
		0,
	},
	[660]=
	{
		660,
		410480,
		1,
		1043,
		461,
		2,
		2,
		0,
	},
	[661]=
	{
		661,
		410480,
		1,
		410481,
		10000,
		2,
		2,
		0,
	},
	[662]=
	{
		662,
		410480,
		1,
		410482,
		10000,
		2,
		2,
		0,
	},
	[663]=
	{
		663,
		410490,
		2,
		1041,
		10000,
		2,
		2,
		0,
	},
	[664]=
	{
		664,
		410490,
		1,
		1042,
		2400,
		2,
		2,
		0,
	},
	[665]=
	{
		665,
		410490,
		1,
		1043,
		461,
		2,
		2,
		0,
	},
	[666]=
	{
		666,
		410490,
		1,
		410491,
		10000,
		2,
		2,
		0,
	},
	[667]=
	{
		667,
		410490,
		1,
		410492,
		10000,
		2,
		2,
		0,
	},
	[668]=
	{
		668,
		410500,
		2,
		1041,
		10000,
		2,
		2,
		0,
	},
	[669]=
	{
		669,
		410500,
		1,
		1042,
		2400,
		2,
		2,
		0,
	},
	[670]=
	{
		670,
		410500,
		1,
		1043,
		461,
		2,
		2,
		0,
	},
	[671]=
	{
		671,
		410500,
		1,
		410501,
		10000,
		2,
		2,
		0,
	},
	[672]=
	{
		672,
		410500,
		1,
		410502,
		10000,
		2,
		2,
		0,
	},
	[673]=
	{
		673,
		410510,
		2,
		1051,
		10000,
		2,
		2,
		0,
	},
	[674]=
	{
		674,
		410510,
		1,
		1052,
		1200,
		2,
		2,
		0,
	},
	[675]=
	{
		675,
		410510,
		1,
		1053,
		176,
		2,
		2,
		0,
	},
	[676]=
	{
		676,
		410510,
		1,
		410511,
		10000,
		2,
		2,
		0,
	},
	[677]=
	{
		677,
		410510,
		1,
		410512,
		10000,
		2,
		2,
		0,
	},
	[678]=
	{
		678,
		410520,
		2,
		1051,
		10000,
		2,
		2,
		0,
	},
	[679]=
	{
		679,
		410520,
		1,
		1052,
		1200,
		2,
		2,
		0,
	},
	[680]=
	{
		680,
		410520,
		1,
		1053,
		176,
		2,
		2,
		0,
	},
	[681]=
	{
		681,
		410520,
		1,
		410521,
		10000,
		2,
		2,
		0,
	},
	[682]=
	{
		682,
		410520,
		1,
		410522,
		10000,
		2,
		2,
		0,
	},
	[683]=
	{
		683,
		410530,
		2,
		1051,
		10000,
		2,
		2,
		0,
	},
	[684]=
	{
		684,
		410530,
		1,
		1052,
		1200,
		2,
		2,
		0,
	},
	[685]=
	{
		685,
		410530,
		1,
		1053,
		176,
		2,
		2,
		0,
	},
	[686]=
	{
		686,
		410530,
		1,
		410531,
		10000,
		2,
		2,
		0,
	},
	[687]=
	{
		687,
		410530,
		1,
		410532,
		10000,
		2,
		2,
		0,
	},
	[688]=
	{
		688,
		410540,
		2,
		1051,
		10000,
		2,
		2,
		0,
	},
	[689]=
	{
		689,
		410540,
		1,
		1052,
		1200,
		2,
		2,
		0,
	},
	[690]=
	{
		690,
		410540,
		1,
		1053,
		176,
		2,
		2,
		0,
	},
	[691]=
	{
		691,
		410540,
		1,
		410541,
		10000,
		2,
		2,
		0,
	},
	[692]=
	{
		692,
		410540,
		1,
		410542,
		10000,
		2,
		2,
		0,
	},
	[693]=
	{
		693,
		410550,
		2,
		1051,
		10000,
		2,
		2,
		0,
	},
	[694]=
	{
		694,
		410550,
		1,
		1052,
		2400,
		2,
		2,
		0,
	},
	[695]=
	{
		695,
		410550,
		1,
		1053,
		353,
		2,
		2,
		0,
	},
	[696]=
	{
		696,
		410550,
		1,
		410551,
		10000,
		2,
		2,
		0,
	},
	[697]=
	{
		697,
		410550,
		1,
		410552,
		10000,
		2,
		2,
		0,
	},
	[698]=
	{
		698,
		410560,
		2,
		1051,
		10000,
		2,
		2,
		0,
	},
	[699]=
	{
		699,
		410560,
		1,
		1052,
		2400,
		2,
		2,
		0,
	},
	[700]=
	{
		700,
		410560,
		1,
		1053,
		353,
		2,
		2,
		0,
	},
	[701]=
	{
		701,
		410560,
		1,
		410561,
		10000,
		2,
		2,
		0,
	},
	[702]=
	{
		702,
		410560,
		1,
		410562,
		10000,
		2,
		2,
		0,
	},
	[703]=
	{
		703,
		410570,
		2,
		1051,
		10000,
		2,
		2,
		0,
	},
	[704]=
	{
		704,
		410570,
		1,
		1052,
		2400,
		2,
		2,
		0,
	},
	[705]=
	{
		705,
		410570,
		1,
		1053,
		353,
		2,
		2,
		0,
	},
	[706]=
	{
		706,
		410570,
		1,
		410571,
		10000,
		2,
		2,
		0,
	},
	[707]=
	{
		707,
		410570,
		1,
		410572,
		10000,
		2,
		2,
		0,
	},
	[708]=
	{
		708,
		410580,
		2,
		1051,
		10000,
		2,
		2,
		0,
	},
	[709]=
	{
		709,
		410580,
		1,
		1052,
		2400,
		2,
		2,
		0,
	},
	[710]=
	{
		710,
		410580,
		1,
		1053,
		353,
		2,
		2,
		0,
	},
	[711]=
	{
		711,
		410580,
		1,
		410581,
		10000,
		2,
		2,
		0,
	},
	[712]=
	{
		712,
		410580,
		1,
		410582,
		10000,
		2,
		2,
		0,
	},
	[713]=
	{
		713,
		410590,
		2,
		1051,
		10000,
		2,
		2,
		0,
	},
	[714]=
	{
		714,
		410590,
		1,
		1052,
		2400,
		2,
		2,
		0,
	},
	[715]=
	{
		715,
		410590,
		1,
		1053,
		353,
		2,
		2,
		0,
	},
	[716]=
	{
		716,
		410590,
		1,
		410591,
		10000,
		2,
		2,
		0,
	},
	[717]=
	{
		717,
		410590,
		1,
		410592,
		10000,
		2,
		2,
		0,
	},
	[718]=
	{
		718,
		410600,
		2,
		1051,
		10000,
		2,
		2,
		0,
	},
	[719]=
	{
		719,
		410600,
		1,
		1052,
		2400,
		2,
		2,
		0,
	},
	[720]=
	{
		720,
		410600,
		1,
		1053,
		353,
		2,
		2,
		0,
	},
	[721]=
	{
		721,
		410600,
		1,
		410601,
		10000,
		2,
		2,
		0,
	},
	[722]=
	{
		722,
		410600,
		1,
		410602,
		10000,
		2,
		2,
		0,
	},
	[723]=
	{
		723,
		410610,
		2,
		1061,
		10000,
		2,
		2,
		0,
	},
	[724]=
	{
		724,
		410610,
		1,
		1062,
		1200,
		2,
		2,
		0,
	},
	[725]=
	{
		725,
		410610,
		1,
		1063,
		164,
		2,
		2,
		0,
	},
	[726]=
	{
		726,
		410610,
		1,
		410611,
		10000,
		2,
		2,
		0,
	},
	[727]=
	{
		727,
		410610,
		1,
		410612,
		10000,
		2,
		2,
		0,
	},
	[728]=
	{
		728,
		410620,
		2,
		1061,
		10000,
		2,
		2,
		0,
	},
	[729]=
	{
		729,
		410620,
		1,
		1062,
		1200,
		2,
		2,
		0,
	},
	[730]=
	{
		730,
		410620,
		1,
		1063,
		164,
		2,
		2,
		0,
	},
	[731]=
	{
		731,
		410620,
		1,
		410621,
		10000,
		2,
		2,
		0,
	},
	[732]=
	{
		732,
		410620,
		1,
		410622,
		10000,
		2,
		2,
		0,
	},
	[733]=
	{
		733,
		410630,
		2,
		1061,
		10000,
		2,
		2,
		0,
	},
	[734]=
	{
		734,
		410630,
		1,
		1062,
		1200,
		2,
		2,
		0,
	},
	[735]=
	{
		735,
		410630,
		1,
		1063,
		164,
		2,
		2,
		0,
	},
	[736]=
	{
		736,
		410630,
		1,
		410631,
		10000,
		2,
		2,
		0,
	},
	[737]=
	{
		737,
		410630,
		1,
		410632,
		10000,
		2,
		2,
		0,
	},
	[738]=
	{
		738,
		410640,
		2,
		1061,
		10000,
		2,
		2,
		0,
	},
	[739]=
	{
		739,
		410640,
		1,
		1062,
		1200,
		2,
		2,
		0,
	},
	[740]=
	{
		740,
		410640,
		1,
		1063,
		164,
		2,
		2,
		0,
	},
	[741]=
	{
		741,
		410640,
		1,
		410641,
		10000,
		2,
		2,
		0,
	},
	[742]=
	{
		742,
		410640,
		1,
		410642,
		10000,
		2,
		2,
		0,
	},
	[743]=
	{
		743,
		410650,
		2,
		1061,
		10000,
		2,
		2,
		0,
	},
	[744]=
	{
		744,
		410650,
		1,
		1062,
		2400,
		2,
		2,
		0,
	},
	[745]=
	{
		745,
		410650,
		1,
		1063,
		328,
		2,
		2,
		0,
	},
	[746]=
	{
		746,
		410650,
		1,
		410651,
		10000,
		2,
		2,
		0,
	},
	[747]=
	{
		747,
		410650,
		1,
		410652,
		10000,
		2,
		2,
		0,
	},
	[748]=
	{
		748,
		410660,
		2,
		1061,
		10000,
		2,
		2,
		0,
	},
	[749]=
	{
		749,
		410660,
		1,
		1062,
		2400,
		2,
		2,
		0,
	},
	[750]=
	{
		750,
		410660,
		1,
		1063,
		328,
		2,
		2,
		0,
	},
	[751]=
	{
		751,
		410660,
		1,
		410661,
		10000,
		2,
		2,
		0,
	},
	[752]=
	{
		752,
		410660,
		1,
		410662,
		10000,
		2,
		2,
		0,
	},
	[753]=
	{
		753,
		410670,
		2,
		1061,
		10000,
		2,
		2,
		0,
	},
	[754]=
	{
		754,
		410670,
		1,
		1062,
		2400,
		2,
		2,
		0,
	},
	[755]=
	{
		755,
		410670,
		1,
		1063,
		328,
		2,
		2,
		0,
	},
	[756]=
	{
		756,
		410670,
		1,
		410671,
		10000,
		2,
		2,
		0,
	},
	[757]=
	{
		757,
		410670,
		1,
		410672,
		10000,
		2,
		2,
		0,
	},
	[758]=
	{
		758,
		410680,
		2,
		1061,
		10000,
		2,
		2,
		0,
	},
	[759]=
	{
		759,
		410680,
		1,
		1062,
		2400,
		2,
		2,
		0,
	},
	[760]=
	{
		760,
		410680,
		1,
		1063,
		328,
		2,
		2,
		0,
	},
	[761]=
	{
		761,
		410680,
		1,
		410681,
		10000,
		2,
		2,
		0,
	},
	[762]=
	{
		762,
		410680,
		1,
		410682,
		10000,
		2,
		2,
		0,
	},
	[763]=
	{
		763,
		410690,
		2,
		1061,
		10000,
		2,
		2,
		0,
	},
	[764]=
	{
		764,
		410690,
		1,
		1062,
		2400,
		2,
		2,
		0,
	},
	[765]=
	{
		765,
		410690,
		1,
		1063,
		328,
		2,
		2,
		0,
	},
	[766]=
	{
		766,
		410690,
		1,
		410691,
		10000,
		2,
		2,
		0,
	},
	[767]=
	{
		767,
		410690,
		1,
		410692,
		10000,
		2,
		2,
		0,
	},
	[768]=
	{
		768,
		410700,
		2,
		1061,
		10000,
		2,
		2,
		0,
	},
	[769]=
	{
		769,
		410700,
		1,
		1062,
		2400,
		2,
		2,
		0,
	},
	[770]=
	{
		770,
		410700,
		1,
		1063,
		328,
		2,
		2,
		0,
	},
	[771]=
	{
		771,
		410700,
		1,
		410701,
		10000,
		2,
		2,
		0,
	},
	[772]=
	{
		772,
		410700,
		1,
		410702,
		10000,
		2,
		2,
		0,
	},
	[773]=
	{
		773,
		410710,
		2,
		1071,
		10000,
		2,
		2,
		0,
	},
	[774]=
	{
		774,
		410710,
		1,
		1072,
		1200,
		2,
		2,
		0,
	},
	[775]=
	{
		775,
		410710,
		1,
		1073,
		139,
		2,
		2,
		0,
	},
	[776]=
	{
		776,
		410710,
		1,
		410711,
		10000,
		2,
		2,
		0,
	},
	[777]=
	{
		777,
		410710,
		1,
		410712,
		10000,
		2,
		2,
		0,
	},
	[778]=
	{
		778,
		410720,
		2,
		1071,
		10000,
		2,
		2,
		0,
	},
	[779]=
	{
		779,
		410720,
		1,
		1072,
		1200,
		2,
		2,
		0,
	},
	[780]=
	{
		780,
		410720,
		1,
		1073,
		139,
		2,
		2,
		0,
	},
	[781]=
	{
		781,
		410720,
		1,
		410721,
		10000,
		2,
		2,
		0,
	},
	[782]=
	{
		782,
		410720,
		1,
		410722,
		10000,
		2,
		2,
		0,
	},
	[783]=
	{
		783,
		410730,
		2,
		1071,
		10000,
		2,
		2,
		0,
	},
	[784]=
	{
		784,
		410730,
		1,
		1072,
		1200,
		2,
		2,
		0,
	},
	[785]=
	{
		785,
		410730,
		1,
		1073,
		139,
		2,
		2,
		0,
	},
	[786]=
	{
		786,
		410730,
		1,
		410731,
		10000,
		2,
		2,
		0,
	},
	[787]=
	{
		787,
		410730,
		1,
		410732,
		10000,
		2,
		2,
		0,
	},
	[788]=
	{
		788,
		410740,
		2,
		1071,
		10000,
		2,
		2,
		0,
	},
	[789]=
	{
		789,
		410740,
		1,
		1072,
		1200,
		2,
		2,
		0,
	},
	[790]=
	{
		790,
		410740,
		1,
		1073,
		139,
		2,
		2,
		0,
	},
	[791]=
	{
		791,
		410740,
		1,
		410741,
		10000,
		2,
		2,
		0,
	},
	[792]=
	{
		792,
		410740,
		1,
		410742,
		10000,
		2,
		2,
		0,
	},
	[793]=
	{
		793,
		410750,
		2,
		1071,
		10000,
		2,
		2,
		0,
	},
	[794]=
	{
		794,
		410750,
		1,
		1072,
		2400,
		2,
		2,
		0,
	},
	[795]=
	{
		795,
		410750,
		1,
		1073,
		277,
		2,
		2,
		0,
	},
	[796]=
	{
		796,
		410750,
		1,
		410751,
		10000,
		2,
		2,
		0,
	},
	[797]=
	{
		797,
		410750,
		1,
		410752,
		10000,
		2,
		2,
		0,
	},
	[798]=
	{
		798,
		410760,
		2,
		1071,
		10000,
		2,
		2,
		0,
	},
	[799]=
	{
		799,
		410760,
		1,
		1072,
		2400,
		2,
		2,
		0,
	},
	[800]=
	{
		800,
		410760,
		1,
		1073,
		277,
		2,
		2,
		0,
	},
	[801]=
	{
		801,
		410760,
		1,
		410761,
		10000,
		2,
		2,
		0,
	},
	[802]=
	{
		802,
		410760,
		1,
		410762,
		10000,
		2,
		2,
		0,
	},
	[803]=
	{
		803,
		410770,
		2,
		1071,
		10000,
		2,
		2,
		0,
	},
	[804]=
	{
		804,
		410770,
		1,
		1072,
		2400,
		2,
		2,
		0,
	},
	[805]=
	{
		805,
		410770,
		1,
		1073,
		277,
		2,
		2,
		0,
	},
	[806]=
	{
		806,
		410770,
		1,
		410771,
		10000,
		2,
		2,
		0,
	},
	[807]=
	{
		807,
		410770,
		1,
		410772,
		10000,
		2,
		2,
		0,
	},
	[808]=
	{
		808,
		410780,
		2,
		1071,
		10000,
		2,
		2,
		0,
	},
	[809]=
	{
		809,
		410780,
		1,
		1072,
		2400,
		2,
		2,
		0,
	},
	[810]=
	{
		810,
		410780,
		1,
		1073,
		277,
		2,
		2,
		0,
	},
	[811]=
	{
		811,
		410780,
		1,
		410781,
		10000,
		2,
		2,
		0,
	},
	[812]=
	{
		812,
		410780,
		1,
		410782,
		10000,
		2,
		2,
		0,
	},
	[813]=
	{
		813,
		410790,
		2,
		1071,
		10000,
		2,
		2,
		0,
	},
	[814]=
	{
		814,
		410790,
		1,
		1072,
		2400,
		2,
		2,
		0,
	},
	[815]=
	{
		815,
		410790,
		1,
		1073,
		277,
		2,
		2,
		0,
	},
	[816]=
	{
		816,
		410790,
		1,
		410791,
		10000,
		2,
		2,
		0,
	},
	[817]=
	{
		817,
		410790,
		1,
		410792,
		10000,
		2,
		2,
		0,
	},
	[818]=
	{
		818,
		410800,
		2,
		1071,
		10000,
		2,
		2,
		0,
	},
	[819]=
	{
		819,
		410800,
		1,
		1072,
		2400,
		2,
		2,
		0,
	},
	[820]=
	{
		820,
		410800,
		1,
		1073,
		277,
		2,
		2,
		0,
	},
	[821]=
	{
		821,
		410800,
		1,
		410801,
		10000,
		2,
		2,
		0,
	},
	[822]=
	{
		822,
		410800,
		1,
		410802,
		10000,
		2,
		2,
		0,
	},
	[823]=
	{
		823,
		410810,
		2,
		1081,
		10000,
		2,
		2,
		0,
	},
	[824]=
	{
		824,
		410810,
		1,
		1082,
		1200,
		2,
		2,
		0,
	},
	[825]=
	{
		825,
		410810,
		1,
		1083,
		104,
		2,
		2,
		0,
	},
	[826]=
	{
		826,
		410810,
		1,
		410811,
		10000,
		2,
		2,
		0,
	},
	[827]=
	{
		827,
		410810,
		1,
		410812,
		10000,
		2,
		2,
		0,
	},
	[828]=
	{
		828,
		410820,
		2,
		1081,
		10000,
		2,
		2,
		0,
	},
	[829]=
	{
		829,
		410820,
		1,
		1082,
		1200,
		2,
		2,
		0,
	},
	[830]=
	{
		830,
		410820,
		1,
		1083,
		104,
		2,
		2,
		0,
	},
	[831]=
	{
		831,
		410820,
		1,
		410821,
		10000,
		2,
		2,
		0,
	},
	[832]=
	{
		832,
		410820,
		1,
		410822,
		10000,
		2,
		2,
		0,
	},
	[833]=
	{
		833,
		410830,
		2,
		1081,
		10000,
		2,
		2,
		0,
	},
	[834]=
	{
		834,
		410830,
		1,
		1082,
		1200,
		2,
		2,
		0,
	},
	[835]=
	{
		835,
		410830,
		1,
		1083,
		104,
		2,
		2,
		0,
	},
	[836]=
	{
		836,
		410830,
		1,
		410831,
		10000,
		2,
		2,
		0,
	},
	[837]=
	{
		837,
		410830,
		1,
		410832,
		10000,
		2,
		2,
		0,
	},
	[838]=
	{
		838,
		410840,
		2,
		1081,
		10000,
		2,
		2,
		0,
	},
	[839]=
	{
		839,
		410840,
		1,
		1082,
		1200,
		2,
		2,
		0,
	},
	[840]=
	{
		840,
		410840,
		1,
		1083,
		104,
		2,
		2,
		0,
	},
	[841]=
	{
		841,
		410840,
		1,
		410841,
		10000,
		2,
		2,
		0,
	},
	[842]=
	{
		842,
		410840,
		1,
		410842,
		10000,
		2,
		2,
		0,
	},
	[843]=
	{
		843,
		410850,
		2,
		1081,
		10000,
		2,
		2,
		0,
	},
	[844]=
	{
		844,
		410850,
		1,
		1082,
		2400,
		2,
		2,
		0,
	},
	[845]=
	{
		845,
		410850,
		1,
		1083,
		208,
		2,
		2,
		0,
	},
	[846]=
	{
		846,
		410850,
		1,
		410851,
		10000,
		2,
		2,
		0,
	},
	[847]=
	{
		847,
		410850,
		1,
		410852,
		10000,
		2,
		2,
		0,
	},
	[848]=
	{
		848,
		410860,
		2,
		1081,
		10000,
		2,
		2,
		0,
	},
	[849]=
	{
		849,
		410860,
		1,
		1082,
		2400,
		2,
		2,
		0,
	},
	[850]=
	{
		850,
		410860,
		1,
		1083,
		208,
		2,
		2,
		0,
	},
	[851]=
	{
		851,
		410860,
		1,
		410861,
		10000,
		2,
		2,
		0,
	},
	[852]=
	{
		852,
		410860,
		1,
		410862,
		10000,
		2,
		2,
		0,
	},
	[853]=
	{
		853,
		410870,
		2,
		1081,
		10000,
		2,
		2,
		0,
	},
	[854]=
	{
		854,
		410870,
		1,
		1082,
		2400,
		2,
		2,
		0,
	},
	[855]=
	{
		855,
		410870,
		1,
		1083,
		208,
		2,
		2,
		0,
	},
	[856]=
	{
		856,
		410870,
		1,
		410871,
		10000,
		2,
		2,
		0,
	},
	[857]=
	{
		857,
		410870,
		1,
		410872,
		10000,
		2,
		2,
		0,
	},
	[858]=
	{
		858,
		410880,
		2,
		1081,
		10000,
		2,
		2,
		0,
	},
	[859]=
	{
		859,
		410880,
		1,
		1082,
		2400,
		2,
		2,
		0,
	},
	[860]=
	{
		860,
		410880,
		1,
		1083,
		208,
		2,
		2,
		0,
	},
	[861]=
	{
		861,
		410880,
		1,
		410881,
		10000,
		2,
		2,
		0,
	},
	[862]=
	{
		862,
		410880,
		1,
		410882,
		10000,
		2,
		2,
		0,
	},
	[863]=
	{
		863,
		410890,
		2,
		1081,
		10000,
		2,
		2,
		0,
	},
	[864]=
	{
		864,
		410890,
		1,
		1082,
		2400,
		2,
		2,
		0,
	},
	[865]=
	{
		865,
		410890,
		1,
		1083,
		208,
		2,
		2,
		0,
	},
	[866]=
	{
		866,
		410890,
		1,
		410891,
		10000,
		2,
		2,
		0,
	},
	[867]=
	{
		867,
		410890,
		1,
		410892,
		10000,
		2,
		2,
		0,
	},
	[868]=
	{
		868,
		410900,
		2,
		1081,
		10000,
		2,
		2,
		0,
	},
	[869]=
	{
		869,
		410900,
		1,
		1082,
		2400,
		2,
		2,
		0,
	},
	[870]=
	{
		870,
		410900,
		1,
		1083,
		208,
		2,
		2,
		0,
	},
	[871]=
	{
		871,
		410900,
		1,
		410901,
		10000,
		2,
		2,
		0,
	},
	[872]=
	{
		872,
		410900,
		1,
		410902,
		10000,
		2,
		2,
		0,
	},
	[873]=
	{
		873,
		410910,
		2,
		1091,
		10000,
		2,
		2,
		0,
	},
	[874]=
	{
		874,
		410910,
		1,
		1092,
		1200,
		2,
		2,
		0,
	},
	[875]=
	{
		875,
		410910,
		1,
		1093,
		95,
		2,
		2,
		0,
	},
	[876]=
	{
		876,
		410910,
		1,
		410911,
		10000,
		2,
		2,
		0,
	},
	[877]=
	{
		877,
		410910,
		1,
		410912,
		10000,
		2,
		2,
		0,
	},
	[878]=
	{
		878,
		410920,
		2,
		1091,
		10000,
		2,
		2,
		0,
	},
	[879]=
	{
		879,
		410920,
		1,
		1092,
		1200,
		2,
		2,
		0,
	},
	[880]=
	{
		880,
		410920,
		1,
		1093,
		95,
		2,
		2,
		0,
	},
	[881]=
	{
		881,
		410920,
		1,
		410921,
		10000,
		2,
		2,
		0,
	},
	[882]=
	{
		882,
		410920,
		1,
		410922,
		10000,
		2,
		2,
		0,
	},
	[883]=
	{
		883,
		410930,
		2,
		1091,
		10000,
		2,
		2,
		0,
	},
	[884]=
	{
		884,
		410930,
		1,
		1092,
		1200,
		2,
		2,
		0,
	},
	[885]=
	{
		885,
		410930,
		1,
		1093,
		95,
		2,
		2,
		0,
	},
	[886]=
	{
		886,
		410930,
		1,
		410931,
		10000,
		2,
		2,
		0,
	},
	[887]=
	{
		887,
		410930,
		1,
		410932,
		10000,
		2,
		2,
		0,
	},
	[888]=
	{
		888,
		410940,
		2,
		1091,
		10000,
		2,
		2,
		0,
	},
	[889]=
	{
		889,
		410940,
		1,
		1092,
		1200,
		2,
		2,
		0,
	},
	[890]=
	{
		890,
		410940,
		1,
		1093,
		95,
		2,
		2,
		0,
	},
	[891]=
	{
		891,
		410940,
		1,
		410941,
		10000,
		2,
		2,
		0,
	},
	[892]=
	{
		892,
		410940,
		1,
		410942,
		10000,
		2,
		2,
		0,
	},
	[893]=
	{
		893,
		410950,
		2,
		1091,
		10000,
		2,
		2,
		0,
	},
	[894]=
	{
		894,
		410950,
		1,
		1092,
		2400,
		2,
		2,
		0,
	},
	[895]=
	{
		895,
		410950,
		1,
		1093,
		189,
		2,
		2,
		0,
	},
	[896]=
	{
		896,
		410950,
		1,
		410951,
		10000,
		2,
		2,
		0,
	},
	[897]=
	{
		897,
		410950,
		1,
		410952,
		10000,
		2,
		2,
		0,
	},
	[898]=
	{
		898,
		410960,
		2,
		1091,
		10000,
		2,
		2,
		0,
	},
	[899]=
	{
		899,
		410960,
		1,
		1092,
		2400,
		2,
		2,
		0,
	},
	[900]=
	{
		900,
		410960,
		1,
		1093,
		189,
		2,
		2,
		0,
	},
	[901]=
	{
		901,
		410960,
		1,
		410961,
		10000,
		2,
		2,
		0,
	},
	[902]=
	{
		902,
		410960,
		1,
		410962,
		10000,
		2,
		2,
		0,
	},
	[903]=
	{
		903,
		410970,
		2,
		1091,
		10000,
		2,
		2,
		0,
	},
	[904]=
	{
		904,
		410970,
		1,
		1092,
		2400,
		2,
		2,
		0,
	},
	[905]=
	{
		905,
		410970,
		1,
		1093,
		189,
		2,
		2,
		0,
	},
	[906]=
	{
		906,
		410970,
		1,
		410971,
		10000,
		2,
		2,
		0,
	},
	[907]=
	{
		907,
		410970,
		1,
		410972,
		10000,
		2,
		2,
		0,
	},
	[908]=
	{
		908,
		410980,
		2,
		1091,
		10000,
		2,
		2,
		0,
	},
	[909]=
	{
		909,
		410980,
		1,
		1092,
		2400,
		2,
		2,
		0,
	},
	[910]=
	{
		910,
		410980,
		1,
		1093,
		189,
		2,
		2,
		0,
	},
	[911]=
	{
		911,
		410980,
		1,
		410981,
		10000,
		2,
		2,
		0,
	},
	[912]=
	{
		912,
		410980,
		1,
		410982,
		10000,
		2,
		2,
		0,
	},
	[913]=
	{
		913,
		410990,
		2,
		1091,
		10000,
		2,
		2,
		0,
	},
	[914]=
	{
		914,
		410990,
		1,
		1092,
		2400,
		2,
		2,
		0,
	},
	[915]=
	{
		915,
		410990,
		1,
		1093,
		189,
		2,
		2,
		0,
	},
	[916]=
	{
		916,
		410990,
		1,
		410991,
		10000,
		2,
		2,
		0,
	},
	[917]=
	{
		917,
		410990,
		1,
		410992,
		10000,
		2,
		2,
		0,
	},
	[918]=
	{
		918,
		411000,
		2,
		1091,
		10000,
		2,
		2,
		0,
	},
	[919]=
	{
		919,
		411000,
		1,
		1092,
		2400,
		2,
		2,
		0,
	},
	[920]=
	{
		920,
		411000,
		1,
		1093,
		189,
		2,
		2,
		0,
	},
	[921]=
	{
		921,
		411000,
		1,
		411001,
		10000,
		2,
		2,
		0,
	},
	[922]=
	{
		922,
		411000,
		1,
		411002,
		10000,
		2,
		2,
		0,
	},
	[923]=
	{
		923,
		420010,
		1,
		1011,
		10000,
		2,
		2,
		0,
	},
	[924]=
	{
		924,
		420010,
		1,
		1012,
		2400,
		2,
		2,
		0,
	},
	[925]=
	{
		925,
		420010,
		1,
		1013,
		1000,
		2,
		2,
		0,
	},
	[926]=
	{
		926,
		420020,
		1,
		1011,
		10000,
		2,
		2,
		0,
	},
	[927]=
	{
		927,
		420020,
		1,
		1012,
		2400,
		2,
		2,
		0,
	},
	[928]=
	{
		928,
		420020,
		1,
		1013,
		1000,
		2,
		2,
		0,
	},
	[929]=
	{
		929,
		420030,
		1,
		1021,
		10000,
		2,
		2,
		0,
	},
	[930]=
	{
		930,
		420030,
		1,
		1022,
		2400,
		2,
		2,
		0,
	},
	[931]=
	{
		931,
		420030,
		1,
		1023,
		1000,
		2,
		2,
		0,
	},
	[932]=
	{
		932,
		420040,
		1,
		1021,
		10000,
		2,
		2,
		0,
	},
	[933]=
	{
		933,
		420040,
		1,
		1022,
		2400,
		2,
		2,
		0,
	},
	[934]=
	{
		934,
		420040,
		1,
		1023,
		1000,
		2,
		2,
		0,
	},
	[935]=
	{
		935,
		420050,
		1,
		1021,
		10000,
		2,
		2,
		0,
	},
	[936]=
	{
		936,
		420050,
		1,
		1022,
		1200,
		2,
		2,
		0,
	},
	[937]=
	{
		937,
		420050,
		1,
		1023,
		500,
		2,
		2,
		0,
	},
	[938]=
	{
		938,
		420060,
		1,
		1021,
		10000,
		2,
		2,
		0,
	},
	[939]=
	{
		939,
		420060,
		1,
		1022,
		1200,
		2,
		2,
		0,
	},
	[940]=
	{
		940,
		420060,
		1,
		1023,
		500,
		2,
		2,
		0,
	},
	[941]=
	{
		941,
		420070,
		1,
		1021,
		10000,
		2,
		2,
		0,
	},
	[942]=
	{
		942,
		420070,
		1,
		1022,
		1200,
		2,
		2,
		0,
	},
	[943]=
	{
		943,
		420070,
		1,
		1023,
		500,
		2,
		2,
		0,
	},
	[944]=
	{
		944,
		420080,
		1,
		1021,
		10000,
		2,
		2,
		0,
	},
	[945]=
	{
		945,
		420080,
		1,
		1022,
		1200,
		2,
		2,
		0,
	},
	[946]=
	{
		946,
		420080,
		1,
		1023,
		500,
		2,
		2,
		0,
	},
	[947]=
	{
		947,
		420090,
		1,
		1021,
		10000,
		2,
		2,
		0,
	},
	[948]=
	{
		948,
		420090,
		1,
		1022,
		1200,
		2,
		2,
		0,
	},
	[949]=
	{
		949,
		420090,
		1,
		1023,
		500,
		2,
		2,
		0,
	},
	[950]=
	{
		950,
		420100,
		1,
		1021,
		10000,
		2,
		2,
		0,
	},
	[951]=
	{
		951,
		420100,
		1,
		1022,
		1800,
		2,
		2,
		0,
	},
	[952]=
	{
		952,
		420100,
		1,
		1023,
		750,
		2,
		2,
		0,
	},
	[953]=
	{
		953,
		420100,
		1,
		2022,
		126,
		2,
		2,
		0,
	},
	[954]=
	{
		954,
		420100,
		1,
		2023,
		30,
		2,
		2,
		0,
	},
	[955]=
	{
		955,
		420110,
		1,
		1021,
		10000,
		2,
		2,
		0,
	},
	[956]=
	{
		956,
		420110,
		1,
		1022,
		1800,
		2,
		2,
		0,
	},
	[957]=
	{
		957,
		420110,
		1,
		1023,
		750,
		2,
		2,
		0,
	},
	[958]=
	{
		958,
		420110,
		1,
		2022,
		126,
		2,
		2,
		0,
	},
	[959]=
	{
		959,
		420110,
		1,
		2023,
		30,
		2,
		2,
		0,
	},
	[960]=
	{
		960,
		420120,
		1,
		1021,
		10000,
		2,
		2,
		0,
	},
	[961]=
	{
		961,
		420120,
		1,
		1022,
		1800,
		2,
		2,
		0,
	},
	[962]=
	{
		962,
		420120,
		1,
		1023,
		750,
		2,
		2,
		0,
	},
	[963]=
	{
		963,
		420120,
		1,
		2022,
		126,
		2,
		2,
		0,
	},
	[964]=
	{
		964,
		420120,
		1,
		2023,
		30,
		2,
		2,
		0,
	},
	[965]=
	{
		965,
		420130,
		1,
		1021,
		10000,
		2,
		2,
		0,
	},
	[966]=
	{
		966,
		420130,
		1,
		1022,
		1800,
		2,
		2,
		0,
	},
	[967]=
	{
		967,
		420130,
		1,
		1023,
		750,
		2,
		2,
		0,
	},
	[968]=
	{
		968,
		420130,
		1,
		2022,
		126,
		2,
		2,
		0,
	},
	[969]=
	{
		969,
		420130,
		1,
		2023,
		30,
		2,
		2,
		0,
	},
	[970]=
	{
		970,
		420140,
		1,
		1021,
		10000,
		2,
		2,
		0,
	},
	[971]=
	{
		971,
		420140,
		1,
		1022,
		1800,
		2,
		2,
		0,
	},
	[972]=
	{
		972,
		420140,
		1,
		1023,
		750,
		2,
		2,
		0,
	},
	[973]=
	{
		973,
		420140,
		1,
		2022,
		126,
		2,
		2,
		0,
	},
	[974]=
	{
		974,
		420140,
		1,
		2023,
		30,
		2,
		2,
		0,
	},
	[975]=
	{
		975,
		420150,
		1,
		1021,
		10000,
		2,
		2,
		0,
	},
	[976]=
	{
		976,
		420150,
		1,
		1022,
		2400,
		2,
		2,
		0,
	},
	[977]=
	{
		977,
		420150,
		1,
		1023,
		1000,
		2,
		2,
		0,
	},
	[978]=
	{
		978,
		420150,
		1,
		2022,
		252,
		2,
		2,
		0,
	},
	[979]=
	{
		979,
		420150,
		1,
		2023,
		60,
		2,
		2,
		0,
	},
	[980]=
	{
		980,
		420160,
		1,
		1021,
		10000,
		2,
		2,
		0,
	},
	[981]=
	{
		981,
		420160,
		1,
		1022,
		2400,
		2,
		2,
		0,
	},
	[982]=
	{
		982,
		420160,
		1,
		1023,
		1000,
		2,
		2,
		0,
	},
	[983]=
	{
		983,
		420160,
		1,
		2022,
		252,
		2,
		2,
		0,
	},
	[984]=
	{
		984,
		420160,
		1,
		2023,
		60,
		2,
		2,
		0,
	},
	[985]=
	{
		985,
		420170,
		1,
		1021,
		10000,
		2,
		2,
		0,
	},
	[986]=
	{
		986,
		420170,
		1,
		1022,
		2400,
		2,
		2,
		0,
	},
	[987]=
	{
		987,
		420170,
		1,
		1023,
		1000,
		2,
		2,
		0,
	},
	[988]=
	{
		988,
		420170,
		1,
		2022,
		252,
		2,
		2,
		0,
	},
	[989]=
	{
		989,
		420170,
		1,
		2023,
		60,
		2,
		2,
		0,
	},
	[990]=
	{
		990,
		420180,
		1,
		1021,
		10000,
		2,
		2,
		0,
	},
	[991]=
	{
		991,
		420180,
		1,
		1022,
		2400,
		2,
		2,
		0,
	},
	[992]=
	{
		992,
		420180,
		1,
		1023,
		1000,
		2,
		2,
		0,
	},
	[993]=
	{
		993,
		420180,
		1,
		2022,
		252,
		2,
		2,
		0,
	},
	[994]=
	{
		994,
		420180,
		1,
		2023,
		60,
		2,
		2,
		0,
	},
	[995]=
	{
		995,
		420190,
		1,
		1021,
		10000,
		2,
		2,
		0,
	},
	[996]=
	{
		996,
		420190,
		1,
		1022,
		2400,
		2,
		2,
		0,
	},
	[997]=
	{
		997,
		420190,
		1,
		1023,
		1000,
		2,
		2,
		0,
	},
	[998]=
	{
		998,
		420190,
		1,
		2022,
		252,
		2,
		2,
		0,
	},
	[999]=
	{
		999,
		420190,
		1,
		2023,
		60,
		2,
		2,
		0,
	},
	[1000]=
	{
		1000,
		420200,
		1,
		1021,
		10000,
		2,
		2,
		0,
	},
	[1001]=
	{
		1001,
		420200,
		1,
		1022,
		2400,
		2,
		2,
		0,
	},
	[1002]=
	{
		1002,
		420200,
		1,
		1023,
		1000,
		2,
		2,
		0,
	},
	[1003]=
	{
		1003,
		420200,
		1,
		2022,
		252,
		2,
		2,
		0,
	},
	[1004]=
	{
		1004,
		420200,
		1,
		2023,
		60,
		2,
		2,
		0,
	},
	[1005]=
	{
		1005,
		420210,
		1,
		1031,
		10000,
		2,
		2,
		0,
	},
	[1006]=
	{
		1006,
		420210,
		1,
		1032,
		2400,
		2,
		2,
		0,
	},
	[1007]=
	{
		1007,
		420210,
		1,
		1033,
		583,
		2,
		2,
		0,
	},
	[1008]=
	{
		1008,
		420210,
		1,
		3011,
		10000,
		2,
		2,
		0,
	},
	[1009]=
	{
		1009,
		420210,
		1,
		3012,
		250,
		2,
		2,
		0,
	},
	[1010]=
	{
		1010,
		420220,
		1,
		1031,
		10000,
		2,
		2,
		0,
	},
	[1011]=
	{
		1011,
		420220,
		1,
		1032,
		2400,
		2,
		2,
		0,
	},
	[1012]=
	{
		1012,
		420220,
		1,
		1033,
		583,
		2,
		2,
		0,
	},
	[1013]=
	{
		1013,
		420220,
		1,
		3011,
		10000,
		2,
		2,
		0,
	},
	[1014]=
	{
		1014,
		420220,
		1,
		3012,
		250,
		2,
		2,
		0,
	},
	[1015]=
	{
		1015,
		420230,
		1,
		1031,
		10000,
		2,
		2,
		0,
	},
	[1016]=
	{
		1016,
		420230,
		1,
		1032,
		2400,
		2,
		2,
		0,
	},
	[1017]=
	{
		1017,
		420230,
		1,
		1033,
		583,
		2,
		2,
		0,
	},
	[1018]=
	{
		1018,
		420230,
		1,
		3011,
		10000,
		2,
		2,
		0,
	},
	[1019]=
	{
		1019,
		420230,
		1,
		3012,
		250,
		2,
		2,
		0,
	},
	[1020]=
	{
		1020,
		420240,
		1,
		1031,
		10000,
		2,
		2,
		0,
	},
	[1021]=
	{
		1021,
		420240,
		1,
		1032,
		2400,
		2,
		2,
		0,
	},
	[1022]=
	{
		1022,
		420240,
		1,
		1033,
		583,
		2,
		2,
		0,
	},
	[1023]=
	{
		1023,
		420240,
		1,
		3011,
		10000,
		2,
		2,
		0,
	},
	[1024]=
	{
		1024,
		420240,
		1,
		3012,
		250,
		2,
		2,
		0,
	},
	[1025]=
	{
		1025,
		420250,
		1,
		1031,
		10000,
		2,
		2,
		0,
	},
	[1026]=
	{
		1026,
		420250,
		1,
		1032,
		1200,
		2,
		2,
		0,
	},
	[1027]=
	{
		1027,
		420250,
		1,
		1033,
		292,
		2,
		2,
		0,
	},
	[1028]=
	{
		1028,
		420250,
		1,
		3011,
		10000,
		2,
		2,
		0,
	},
	[1029]=
	{
		1029,
		420250,
		1,
		3012,
		125,
		2,
		2,
		0,
	},
	[1030]=
	{
		1030,
		420260,
		1,
		1031,
		10000,
		2,
		2,
		0,
	},
	[1031]=
	{
		1031,
		420260,
		1,
		1032,
		1200,
		2,
		2,
		0,
	},
	[1032]=
	{
		1032,
		420260,
		1,
		1033,
		292,
		2,
		2,
		0,
	},
	[1033]=
	{
		1033,
		420260,
		1,
		3011,
		10000,
		2,
		2,
		0,
	},
	[1034]=
	{
		1034,
		420260,
		1,
		3012,
		125,
		2,
		2,
		0,
	},
	[1035]=
	{
		1035,
		420270,
		1,
		1031,
		10000,
		2,
		2,
		0,
	},
	[1036]=
	{
		1036,
		420270,
		1,
		1032,
		1200,
		2,
		2,
		0,
	},
	[1037]=
	{
		1037,
		420270,
		1,
		1033,
		292,
		2,
		2,
		0,
	},
	[1038]=
	{
		1038,
		420270,
		1,
		3011,
		10000,
		2,
		2,
		0,
	},
	[1039]=
	{
		1039,
		420270,
		1,
		3012,
		125,
		2,
		2,
		0,
	},
	[1040]=
	{
		1040,
		420280,
		1,
		1031,
		10000,
		2,
		2,
		0,
	},
	[1041]=
	{
		1041,
		420280,
		1,
		1032,
		1200,
		2,
		2,
		0,
	},
	[1042]=
	{
		1042,
		420280,
		1,
		1033,
		292,
		2,
		2,
		0,
	},
	[1043]=
	{
		1043,
		420280,
		1,
		3011,
		10000,
		2,
		2,
		0,
	},
	[1044]=
	{
		1044,
		420280,
		1,
		3012,
		125,
		2,
		2,
		0,
	},
	[1045]=
	{
		1045,
		420290,
		1,
		1031,
		10000,
		2,
		2,
		0,
	},
	[1046]=
	{
		1046,
		420290,
		1,
		1032,
		1200,
		2,
		2,
		0,
	},
	[1047]=
	{
		1047,
		420290,
		1,
		1033,
		292,
		2,
		2,
		0,
	},
	[1048]=
	{
		1048,
		420290,
		1,
		3011,
		10000,
		2,
		2,
		0,
	},
	[1049]=
	{
		1049,
		420290,
		1,
		3012,
		125,
		2,
		2,
		0,
	},
	[1050]=
	{
		1050,
		420300,
		1,
		1031,
		10000,
		2,
		2,
		0,
	},
	[1051]=
	{
		1051,
		420300,
		1,
		1032,
		1800,
		2,
		2,
		0,
	},
	[1052]=
	{
		1052,
		420300,
		1,
		1033,
		437,
		2,
		2,
		0,
	},
	[1053]=
	{
		1053,
		420300,
		1,
		3011,
		10000,
		2,
		2,
		0,
	},
	[1054]=
	{
		1054,
		420300,
		1,
		3012,
		188,
		2,
		2,
		0,
	},
	[1055]=
	{
		1055,
		420300,
		1,
		2032,
		126,
		2,
		2,
		0,
	},
	[1056]=
	{
		1056,
		420300,
		1,
		2033,
		30,
		2,
		2,
		0,
	},
	[1057]=
	{
		1057,
		420300,
		1,
		4011,
		450,
		2,
		2,
		0,
	},
	[1058]=
	{
		1058,
		420300,
		1,
		4012,
		60,
		2,
		2,
		0,
	},
	[1059]=
	{
		1059,
		420310,
		1,
		1031,
		10000,
		2,
		2,
		0,
	},
	[1060]=
	{
		1060,
		420310,
		1,
		1032,
		1800,
		2,
		2,
		0,
	},
	[1061]=
	{
		1061,
		420310,
		1,
		1033,
		437,
		2,
		2,
		0,
	},
	[1062]=
	{
		1062,
		420310,
		1,
		3011,
		10000,
		2,
		2,
		0,
	},
	[1063]=
	{
		1063,
		420310,
		1,
		3012,
		188,
		2,
		2,
		0,
	},
	[1064]=
	{
		1064,
		420310,
		1,
		2032,
		126,
		2,
		2,
		0,
	},
	[1065]=
	{
		1065,
		420310,
		1,
		2033,
		30,
		2,
		2,
		0,
	},
	[1066]=
	{
		1066,
		420310,
		1,
		4011,
		450,
		2,
		2,
		0,
	},
	[1067]=
	{
		1067,
		420310,
		1,
		4012,
		60,
		2,
		2,
		0,
	},
	[1068]=
	{
		1068,
		420320,
		1,
		1031,
		10000,
		2,
		2,
		0,
	},
	[1069]=
	{
		1069,
		420320,
		1,
		1032,
		1800,
		2,
		2,
		0,
	},
	[1070]=
	{
		1070,
		420320,
		1,
		1033,
		437,
		2,
		2,
		0,
	},
	[1071]=
	{
		1071,
		420320,
		1,
		3011,
		10000,
		2,
		2,
		0,
	},
	[1072]=
	{
		1072,
		420320,
		1,
		3012,
		188,
		2,
		2,
		0,
	},
	[1073]=
	{
		1073,
		420320,
		1,
		2032,
		126,
		2,
		2,
		0,
	},
	[1074]=
	{
		1074,
		420320,
		1,
		2033,
		30,
		2,
		2,
		0,
	},
	[1075]=
	{
		1075,
		420320,
		1,
		4011,
		450,
		2,
		2,
		0,
	},
	[1076]=
	{
		1076,
		420320,
		1,
		4012,
		60,
		2,
		2,
		0,
	},
	[1077]=
	{
		1077,
		420330,
		1,
		1031,
		10000,
		2,
		2,
		0,
	},
	[1078]=
	{
		1078,
		420330,
		1,
		1032,
		1800,
		2,
		2,
		0,
	},
	[1079]=
	{
		1079,
		420330,
		1,
		1033,
		437,
		2,
		2,
		0,
	},
	[1080]=
	{
		1080,
		420330,
		1,
		3011,
		10000,
		2,
		2,
		0,
	},
	[1081]=
	{
		1081,
		420330,
		1,
		3012,
		188,
		2,
		2,
		0,
	},
	[1082]=
	{
		1082,
		420330,
		1,
		2032,
		126,
		2,
		2,
		0,
	},
	[1083]=
	{
		1083,
		420330,
		1,
		2033,
		30,
		2,
		2,
		0,
	},
	[1084]=
	{
		1084,
		420330,
		1,
		4011,
		450,
		2,
		2,
		0,
	},
	[1085]=
	{
		1085,
		420330,
		1,
		4012,
		60,
		2,
		2,
		0,
	},
	[1086]=
	{
		1086,
		420340,
		1,
		1031,
		10000,
		2,
		2,
		0,
	},
	[1087]=
	{
		1087,
		420340,
		1,
		1032,
		1800,
		2,
		2,
		0,
	},
	[1088]=
	{
		1088,
		420340,
		1,
		1033,
		437,
		2,
		2,
		0,
	},
	[1089]=
	{
		1089,
		420340,
		1,
		3011,
		10000,
		2,
		2,
		0,
	},
	[1090]=
	{
		1090,
		420340,
		1,
		3012,
		188,
		2,
		2,
		0,
	},
	[1091]=
	{
		1091,
		420340,
		1,
		2032,
		126,
		2,
		2,
		0,
	},
	[1092]=
	{
		1092,
		420340,
		1,
		2033,
		30,
		2,
		2,
		0,
	},
	[1093]=
	{
		1093,
		420340,
		1,
		4011,
		450,
		2,
		2,
		0,
	},
	[1094]=
	{
		1094,
		420340,
		1,
		4012,
		60,
		2,
		2,
		0,
	},
	[1095]=
	{
		1095,
		420350,
		1,
		1031,
		10000,
		2,
		2,
		0,
	},
	[1096]=
	{
		1096,
		420350,
		1,
		1032,
		2400,
		2,
		2,
		0,
	},
	[1097]=
	{
		1097,
		420350,
		1,
		1033,
		583,
		2,
		2,
		0,
	},
	[1098]=
	{
		1098,
		420350,
		1,
		3011,
		10000,
		2,
		2,
		0,
	},
	[1099]=
	{
		1099,
		420350,
		1,
		3012,
		250,
		2,
		2,
		0,
	},
	[1100]=
	{
		1100,
		420350,
		1,
		2032,
		252,
		2,
		2,
		0,
	},
	[1101]=
	{
		1101,
		420350,
		1,
		2033,
		60,
		2,
		2,
		0,
	},
	[1102]=
	{
		1102,
		420350,
		1,
		4011,
		900,
		2,
		2,
		0,
	},
	[1103]=
	{
		1103,
		420350,
		1,
		4012,
		120,
		2,
		2,
		0,
	},
	[1104]=
	{
		1104,
		420360,
		1,
		1031,
		10000,
		2,
		2,
		0,
	},
	[1105]=
	{
		1105,
		420360,
		1,
		1032,
		2400,
		2,
		2,
		0,
	},
	[1106]=
	{
		1106,
		420360,
		1,
		1033,
		583,
		2,
		2,
		0,
	},
	[1107]=
	{
		1107,
		420360,
		1,
		3011,
		10000,
		2,
		2,
		0,
	},
	[1108]=
	{
		1108,
		420360,
		1,
		3012,
		250,
		2,
		2,
		0,
	},
	[1109]=
	{
		1109,
		420360,
		1,
		2032,
		252,
		2,
		2,
		0,
	},
	[1110]=
	{
		1110,
		420360,
		1,
		2033,
		60,
		2,
		2,
		0,
	},
	[1111]=
	{
		1111,
		420360,
		1,
		4011,
		900,
		2,
		2,
		0,
	},
	[1112]=
	{
		1112,
		420360,
		1,
		4012,
		120,
		2,
		2,
		0,
	},
	[1113]=
	{
		1113,
		420370,
		1,
		1031,
		10000,
		2,
		2,
		0,
	},
	[1114]=
	{
		1114,
		420370,
		1,
		1032,
		2400,
		2,
		2,
		0,
	},
	[1115]=
	{
		1115,
		420370,
		1,
		1033,
		583,
		2,
		2,
		0,
	},
	[1116]=
	{
		1116,
		420370,
		1,
		3011,
		10000,
		2,
		2,
		0,
	},
	[1117]=
	{
		1117,
		420370,
		1,
		3012,
		250,
		2,
		2,
		0,
	},
	[1118]=
	{
		1118,
		420370,
		1,
		2032,
		252,
		2,
		2,
		0,
	},
	[1119]=
	{
		1119,
		420370,
		1,
		2033,
		60,
		2,
		2,
		0,
	},
	[1120]=
	{
		1120,
		420370,
		1,
		4011,
		900,
		2,
		2,
		0,
	},
	[1121]=
	{
		1121,
		420370,
		1,
		4012,
		120,
		2,
		2,
		0,
	},
	[1122]=
	{
		1122,
		420380,
		1,
		1031,
		10000,
		2,
		2,
		0,
	},
	[1123]=
	{
		1123,
		420380,
		1,
		1032,
		2400,
		2,
		2,
		0,
	},
	[1124]=
	{
		1124,
		420380,
		1,
		1033,
		583,
		2,
		2,
		0,
	},
	[1125]=
	{
		1125,
		420380,
		1,
		3011,
		10000,
		2,
		2,
		0,
	},
	[1126]=
	{
		1126,
		420380,
		1,
		3012,
		250,
		2,
		2,
		0,
	},
	[1127]=
	{
		1127,
		420380,
		1,
		2032,
		252,
		2,
		2,
		0,
	},
	[1128]=
	{
		1128,
		420380,
		1,
		2033,
		60,
		2,
		2,
		0,
	},
	[1129]=
	{
		1129,
		420380,
		1,
		4011,
		900,
		2,
		2,
		0,
	},
	[1130]=
	{
		1130,
		420380,
		1,
		4012,
		120,
		2,
		2,
		0,
	},
	[1131]=
	{
		1131,
		420390,
		1,
		1031,
		10000,
		2,
		2,
		0,
	},
	[1132]=
	{
		1132,
		420390,
		1,
		1032,
		2400,
		2,
		2,
		0,
	},
	[1133]=
	{
		1133,
		420390,
		1,
		1033,
		583,
		2,
		2,
		0,
	},
	[1134]=
	{
		1134,
		420390,
		1,
		3011,
		10000,
		2,
		2,
		0,
	},
	[1135]=
	{
		1135,
		420390,
		1,
		3012,
		250,
		2,
		2,
		0,
	},
	[1136]=
	{
		1136,
		420390,
		1,
		2032,
		252,
		2,
		2,
		0,
	},
	[1137]=
	{
		1137,
		420390,
		1,
		2033,
		60,
		2,
		2,
		0,
	},
	[1138]=
	{
		1138,
		420390,
		1,
		4011,
		900,
		2,
		2,
		0,
	},
	[1139]=
	{
		1139,
		420390,
		1,
		4012,
		120,
		2,
		2,
		0,
	},
	[1140]=
	{
		1140,
		420400,
		1,
		1031,
		10000,
		2,
		2,
		0,
	},
	[1141]=
	{
		1141,
		420400,
		1,
		1032,
		2400,
		2,
		2,
		0,
	},
	[1142]=
	{
		1142,
		420400,
		1,
		1033,
		583,
		2,
		2,
		0,
	},
	[1143]=
	{
		1143,
		420400,
		1,
		3011,
		10000,
		2,
		2,
		0,
	},
	[1144]=
	{
		1144,
		420400,
		1,
		3012,
		250,
		2,
		2,
		0,
	},
	[1145]=
	{
		1145,
		420400,
		1,
		2032,
		252,
		2,
		2,
		0,
	},
	[1146]=
	{
		1146,
		420400,
		1,
		2033,
		60,
		2,
		2,
		0,
	},
	[1147]=
	{
		1147,
		420400,
		1,
		4011,
		900,
		2,
		2,
		0,
	},
	[1148]=
	{
		1148,
		420400,
		1,
		4012,
		120,
		2,
		2,
		0,
	},
	[1149]=
	{
		1149,
		420410,
		1,
		1041,
		10000,
		2,
		2,
		0,
	},
	[1150]=
	{
		1150,
		420410,
		1,
		1042,
		1200,
		2,
		2,
		0,
	},
	[1151]=
	{
		1151,
		420410,
		1,
		1043,
		230,
		2,
		2,
		0,
	},
	[1152]=
	{
		1152,
		420410,
		1,
		3021,
		10000,
		2,
		2,
		0,
	},
	[1153]=
	{
		1153,
		420410,
		1,
		3022,
		113,
		2,
		2,
		0,
	},
	[1154]=
	{
		1154,
		420420,
		1,
		1041,
		10000,
		2,
		2,
		0,
	},
	[1155]=
	{
		1155,
		420420,
		1,
		1042,
		1200,
		2,
		2,
		0,
	},
	[1156]=
	{
		1156,
		420420,
		1,
		1043,
		230,
		2,
		2,
		0,
	},
	[1157]=
	{
		1157,
		420420,
		1,
		3021,
		10000,
		2,
		2,
		0,
	},
	[1158]=
	{
		1158,
		420420,
		1,
		3022,
		113,
		2,
		2,
		0,
	},
	[1159]=
	{
		1159,
		420430,
		1,
		1041,
		10000,
		2,
		2,
		0,
	},
	[1160]=
	{
		1160,
		420430,
		1,
		1042,
		1200,
		2,
		2,
		0,
	},
	[1161]=
	{
		1161,
		420430,
		1,
		1043,
		230,
		2,
		2,
		0,
	},
	[1162]=
	{
		1162,
		420430,
		1,
		3021,
		10000,
		2,
		2,
		0,
	},
	[1163]=
	{
		1163,
		420430,
		1,
		3022,
		113,
		2,
		2,
		0,
	},
	[1164]=
	{
		1164,
		420440,
		1,
		1041,
		10000,
		2,
		2,
		0,
	},
	[1165]=
	{
		1165,
		420440,
		1,
		1042,
		1200,
		2,
		2,
		0,
	},
	[1166]=
	{
		1166,
		420440,
		1,
		1043,
		230,
		2,
		2,
		0,
	},
	[1167]=
	{
		1167,
		420440,
		1,
		3021,
		10000,
		2,
		2,
		0,
	},
	[1168]=
	{
		1168,
		420440,
		1,
		3022,
		113,
		2,
		2,
		0,
	},
	[1169]=
	{
		1169,
		420450,
		1,
		1041,
		10000,
		2,
		2,
		0,
	},
	[1170]=
	{
		1170,
		420450,
		1,
		1042,
		2400,
		2,
		2,
		0,
	},
	[1171]=
	{
		1171,
		420450,
		1,
		1043,
		461,
		2,
		2,
		0,
	},
	[1172]=
	{
		1172,
		420450,
		1,
		3021,
		10000,
		2,
		2,
		0,
	},
	[1173]=
	{
		1173,
		420450,
		1,
		3022,
		225,
		2,
		2,
		0,
	},
	[1174]=
	{
		1174,
		420450,
		1,
		2042,
		228,
		2,
		2,
		0,
	},
	[1175]=
	{
		1175,
		420450,
		1,
		2043,
		60,
		2,
		2,
		0,
	},
	[1176]=
	{
		1176,
		420450,
		1,
		4021,
		630,
		2,
		2,
		0,
	},
	[1177]=
	{
		1177,
		420450,
		1,
		4022,
		108,
		2,
		2,
		0,
	},
	[1178]=
	{
		1178,
		420460,
		1,
		1041,
		10000,
		2,
		2,
		0,
	},
	[1179]=
	{
		1179,
		420460,
		1,
		1042,
		2400,
		2,
		2,
		0,
	},
	[1180]=
	{
		1180,
		420460,
		1,
		1043,
		461,
		2,
		2,
		0,
	},
	[1181]=
	{
		1181,
		420460,
		1,
		3021,
		10000,
		2,
		2,
		0,
	},
	[1182]=
	{
		1182,
		420460,
		1,
		3022,
		225,
		2,
		2,
		0,
	},
	[1183]=
	{
		1183,
		420460,
		1,
		2042,
		228,
		2,
		2,
		0,
	},
	[1184]=
	{
		1184,
		420460,
		1,
		2043,
		60,
		2,
		2,
		0,
	},
	[1185]=
	{
		1185,
		420460,
		1,
		4021,
		630,
		2,
		2,
		0,
	},
	[1186]=
	{
		1186,
		420460,
		1,
		4022,
		108,
		2,
		2,
		0,
	},
	[1187]=
	{
		1187,
		420470,
		1,
		1041,
		10000,
		2,
		2,
		0,
	},
	[1188]=
	{
		1188,
		420470,
		1,
		1042,
		2400,
		2,
		2,
		0,
	},
	[1189]=
	{
		1189,
		420470,
		1,
		1043,
		461,
		2,
		2,
		0,
	},
	[1190]=
	{
		1190,
		420470,
		1,
		3021,
		10000,
		2,
		2,
		0,
	},
	[1191]=
	{
		1191,
		420470,
		1,
		3022,
		225,
		2,
		2,
		0,
	},
	[1192]=
	{
		1192,
		420470,
		1,
		2042,
		228,
		2,
		2,
		0,
	},
	[1193]=
	{
		1193,
		420470,
		1,
		2043,
		60,
		2,
		2,
		0,
	},
	[1194]=
	{
		1194,
		420470,
		1,
		4021,
		630,
		2,
		2,
		0,
	},
	[1195]=
	{
		1195,
		420470,
		1,
		4022,
		108,
		2,
		2,
		0,
	},
	[1196]=
	{
		1196,
		420480,
		1,
		1041,
		10000,
		2,
		2,
		0,
	},
	[1197]=
	{
		1197,
		420480,
		1,
		1042,
		2400,
		2,
		2,
		0,
	},
	[1198]=
	{
		1198,
		420480,
		1,
		1043,
		461,
		2,
		2,
		0,
	},
	[1199]=
	{
		1199,
		420480,
		1,
		3021,
		10000,
		2,
		2,
		0,
	},
	[1200]=
	{
		1200,
		420480,
		1,
		3022,
		225,
		2,
		2,
		0,
	},
	[1201]=
	{
		1201,
		420480,
		1,
		2042,
		228,
		2,
		2,
		0,
	},
	[1202]=
	{
		1202,
		420480,
		1,
		2043,
		60,
		2,
		2,
		0,
	},
	[1203]=
	{
		1203,
		420480,
		1,
		4021,
		630,
		2,
		2,
		0,
	},
	[1204]=
	{
		1204,
		420480,
		1,
		4022,
		108,
		2,
		2,
		0,
	},
	[1205]=
	{
		1205,
		420490,
		1,
		1041,
		10000,
		2,
		2,
		0,
	},
	[1206]=
	{
		1206,
		420490,
		1,
		1042,
		2400,
		2,
		2,
		0,
	},
	[1207]=
	{
		1207,
		420490,
		1,
		1043,
		461,
		2,
		2,
		0,
	},
	[1208]=
	{
		1208,
		420490,
		1,
		3021,
		10000,
		2,
		2,
		0,
	},
	[1209]=
	{
		1209,
		420490,
		1,
		3022,
		225,
		2,
		2,
		0,
	},
	[1210]=
	{
		1210,
		420490,
		1,
		2042,
		228,
		2,
		2,
		0,
	},
	[1211]=
	{
		1211,
		420490,
		1,
		2043,
		60,
		2,
		2,
		0,
	},
	[1212]=
	{
		1212,
		420490,
		1,
		4021,
		630,
		2,
		2,
		0,
	},
	[1213]=
	{
		1213,
		420490,
		1,
		4022,
		108,
		2,
		2,
		0,
	},
	[1214]=
	{
		1214,
		420500,
		1,
		1041,
		10000,
		2,
		2,
		0,
	},
	[1215]=
	{
		1215,
		420500,
		1,
		1042,
		2400,
		2,
		2,
		0,
	},
	[1216]=
	{
		1216,
		420500,
		1,
		1043,
		461,
		2,
		2,
		0,
	},
	[1217]=
	{
		1217,
		420500,
		1,
		3021,
		10000,
		2,
		2,
		0,
	},
	[1218]=
	{
		1218,
		420500,
		1,
		3022,
		225,
		2,
		2,
		0,
	},
	[1219]=
	{
		1219,
		420500,
		1,
		2042,
		228,
		2,
		2,
		0,
	},
	[1220]=
	{
		1220,
		420500,
		1,
		2043,
		60,
		2,
		2,
		0,
	},
	[1221]=
	{
		1221,
		420500,
		1,
		4021,
		630,
		2,
		2,
		0,
	},
	[1222]=
	{
		1222,
		420500,
		1,
		4022,
		108,
		2,
		2,
		0,
	},
	[1223]=
	{
		1223,
		420510,
		1,
		1051,
		10000,
		2,
		2,
		0,
	},
	[1224]=
	{
		1224,
		420510,
		1,
		1052,
		1200,
		2,
		2,
		0,
	},
	[1225]=
	{
		1225,
		420510,
		1,
		1053,
		176,
		2,
		2,
		0,
	},
	[1226]=
	{
		1226,
		420510,
		1,
		3031,
		10000,
		2,
		2,
		0,
	},
	[1227]=
	{
		1227,
		420510,
		1,
		3032,
		100,
		2,
		2,
		0,
	},
	[1228]=
	{
		1228,
		420520,
		1,
		1051,
		10000,
		2,
		2,
		0,
	},
	[1229]=
	{
		1229,
		420520,
		1,
		1052,
		1200,
		2,
		2,
		0,
	},
	[1230]=
	{
		1230,
		420520,
		1,
		1053,
		176,
		2,
		2,
		0,
	},
	[1231]=
	{
		1231,
		420520,
		1,
		3031,
		10000,
		2,
		2,
		0,
	},
	[1232]=
	{
		1232,
		420520,
		1,
		3032,
		100,
		2,
		2,
		0,
	},
	[1233]=
	{
		1233,
		420530,
		1,
		1051,
		10000,
		2,
		2,
		0,
	},
	[1234]=
	{
		1234,
		420530,
		1,
		1052,
		1200,
		2,
		2,
		0,
	},
	[1235]=
	{
		1235,
		420530,
		1,
		1053,
		176,
		2,
		2,
		0,
	},
	[1236]=
	{
		1236,
		420530,
		1,
		3031,
		10000,
		2,
		2,
		0,
	},
	[1237]=
	{
		1237,
		420530,
		1,
		3032,
		100,
		2,
		2,
		0,
	},
	[1238]=
	{
		1238,
		420540,
		1,
		1051,
		10000,
		2,
		2,
		0,
	},
	[1239]=
	{
		1239,
		420540,
		1,
		1052,
		1200,
		2,
		2,
		0,
	},
	[1240]=
	{
		1240,
		420540,
		1,
		1053,
		176,
		2,
		2,
		0,
	},
	[1241]=
	{
		1241,
		420540,
		1,
		3031,
		10000,
		2,
		2,
		0,
	},
	[1242]=
	{
		1242,
		420540,
		1,
		3032,
		100,
		2,
		2,
		0,
	},
	[1243]=
	{
		1243,
		420550,
		1,
		1051,
		10000,
		2,
		2,
		0,
	},
	[1244]=
	{
		1244,
		420550,
		1,
		1052,
		2400,
		2,
		2,
		0,
	},
	[1245]=
	{
		1245,
		420550,
		1,
		1053,
		353,
		2,
		2,
		0,
	},
	[1246]=
	{
		1246,
		420550,
		1,
		3031,
		10000,
		2,
		2,
		0,
	},
	[1247]=
	{
		1247,
		420550,
		1,
		3032,
		200,
		2,
		2,
		0,
	},
	[1248]=
	{
		1248,
		420550,
		1,
		2052,
		228,
		2,
		2,
		0,
	},
	[1249]=
	{
		1249,
		420550,
		1,
		2053,
		60,
		2,
		2,
		0,
	},
	[1250]=
	{
		1250,
		420550,
		1,
		4031,
		585,
		2,
		2,
		0,
	},
	[1251]=
	{
		1251,
		420550,
		1,
		4032,
		96,
		2,
		2,
		0,
	},
	[1252]=
	{
		1252,
		420560,
		1,
		1051,
		10000,
		2,
		2,
		0,
	},
	[1253]=
	{
		1253,
		420560,
		1,
		1052,
		2400,
		2,
		2,
		0,
	},
	[1254]=
	{
		1254,
		420560,
		1,
		1053,
		353,
		2,
		2,
		0,
	},
	[1255]=
	{
		1255,
		420560,
		1,
		3031,
		10000,
		2,
		2,
		0,
	},
	[1256]=
	{
		1256,
		420560,
		1,
		3032,
		200,
		2,
		2,
		0,
	},
	[1257]=
	{
		1257,
		420560,
		1,
		2052,
		228,
		2,
		2,
		0,
	},
	[1258]=
	{
		1258,
		420560,
		1,
		2053,
		60,
		2,
		2,
		0,
	},
	[1259]=
	{
		1259,
		420560,
		1,
		4031,
		585,
		2,
		2,
		0,
	},
	[1260]=
	{
		1260,
		420560,
		1,
		4032,
		96,
		2,
		2,
		0,
	},
	[1261]=
	{
		1261,
		420570,
		1,
		1051,
		10000,
		2,
		2,
		0,
	},
	[1262]=
	{
		1262,
		420570,
		1,
		1052,
		2400,
		2,
		2,
		0,
	},
	[1263]=
	{
		1263,
		420570,
		1,
		1053,
		353,
		2,
		2,
		0,
	},
	[1264]=
	{
		1264,
		420570,
		1,
		3031,
		10000,
		2,
		2,
		0,
	},
	[1265]=
	{
		1265,
		420570,
		1,
		3032,
		200,
		2,
		2,
		0,
	},
	[1266]=
	{
		1266,
		420570,
		1,
		2052,
		228,
		2,
		2,
		0,
	},
	[1267]=
	{
		1267,
		420570,
		1,
		2053,
		60,
		2,
		2,
		0,
	},
	[1268]=
	{
		1268,
		420570,
		1,
		4031,
		585,
		2,
		2,
		0,
	},
	[1269]=
	{
		1269,
		420570,
		1,
		4032,
		96,
		2,
		2,
		0,
	},
	[1270]=
	{
		1270,
		420580,
		1,
		1051,
		10000,
		2,
		2,
		0,
	},
	[1271]=
	{
		1271,
		420580,
		1,
		1052,
		2400,
		2,
		2,
		0,
	},
	[1272]=
	{
		1272,
		420580,
		1,
		1053,
		353,
		2,
		2,
		0,
	},
	[1273]=
	{
		1273,
		420580,
		1,
		3031,
		10000,
		2,
		2,
		0,
	},
	[1274]=
	{
		1274,
		420580,
		1,
		3032,
		200,
		2,
		2,
		0,
	},
	[1275]=
	{
		1275,
		420580,
		1,
		2052,
		228,
		2,
		2,
		0,
	},
	[1276]=
	{
		1276,
		420580,
		1,
		2053,
		60,
		2,
		2,
		0,
	},
	[1277]=
	{
		1277,
		420580,
		1,
		4031,
		585,
		2,
		2,
		0,
	},
	[1278]=
	{
		1278,
		420580,
		1,
		4032,
		96,
		2,
		2,
		0,
	},
	[1279]=
	{
		1279,
		420590,
		1,
		1051,
		10000,
		2,
		2,
		0,
	},
	[1280]=
	{
		1280,
		420590,
		1,
		1052,
		2400,
		2,
		2,
		0,
	},
	[1281]=
	{
		1281,
		420590,
		1,
		1053,
		353,
		2,
		2,
		0,
	},
	[1282]=
	{
		1282,
		420590,
		1,
		3031,
		10000,
		2,
		2,
		0,
	},
	[1283]=
	{
		1283,
		420590,
		1,
		3032,
		200,
		2,
		2,
		0,
	},
	[1284]=
	{
		1284,
		420590,
		1,
		2052,
		228,
		2,
		2,
		0,
	},
	[1285]=
	{
		1285,
		420590,
		1,
		2053,
		60,
		2,
		2,
		0,
	},
	[1286]=
	{
		1286,
		420590,
		1,
		4031,
		585,
		2,
		2,
		0,
	},
	[1287]=
	{
		1287,
		420590,
		1,
		4032,
		96,
		2,
		2,
		0,
	},
	[1288]=
	{
		1288,
		420600,
		1,
		1051,
		10000,
		2,
		2,
		0,
	},
	[1289]=
	{
		1289,
		420600,
		1,
		1052,
		2400,
		2,
		2,
		0,
	},
	[1290]=
	{
		1290,
		420600,
		1,
		1053,
		353,
		2,
		2,
		0,
	},
	[1291]=
	{
		1291,
		420600,
		1,
		3031,
		10000,
		2,
		2,
		0,
	},
	[1292]=
	{
		1292,
		420600,
		1,
		3032,
		200,
		2,
		2,
		0,
	},
	[1293]=
	{
		1293,
		420600,
		1,
		2052,
		228,
		2,
		2,
		0,
	},
	[1294]=
	{
		1294,
		420600,
		1,
		2053,
		60,
		2,
		2,
		0,
	},
	[1295]=
	{
		1295,
		420600,
		1,
		4031,
		585,
		2,
		2,
		0,
	},
	[1296]=
	{
		1296,
		420600,
		1,
		4032,
		96,
		2,
		2,
		0,
	},
	[1297]=
	{
		1297,
		420610,
		1,
		1061,
		10000,
		2,
		2,
		0,
	},
	[1298]=
	{
		1298,
		420610,
		1,
		1062,
		1200,
		2,
		2,
		0,
	},
	[1299]=
	{
		1299,
		420610,
		1,
		1063,
		164,
		2,
		2,
		0,
	},
	[1300]=
	{
		1300,
		420610,
		1,
		3041,
		10000,
		2,
		2,
		0,
	},
	[1301]=
	{
		1301,
		420610,
		1,
		3042,
		88,
		2,
		2,
		0,
	},
	[1302]=
	{
		1302,
		420620,
		1,
		1061,
		10000,
		2,
		2,
		0,
	},
	[1303]=
	{
		1303,
		420620,
		1,
		1062,
		1200,
		2,
		2,
		0,
	},
	[1304]=
	{
		1304,
		420620,
		1,
		1063,
		164,
		2,
		2,
		0,
	},
	[1305]=
	{
		1305,
		420620,
		1,
		3041,
		10000,
		2,
		2,
		0,
	},
	[1306]=
	{
		1306,
		420620,
		1,
		3042,
		88,
		2,
		2,
		0,
	},
	[1307]=
	{
		1307,
		420630,
		1,
		1061,
		10000,
		2,
		2,
		0,
	},
	[1308]=
	{
		1308,
		420630,
		1,
		1062,
		1200,
		2,
		2,
		0,
	},
	[1309]=
	{
		1309,
		420630,
		1,
		1063,
		164,
		2,
		2,
		0,
	},
	[1310]=
	{
		1310,
		420630,
		1,
		3041,
		10000,
		2,
		2,
		0,
	},
	[1311]=
	{
		1311,
		420630,
		1,
		3042,
		88,
		2,
		2,
		0,
	},
	[1312]=
	{
		1312,
		420640,
		1,
		1061,
		10000,
		2,
		2,
		0,
	},
	[1313]=
	{
		1313,
		420640,
		1,
		1062,
		1200,
		2,
		2,
		0,
	},
	[1314]=
	{
		1314,
		420640,
		1,
		1063,
		164,
		2,
		2,
		0,
	},
	[1315]=
	{
		1315,
		420640,
		1,
		3041,
		10000,
		2,
		2,
		0,
	},
	[1316]=
	{
		1316,
		420640,
		1,
		3042,
		88,
		2,
		2,
		0,
	},
	[1317]=
	{
		1317,
		420650,
		1,
		1061,
		10000,
		2,
		2,
		0,
	},
	[1318]=
	{
		1318,
		420650,
		1,
		1062,
		2400,
		2,
		2,
		0,
	},
	[1319]=
	{
		1319,
		420650,
		1,
		1063,
		328,
		2,
		2,
		0,
	},
	[1320]=
	{
		1320,
		420650,
		1,
		3041,
		10000,
		2,
		2,
		0,
	},
	[1321]=
	{
		1321,
		420650,
		1,
		3042,
		175,
		2,
		2,
		0,
	},
	[1322]=
	{
		1322,
		420650,
		1,
		2062,
		192,
		2,
		2,
		0,
	},
	[1323]=
	{
		1323,
		420650,
		1,
		2063,
		48,
		2,
		2,
		0,
	},
	[1324]=
	{
		1324,
		420650,
		1,
		4041,
		540,
		2,
		2,
		0,
	},
	[1325]=
	{
		1325,
		420650,
		1,
		4042,
		84,
		2,
		2,
		0,
	},
	[1326]=
	{
		1326,
		420660,
		1,
		1061,
		10000,
		2,
		2,
		0,
	},
	[1327]=
	{
		1327,
		420660,
		1,
		1062,
		2400,
		2,
		2,
		0,
	},
	[1328]=
	{
		1328,
		420660,
		1,
		1063,
		328,
		2,
		2,
		0,
	},
	[1329]=
	{
		1329,
		420660,
		1,
		3041,
		10000,
		2,
		2,
		0,
	},
	[1330]=
	{
		1330,
		420660,
		1,
		3042,
		175,
		2,
		2,
		0,
	},
	[1331]=
	{
		1331,
		420660,
		1,
		2062,
		192,
		2,
		2,
		0,
	},
	[1332]=
	{
		1332,
		420660,
		1,
		2063,
		48,
		2,
		2,
		0,
	},
	[1333]=
	{
		1333,
		420660,
		1,
		4041,
		540,
		2,
		2,
		0,
	},
	[1334]=
	{
		1334,
		420660,
		1,
		4042,
		84,
		2,
		2,
		0,
	},
	[1335]=
	{
		1335,
		420670,
		1,
		1061,
		10000,
		2,
		2,
		0,
	},
	[1336]=
	{
		1336,
		420670,
		1,
		1062,
		2400,
		2,
		2,
		0,
	},
	[1337]=
	{
		1337,
		420670,
		1,
		1063,
		328,
		2,
		2,
		0,
	},
	[1338]=
	{
		1338,
		420670,
		1,
		3041,
		10000,
		2,
		2,
		0,
	},
	[1339]=
	{
		1339,
		420670,
		1,
		3042,
		175,
		2,
		2,
		0,
	},
	[1340]=
	{
		1340,
		420670,
		1,
		2062,
		192,
		2,
		2,
		0,
	},
	[1341]=
	{
		1341,
		420670,
		1,
		2063,
		48,
		2,
		2,
		0,
	},
	[1342]=
	{
		1342,
		420670,
		1,
		4041,
		540,
		2,
		2,
		0,
	},
	[1343]=
	{
		1343,
		420670,
		1,
		4042,
		84,
		2,
		2,
		0,
	},
	[1344]=
	{
		1344,
		420680,
		1,
		1061,
		10000,
		2,
		2,
		0,
	},
	[1345]=
	{
		1345,
		420680,
		1,
		1062,
		2400,
		2,
		2,
		0,
	},
	[1346]=
	{
		1346,
		420680,
		1,
		1063,
		328,
		2,
		2,
		0,
	},
	[1347]=
	{
		1347,
		420680,
		1,
		3041,
		10000,
		2,
		2,
		0,
	},
	[1348]=
	{
		1348,
		420680,
		1,
		3042,
		175,
		2,
		2,
		0,
	},
	[1349]=
	{
		1349,
		420680,
		1,
		2062,
		192,
		2,
		2,
		0,
	},
	[1350]=
	{
		1350,
		420680,
		1,
		2063,
		48,
		2,
		2,
		0,
	},
	[1351]=
	{
		1351,
		420680,
		1,
		4041,
		540,
		2,
		2,
		0,
	},
	[1352]=
	{
		1352,
		420680,
		1,
		4042,
		84,
		2,
		2,
		0,
	},
	[1353]=
	{
		1353,
		420690,
		1,
		1061,
		10000,
		2,
		2,
		0,
	},
	[1354]=
	{
		1354,
		420690,
		1,
		1062,
		2400,
		2,
		2,
		0,
	},
	[1355]=
	{
		1355,
		420690,
		1,
		1063,
		328,
		2,
		2,
		0,
	},
	[1356]=
	{
		1356,
		420690,
		1,
		3041,
		10000,
		2,
		2,
		0,
	},
	[1357]=
	{
		1357,
		420690,
		1,
		3042,
		175,
		2,
		2,
		0,
	},
	[1358]=
	{
		1358,
		420690,
		1,
		2062,
		192,
		2,
		2,
		0,
	},
	[1359]=
	{
		1359,
		420690,
		1,
		2063,
		48,
		2,
		2,
		0,
	},
	[1360]=
	{
		1360,
		420690,
		1,
		4041,
		540,
		2,
		2,
		0,
	},
	[1361]=
	{
		1361,
		420690,
		1,
		4042,
		84,
		2,
		2,
		0,
	},
	[1362]=
	{
		1362,
		420700,
		1,
		1061,
		10000,
		2,
		2,
		0,
	},
	[1363]=
	{
		1363,
		420700,
		1,
		1062,
		2400,
		2,
		2,
		0,
	},
	[1364]=
	{
		1364,
		420700,
		1,
		1063,
		328,
		2,
		2,
		0,
	},
	[1365]=
	{
		1365,
		420700,
		1,
		3041,
		10000,
		2,
		2,
		0,
	},
	[1366]=
	{
		1366,
		420700,
		1,
		3042,
		175,
		2,
		2,
		0,
	},
	[1367]=
	{
		1367,
		420700,
		1,
		2062,
		192,
		2,
		2,
		0,
	},
	[1368]=
	{
		1368,
		420700,
		1,
		2063,
		48,
		2,
		2,
		0,
	},
	[1369]=
	{
		1369,
		420700,
		1,
		4041,
		540,
		2,
		2,
		0,
	},
	[1370]=
	{
		1370,
		420700,
		1,
		4042,
		84,
		2,
		2,
		0,
	},
	[1371]=
	{
		1371,
		420710,
		1,
		1071,
		10000,
		2,
		2,
		0,
	},
	[1372]=
	{
		1372,
		420710,
		1,
		1072,
		1200,
		2,
		2,
		0,
	},
	[1373]=
	{
		1373,
		420710,
		1,
		1073,
		139,
		2,
		2,
		0,
	},
	[1374]=
	{
		1374,
		420710,
		1,
		3051,
		10000,
		2,
		2,
		0,
	},
	[1375]=
	{
		1375,
		420710,
		1,
		3052,
		75,
		2,
		2,
		0,
	},
	[1376]=
	{
		1376,
		420720,
		1,
		1071,
		10000,
		2,
		2,
		0,
	},
	[1377]=
	{
		1377,
		420720,
		1,
		1072,
		1200,
		2,
		2,
		0,
	},
	[1378]=
	{
		1378,
		420720,
		1,
		1073,
		139,
		2,
		2,
		0,
	},
	[1379]=
	{
		1379,
		420720,
		1,
		3051,
		10000,
		2,
		2,
		0,
	},
	[1380]=
	{
		1380,
		420720,
		1,
		3052,
		75,
		2,
		2,
		0,
	},
	[1381]=
	{
		1381,
		420730,
		1,
		1071,
		10000,
		2,
		2,
		0,
	},
	[1382]=
	{
		1382,
		420730,
		1,
		1072,
		1200,
		2,
		2,
		0,
	},
	[1383]=
	{
		1383,
		420730,
		1,
		1073,
		139,
		2,
		2,
		0,
	},
	[1384]=
	{
		1384,
		420730,
		1,
		3051,
		10000,
		2,
		2,
		0,
	},
	[1385]=
	{
		1385,
		420730,
		1,
		3052,
		75,
		2,
		2,
		0,
	},
	[1386]=
	{
		1386,
		420740,
		1,
		1071,
		10000,
		2,
		2,
		0,
	},
	[1387]=
	{
		1387,
		420740,
		1,
		1072,
		1200,
		2,
		2,
		0,
	},
	[1388]=
	{
		1388,
		420740,
		1,
		1073,
		139,
		2,
		2,
		0,
	},
	[1389]=
	{
		1389,
		420740,
		1,
		3051,
		10000,
		2,
		2,
		0,
	},
	[1390]=
	{
		1390,
		420740,
		1,
		3052,
		75,
		2,
		2,
		0,
	},
	[1391]=
	{
		1391,
		420750,
		1,
		1071,
		10000,
		2,
		2,
		0,
	},
	[1392]=
	{
		1392,
		420750,
		1,
		1072,
		2400,
		2,
		2,
		0,
	},
	[1393]=
	{
		1393,
		420750,
		1,
		1073,
		277,
		2,
		2,
		0,
	},
	[1394]=
	{
		1394,
		420750,
		1,
		3051,
		10000,
		2,
		2,
		0,
	},
	[1395]=
	{
		1395,
		420750,
		1,
		3052,
		150,
		2,
		2,
		0,
	},
	[1396]=
	{
		1396,
		420750,
		1,
		2072,
		192,
		2,
		2,
		0,
	},
	[1397]=
	{
		1397,
		420750,
		1,
		2073,
		48,
		2,
		2,
		0,
	},
	[1398]=
	{
		1398,
		420750,
		1,
		4051,
		495,
		2,
		2,
		0,
	},
	[1399]=
	{
		1399,
		420750,
		1,
		4052,
		72,
		2,
		2,
		0,
	},
	[1400]=
	{
		1400,
		420760,
		1,
		1071,
		10000,
		2,
		2,
		0,
	},
	[1401]=
	{
		1401,
		420760,
		1,
		1072,
		2400,
		2,
		2,
		0,
	},
	[1402]=
	{
		1402,
		420760,
		1,
		1073,
		277,
		2,
		2,
		0,
	},
	[1403]=
	{
		1403,
		420760,
		1,
		3051,
		10000,
		2,
		2,
		0,
	},
	[1404]=
	{
		1404,
		420760,
		1,
		3052,
		150,
		2,
		2,
		0,
	},
	[1405]=
	{
		1405,
		420760,
		1,
		2072,
		192,
		2,
		2,
		0,
	},
	[1406]=
	{
		1406,
		420760,
		1,
		2073,
		48,
		2,
		2,
		0,
	},
	[1407]=
	{
		1407,
		420760,
		1,
		4051,
		495,
		2,
		2,
		0,
	},
	[1408]=
	{
		1408,
		420760,
		1,
		4052,
		72,
		2,
		2,
		0,
	},
	[1409]=
	{
		1409,
		420770,
		1,
		1071,
		10000,
		2,
		2,
		0,
	},
	[1410]=
	{
		1410,
		420770,
		1,
		1072,
		2400,
		2,
		2,
		0,
	},
	[1411]=
	{
		1411,
		420770,
		1,
		1073,
		277,
		2,
		2,
		0,
	},
	[1412]=
	{
		1412,
		420770,
		1,
		3051,
		10000,
		2,
		2,
		0,
	},
	[1413]=
	{
		1413,
		420770,
		1,
		3052,
		150,
		2,
		2,
		0,
	},
	[1414]=
	{
		1414,
		420770,
		1,
		2072,
		192,
		2,
		2,
		0,
	},
	[1415]=
	{
		1415,
		420770,
		1,
		2073,
		48,
		2,
		2,
		0,
	},
	[1416]=
	{
		1416,
		420770,
		1,
		4051,
		495,
		2,
		2,
		0,
	},
	[1417]=
	{
		1417,
		420770,
		1,
		4052,
		72,
		2,
		2,
		0,
	},
	[1418]=
	{
		1418,
		420780,
		1,
		1071,
		10000,
		2,
		2,
		0,
	},
	[1419]=
	{
		1419,
		420780,
		1,
		1072,
		2400,
		2,
		2,
		0,
	},
	[1420]=
	{
		1420,
		420780,
		1,
		1073,
		277,
		2,
		2,
		0,
	},
	[1421]=
	{
		1421,
		420780,
		1,
		3051,
		10000,
		2,
		2,
		0,
	},
	[1422]=
	{
		1422,
		420780,
		1,
		3052,
		150,
		2,
		2,
		0,
	},
	[1423]=
	{
		1423,
		420780,
		1,
		2072,
		192,
		2,
		2,
		0,
	},
	[1424]=
	{
		1424,
		420780,
		1,
		2073,
		48,
		2,
		2,
		0,
	},
	[1425]=
	{
		1425,
		420780,
		1,
		4051,
		495,
		2,
		2,
		0,
	},
	[1426]=
	{
		1426,
		420780,
		1,
		4052,
		72,
		2,
		2,
		0,
	},
	[1427]=
	{
		1427,
		420790,
		1,
		1071,
		10000,
		2,
		2,
		0,
	},
	[1428]=
	{
		1428,
		420790,
		1,
		1072,
		2400,
		2,
		2,
		0,
	},
	[1429]=
	{
		1429,
		420790,
		1,
		1073,
		277,
		2,
		2,
		0,
	},
	[1430]=
	{
		1430,
		420790,
		1,
		3051,
		10000,
		2,
		2,
		0,
	},
	[1431]=
	{
		1431,
		420790,
		1,
		3052,
		150,
		2,
		2,
		0,
	},
	[1432]=
	{
		1432,
		420790,
		1,
		2072,
		192,
		2,
		2,
		0,
	},
	[1433]=
	{
		1433,
		420790,
		1,
		2073,
		48,
		2,
		2,
		0,
	},
	[1434]=
	{
		1434,
		420790,
		1,
		4051,
		495,
		2,
		2,
		0,
	},
	[1435]=
	{
		1435,
		420790,
		1,
		4052,
		72,
		2,
		2,
		0,
	},
	[1436]=
	{
		1436,
		420800,
		1,
		1071,
		10000,
		2,
		2,
		0,
	},
	[1437]=
	{
		1437,
		420800,
		1,
		1072,
		2400,
		2,
		2,
		0,
	},
	[1438]=
	{
		1438,
		420800,
		1,
		1073,
		277,
		2,
		2,
		0,
	},
	[1439]=
	{
		1439,
		420800,
		1,
		3051,
		10000,
		2,
		2,
		0,
	},
	[1440]=
	{
		1440,
		420800,
		1,
		3052,
		150,
		2,
		2,
		0,
	},
	[1441]=
	{
		1441,
		420800,
		1,
		2072,
		192,
		2,
		2,
		0,
	},
	[1442]=
	{
		1442,
		420800,
		1,
		2073,
		48,
		2,
		2,
		0,
	},
	[1443]=
	{
		1443,
		420800,
		1,
		4051,
		495,
		2,
		2,
		0,
	},
	[1444]=
	{
		1444,
		420800,
		1,
		4052,
		72,
		2,
		2,
		0,
	},
	[1445]=
	{
		1445,
		420810,
		1,
		1081,
		10000,
		2,
		2,
		0,
	},
	[1446]=
	{
		1446,
		420810,
		1,
		1082,
		1200,
		2,
		2,
		0,
	},
	[1447]=
	{
		1447,
		420810,
		1,
		1083,
		104,
		2,
		2,
		0,
	},
	[1448]=
	{
		1448,
		420810,
		1,
		3061,
		10000,
		2,
		2,
		0,
	},
	[1449]=
	{
		1449,
		420810,
		1,
		3062,
		63,
		2,
		2,
		0,
	},
	[1450]=
	{
		1450,
		420820,
		1,
		1081,
		10000,
		2,
		2,
		0,
	},
	[1451]=
	{
		1451,
		420820,
		1,
		1082,
		1200,
		2,
		2,
		0,
	},
	[1452]=
	{
		1452,
		420820,
		1,
		1083,
		104,
		2,
		2,
		0,
	},
	[1453]=
	{
		1453,
		420820,
		1,
		3061,
		10000,
		2,
		2,
		0,
	},
	[1454]=
	{
		1454,
		420820,
		1,
		3062,
		63,
		2,
		2,
		0,
	},
	[1455]=
	{
		1455,
		420830,
		1,
		1081,
		10000,
		2,
		2,
		0,
	},
	[1456]=
	{
		1456,
		420830,
		1,
		1082,
		1200,
		2,
		2,
		0,
	},
	[1457]=
	{
		1457,
		420830,
		1,
		1083,
		104,
		2,
		2,
		0,
	},
	[1458]=
	{
		1458,
		420830,
		1,
		3061,
		10000,
		2,
		2,
		0,
	},
	[1459]=
	{
		1459,
		420830,
		1,
		3062,
		63,
		2,
		2,
		0,
	},
	[1460]=
	{
		1460,
		420840,
		1,
		1081,
		10000,
		2,
		2,
		0,
	},
	[1461]=
	{
		1461,
		420840,
		1,
		1082,
		1200,
		2,
		2,
		0,
	},
	[1462]=
	{
		1462,
		420840,
		1,
		1083,
		104,
		2,
		2,
		0,
	},
	[1463]=
	{
		1463,
		420840,
		1,
		3061,
		10000,
		2,
		2,
		0,
	},
	[1464]=
	{
		1464,
		420840,
		1,
		3062,
		63,
		2,
		2,
		0,
	},
	[1465]=
	{
		1465,
		420850,
		1,
		1081,
		10000,
		2,
		2,
		0,
	},
	[1466]=
	{
		1466,
		420850,
		1,
		1082,
		2400,
		2,
		2,
		0,
	},
	[1467]=
	{
		1467,
		420850,
		1,
		1083,
		208,
		2,
		2,
		0,
	},
	[1468]=
	{
		1468,
		420850,
		1,
		3061,
		10000,
		2,
		2,
		0,
	},
	[1469]=
	{
		1469,
		420850,
		1,
		3062,
		125,
		2,
		2,
		0,
	},
	[1470]=
	{
		1470,
		420850,
		1,
		2082,
		168,
		2,
		2,
		0,
	},
	[1471]=
	{
		1471,
		420850,
		1,
		2083,
		39,
		2,
		2,
		0,
	},
	[1472]=
	{
		1472,
		420850,
		1,
		4061,
		450,
		2,
		2,
		0,
	},
	[1473]=
	{
		1473,
		420850,
		1,
		4062,
		60,
		2,
		2,
		0,
	},
	[1474]=
	{
		1474,
		420860,
		1,
		1081,
		10000,
		2,
		2,
		0,
	},
	[1475]=
	{
		1475,
		420860,
		1,
		1082,
		2400,
		2,
		2,
		0,
	},
	[1476]=
	{
		1476,
		420860,
		1,
		1083,
		208,
		2,
		2,
		0,
	},
	[1477]=
	{
		1477,
		420860,
		1,
		3061,
		10000,
		2,
		2,
		0,
	},
	[1478]=
	{
		1478,
		420860,
		1,
		3062,
		125,
		2,
		2,
		0,
	},
	[1479]=
	{
		1479,
		420860,
		1,
		2082,
		168,
		2,
		2,
		0,
	},
	[1480]=
	{
		1480,
		420860,
		1,
		2083,
		39,
		2,
		2,
		0,
	},
	[1481]=
	{
		1481,
		420860,
		1,
		4061,
		450,
		2,
		2,
		0,
	},
	[1482]=
	{
		1482,
		420860,
		1,
		4062,
		60,
		2,
		2,
		0,
	},
	[1483]=
	{
		1483,
		420870,
		1,
		1081,
		10000,
		2,
		2,
		0,
	},
	[1484]=
	{
		1484,
		420870,
		1,
		1082,
		2400,
		2,
		2,
		0,
	},
	[1485]=
	{
		1485,
		420870,
		1,
		1083,
		208,
		2,
		2,
		0,
	},
	[1486]=
	{
		1486,
		420870,
		1,
		3061,
		10000,
		2,
		2,
		0,
	},
	[1487]=
	{
		1487,
		420870,
		1,
		3062,
		125,
		2,
		2,
		0,
	},
	[1488]=
	{
		1488,
		420870,
		1,
		2082,
		168,
		2,
		2,
		0,
	},
	[1489]=
	{
		1489,
		420870,
		1,
		2083,
		39,
		2,
		2,
		0,
	},
	[1490]=
	{
		1490,
		420870,
		1,
		4061,
		450,
		2,
		2,
		0,
	},
	[1491]=
	{
		1491,
		420870,
		1,
		4062,
		60,
		2,
		2,
		0,
	},
	[1492]=
	{
		1492,
		420880,
		1,
		1081,
		10000,
		2,
		2,
		0,
	},
	[1493]=
	{
		1493,
		420880,
		1,
		1082,
		2400,
		2,
		2,
		0,
	},
	[1494]=
	{
		1494,
		420880,
		1,
		1083,
		208,
		2,
		2,
		0,
	},
	[1495]=
	{
		1495,
		420880,
		1,
		3061,
		10000,
		2,
		2,
		0,
	},
	[1496]=
	{
		1496,
		420880,
		1,
		3062,
		125,
		2,
		2,
		0,
	},
	[1497]=
	{
		1497,
		420880,
		1,
		2082,
		168,
		2,
		2,
		0,
	},
	[1498]=
	{
		1498,
		420880,
		1,
		2083,
		39,
		2,
		2,
		0,
	},
	[1499]=
	{
		1499,
		420880,
		1,
		4061,
		450,
		2,
		2,
		0,
	},
	[1500]=
	{
		1500,
		420880,
		1,
		4062,
		60,
		2,
		2,
		0,
	},
	[1501]=
	{
		1501,
		420890,
		1,
		1081,
		10000,
		2,
		2,
		0,
	},
	[1502]=
	{
		1502,
		420890,
		1,
		1082,
		2400,
		2,
		2,
		0,
	},
	[1503]=
	{
		1503,
		420890,
		1,
		1083,
		208,
		2,
		2,
		0,
	},
	[1504]=
	{
		1504,
		420890,
		1,
		3061,
		10000,
		2,
		2,
		0,
	},
	[1505]=
	{
		1505,
		420890,
		1,
		3062,
		125,
		2,
		2,
		0,
	},
	[1506]=
	{
		1506,
		420890,
		1,
		2082,
		168,
		2,
		2,
		0,
	},
	[1507]=
	{
		1507,
		420890,
		1,
		2083,
		39,
		2,
		2,
		0,
	},
	[1508]=
	{
		1508,
		420890,
		1,
		4061,
		450,
		2,
		2,
		0,
	},
	[1509]=
	{
		1509,
		420890,
		1,
		4062,
		60,
		2,
		2,
		0,
	},
	[1510]=
	{
		1510,
		420900,
		1,
		1081,
		10000,
		2,
		2,
		0,
	},
	[1511]=
	{
		1511,
		420900,
		1,
		1082,
		2400,
		2,
		2,
		0,
	},
	[1512]=
	{
		1512,
		420900,
		1,
		1083,
		208,
		2,
		2,
		0,
	},
	[1513]=
	{
		1513,
		420900,
		1,
		3061,
		10000,
		2,
		2,
		0,
	},
	[1514]=
	{
		1514,
		420900,
		1,
		3062,
		125,
		2,
		2,
		0,
	},
	[1515]=
	{
		1515,
		420900,
		1,
		2082,
		168,
		2,
		2,
		0,
	},
	[1516]=
	{
		1516,
		420900,
		1,
		2083,
		39,
		2,
		2,
		0,
	},
	[1517]=
	{
		1517,
		420900,
		1,
		4061,
		450,
		2,
		2,
		0,
	},
	[1518]=
	{
		1518,
		420900,
		1,
		4062,
		60,
		2,
		2,
		0,
	},
	[1519]=
	{
		1519,
		420910,
		1,
		1091,
		10000,
		2,
		2,
		0,
	},
	[1520]=
	{
		1520,
		420910,
		1,
		1092,
		1200,
		2,
		2,
		0,
	},
	[1521]=
	{
		1521,
		420910,
		1,
		1093,
		95,
		2,
		2,
		0,
	},
	[1522]=
	{
		1522,
		420910,
		1,
		3071,
		10000,
		2,
		2,
		0,
	},
	[1523]=
	{
		1523,
		420910,
		1,
		3072,
		63,
		2,
		2,
		0,
	},
	[1524]=
	{
		1524,
		420920,
		1,
		1091,
		10000,
		2,
		2,
		0,
	},
	[1525]=
	{
		1525,
		420920,
		1,
		1092,
		1200,
		2,
		2,
		0,
	},
	[1526]=
	{
		1526,
		420920,
		1,
		1093,
		95,
		2,
		2,
		0,
	},
	[1527]=
	{
		1527,
		420920,
		1,
		3071,
		10000,
		2,
		2,
		0,
	},
	[1528]=
	{
		1528,
		420920,
		1,
		3072,
		63,
		2,
		2,
		0,
	},
	[1529]=
	{
		1529,
		420930,
		1,
		1091,
		10000,
		2,
		2,
		0,
	},
	[1530]=
	{
		1530,
		420930,
		1,
		1092,
		1200,
		2,
		2,
		0,
	},
	[1531]=
	{
		1531,
		420930,
		1,
		1093,
		95,
		2,
		2,
		0,
	},
	[1532]=
	{
		1532,
		420930,
		1,
		3071,
		10000,
		2,
		2,
		0,
	},
	[1533]=
	{
		1533,
		420930,
		1,
		3072,
		63,
		2,
		2,
		0,
	},
	[1534]=
	{
		1534,
		420940,
		1,
		1091,
		10000,
		2,
		2,
		0,
	},
	[1535]=
	{
		1535,
		420940,
		1,
		1092,
		1200,
		2,
		2,
		0,
	},
	[1536]=
	{
		1536,
		420940,
		1,
		1093,
		95,
		2,
		2,
		0,
	},
	[1537]=
	{
		1537,
		420940,
		1,
		3071,
		10000,
		2,
		2,
		0,
	},
	[1538]=
	{
		1538,
		420940,
		1,
		3072,
		63,
		2,
		2,
		0,
	},
	[1539]=
	{
		1539,
		420950,
		1,
		1091,
		10000,
		2,
		2,
		0,
	},
	[1540]=
	{
		1540,
		420950,
		1,
		1092,
		2400,
		2,
		2,
		0,
	},
	[1541]=
	{
		1541,
		420950,
		1,
		1093,
		189,
		2,
		2,
		0,
	},
	[1542]=
	{
		1542,
		420950,
		1,
		3071,
		10000,
		2,
		2,
		0,
	},
	[1543]=
	{
		1543,
		420950,
		1,
		3072,
		125,
		2,
		2,
		0,
	},
	[1544]=
	{
		1544,
		420950,
		1,
		2092,
		168,
		2,
		2,
		0,
	},
	[1545]=
	{
		1545,
		420950,
		1,
		2093,
		39,
		2,
		2,
		0,
	},
	[1546]=
	{
		1546,
		420950,
		1,
		4071,
		450,
		2,
		2,
		0,
	},
	[1547]=
	{
		1547,
		420950,
		1,
		4072,
		60,
		2,
		2,
		0,
	},
	[1548]=
	{
		1548,
		420960,
		1,
		1091,
		10000,
		2,
		2,
		0,
	},
	[1549]=
	{
		1549,
		420960,
		1,
		1092,
		2400,
		2,
		2,
		0,
	},
	[1550]=
	{
		1550,
		420960,
		1,
		1093,
		189,
		2,
		2,
		0,
	},
	[1551]=
	{
		1551,
		420960,
		1,
		3071,
		10000,
		2,
		2,
		0,
	},
	[1552]=
	{
		1552,
		420960,
		1,
		3072,
		125,
		2,
		2,
		0,
	},
	[1553]=
	{
		1553,
		420960,
		1,
		2092,
		168,
		2,
		2,
		0,
	},
	[1554]=
	{
		1554,
		420960,
		1,
		2093,
		39,
		2,
		2,
		0,
	},
	[1555]=
	{
		1555,
		420960,
		1,
		4071,
		450,
		2,
		2,
		0,
	},
	[1556]=
	{
		1556,
		420960,
		1,
		4072,
		60,
		2,
		2,
		0,
	},
	[1557]=
	{
		1557,
		420970,
		1,
		1091,
		10000,
		2,
		2,
		0,
	},
	[1558]=
	{
		1558,
		420970,
		1,
		1092,
		2400,
		2,
		2,
		0,
	},
	[1559]=
	{
		1559,
		420970,
		1,
		1093,
		189,
		2,
		2,
		0,
	},
	[1560]=
	{
		1560,
		420970,
		1,
		3071,
		10000,
		2,
		2,
		0,
	},
	[1561]=
	{
		1561,
		420970,
		1,
		3072,
		125,
		2,
		2,
		0,
	},
	[1562]=
	{
		1562,
		420970,
		1,
		2092,
		168,
		2,
		2,
		0,
	},
	[1563]=
	{
		1563,
		420970,
		1,
		2093,
		39,
		2,
		2,
		0,
	},
	[1564]=
	{
		1564,
		420970,
		1,
		4071,
		450,
		2,
		2,
		0,
	},
	[1565]=
	{
		1565,
		420970,
		1,
		4072,
		60,
		2,
		2,
		0,
	},
	[1566]=
	{
		1566,
		420980,
		1,
		1091,
		10000,
		2,
		2,
		0,
	},
	[1567]=
	{
		1567,
		420980,
		1,
		1092,
		2400,
		2,
		2,
		0,
	},
	[1568]=
	{
		1568,
		420980,
		1,
		1093,
		189,
		2,
		2,
		0,
	},
	[1569]=
	{
		1569,
		420980,
		1,
		3071,
		10000,
		2,
		2,
		0,
	},
	[1570]=
	{
		1570,
		420980,
		1,
		3072,
		125,
		2,
		2,
		0,
	},
	[1571]=
	{
		1571,
		420980,
		1,
		2092,
		168,
		2,
		2,
		0,
	},
	[1572]=
	{
		1572,
		420980,
		1,
		2093,
		39,
		2,
		2,
		0,
	},
	[1573]=
	{
		1573,
		420980,
		1,
		4071,
		450,
		2,
		2,
		0,
	},
	[1574]=
	{
		1574,
		420980,
		1,
		4072,
		60,
		2,
		2,
		0,
	},
	[1575]=
	{
		1575,
		420990,
		1,
		1091,
		10000,
		2,
		2,
		0,
	},
	[1576]=
	{
		1576,
		420990,
		1,
		1092,
		2400,
		2,
		2,
		0,
	},
	[1577]=
	{
		1577,
		420990,
		1,
		1093,
		189,
		2,
		2,
		0,
	},
	[1578]=
	{
		1578,
		420990,
		1,
		3071,
		10000,
		2,
		2,
		0,
	},
	[1579]=
	{
		1579,
		420990,
		1,
		3072,
		125,
		2,
		2,
		0,
	},
	[1580]=
	{
		1580,
		420990,
		1,
		2092,
		168,
		2,
		2,
		0,
	},
	[1581]=
	{
		1581,
		420990,
		1,
		2093,
		39,
		2,
		2,
		0,
	},
	[1582]=
	{
		1582,
		420990,
		1,
		4071,
		450,
		2,
		2,
		0,
	},
	[1583]=
	{
		1583,
		420990,
		1,
		4072,
		60,
		2,
		2,
		0,
	},
	[1584]=
	{
		1584,
		421000,
		1,
		1091,
		10000,
		2,
		2,
		0,
	},
	[1585]=
	{
		1585,
		421000,
		1,
		1092,
		2400,
		2,
		2,
		0,
	},
	[1586]=
	{
		1586,
		421000,
		1,
		1093,
		189,
		2,
		2,
		0,
	},
	[1587]=
	{
		1587,
		421000,
		1,
		3071,
		10000,
		2,
		2,
		0,
	},
	[1588]=
	{
		1588,
		421000,
		1,
		3072,
		125,
		2,
		2,
		0,
	},
	[1589]=
	{
		1589,
		421000,
		1,
		2092,
		168,
		2,
		2,
		0,
	},
	[1590]=
	{
		1590,
		421000,
		1,
		2093,
		39,
		2,
		2,
		0,
	},
	[1591]=
	{
		1591,
		421000,
		1,
		4071,
		450,
		2,
		2,
		0,
	},
	[1592]=
	{
		1592,
		421000,
		1,
		4072,
		60,
		2,
		2,
		0,
	},
	[1593]=
	{
		1593,
		430010,
		1,
		1011,
		10000,
		2,
		2,
		0,
	},
	[1594]=
	{
		1594,
		430010,
		1,
		1012,
		3200,
		2,
		2,
		0,
	},
	[1595]=
	{
		1595,
		430010,
		1,
		1013,
		2000,
		2,
		2,
		0,
	},
	[1596]=
	{
		1596,
		430020,
		1,
		1011,
		10000,
		2,
		2,
		0,
	},
	[1597]=
	{
		1597,
		430020,
		1,
		1012,
		3200,
		2,
		2,
		0,
	},
	[1598]=
	{
		1598,
		430020,
		1,
		1013,
		2000,
		2,
		2,
		0,
	},
	[1599]=
	{
		1599,
		430030,
		1,
		1021,
		10000,
		2,
		2,
		0,
	},
	[1600]=
	{
		1600,
		430030,
		1,
		1022,
		3200,
		2,
		2,
		0,
	},
	[1601]=
	{
		1601,
		430030,
		1,
		1023,
		2000,
		2,
		2,
		0,
	},
	[1602]=
	{
		1602,
		430040,
		1,
		1021,
		10000,
		2,
		2,
		0,
	},
	[1603]=
	{
		1603,
		430040,
		1,
		1022,
		3200,
		2,
		2,
		0,
	},
	[1604]=
	{
		1604,
		430040,
		1,
		1023,
		2000,
		2,
		2,
		0,
	},
	[1605]=
	{
		1605,
		430050,
		1,
		1021,
		10000,
		2,
		2,
		0,
	},
	[1606]=
	{
		1606,
		430050,
		1,
		1022,
		1600,
		2,
		2,
		0,
	},
	[1607]=
	{
		1607,
		430050,
		1,
		1023,
		1000,
		2,
		2,
		0,
	},
	[1608]=
	{
		1608,
		430060,
		1,
		1021,
		10000,
		2,
		2,
		0,
	},
	[1609]=
	{
		1609,
		430060,
		1,
		1022,
		1600,
		2,
		2,
		0,
	},
	[1610]=
	{
		1610,
		430060,
		1,
		1023,
		1000,
		2,
		2,
		0,
	},
	[1611]=
	{
		1611,
		430070,
		1,
		1021,
		10000,
		2,
		2,
		0,
	},
	[1612]=
	{
		1612,
		430070,
		1,
		1022,
		1600,
		2,
		2,
		0,
	},
	[1613]=
	{
		1613,
		430070,
		1,
		1023,
		1000,
		2,
		2,
		0,
	},
	[1614]=
	{
		1614,
		430080,
		1,
		1021,
		10000,
		2,
		2,
		0,
	},
	[1615]=
	{
		1615,
		430080,
		1,
		1022,
		1600,
		2,
		2,
		0,
	},
	[1616]=
	{
		1616,
		430080,
		1,
		1023,
		1000,
		2,
		2,
		0,
	},
	[1617]=
	{
		1617,
		430090,
		1,
		1021,
		10000,
		2,
		2,
		0,
	},
	[1618]=
	{
		1618,
		430090,
		1,
		1022,
		1600,
		2,
		2,
		0,
	},
	[1619]=
	{
		1619,
		430090,
		1,
		1023,
		1000,
		2,
		2,
		0,
	},
	[1620]=
	{
		1620,
		430100,
		1,
		1021,
		10000,
		2,
		2,
		0,
	},
	[1621]=
	{
		1621,
		430100,
		1,
		1022,
		2400,
		2,
		2,
		0,
	},
	[1622]=
	{
		1622,
		430100,
		1,
		1023,
		1500,
		2,
		2,
		0,
	},
	[1623]=
	{
		1623,
		430100,
		1,
		2022,
		294,
		2,
		2,
		0,
	},
	[1624]=
	{
		1624,
		430100,
		1,
		2023,
		100,
		2,
		2,
		0,
	},
	[1625]=
	{
		1625,
		430110,
		1,
		1021,
		10000,
		2,
		2,
		0,
	},
	[1626]=
	{
		1626,
		430110,
		1,
		1022,
		2400,
		2,
		2,
		0,
	},
	[1627]=
	{
		1627,
		430110,
		1,
		1023,
		1500,
		2,
		2,
		0,
	},
	[1628]=
	{
		1628,
		430110,
		1,
		2022,
		294,
		2,
		2,
		0,
	},
	[1629]=
	{
		1629,
		430110,
		1,
		2023,
		100,
		2,
		2,
		0,
	},
	[1630]=
	{
		1630,
		430120,
		1,
		1021,
		10000,
		2,
		2,
		0,
	},
	[1631]=
	{
		1631,
		430120,
		1,
		1022,
		2400,
		2,
		2,
		0,
	},
	[1632]=
	{
		1632,
		430120,
		1,
		1023,
		1500,
		2,
		2,
		0,
	},
	[1633]=
	{
		1633,
		430120,
		1,
		2022,
		294,
		2,
		2,
		0,
	},
	[1634]=
	{
		1634,
		430120,
		1,
		2023,
		100,
		2,
		2,
		0,
	},
	[1635]=
	{
		1635,
		430130,
		1,
		1021,
		10000,
		2,
		2,
		0,
	},
	[1636]=
	{
		1636,
		430130,
		1,
		1022,
		2400,
		2,
		2,
		0,
	},
	[1637]=
	{
		1637,
		430130,
		1,
		1023,
		1500,
		2,
		2,
		0,
	},
	[1638]=
	{
		1638,
		430130,
		1,
		2022,
		294,
		2,
		2,
		0,
	},
	[1639]=
	{
		1639,
		430130,
		1,
		2023,
		100,
		2,
		2,
		0,
	},
	[1640]=
	{
		1640,
		430140,
		1,
		1021,
		10000,
		2,
		2,
		0,
	},
	[1641]=
	{
		1641,
		430140,
		1,
		1022,
		2400,
		2,
		2,
		0,
	},
	[1642]=
	{
		1642,
		430140,
		1,
		1023,
		1500,
		2,
		2,
		0,
	},
	[1643]=
	{
		1643,
		430140,
		1,
		2022,
		294,
		2,
		2,
		0,
	},
	[1644]=
	{
		1644,
		430140,
		1,
		2023,
		100,
		2,
		2,
		0,
	},
	[1645]=
	{
		1645,
		430150,
		1,
		1021,
		10000,
		2,
		2,
		0,
	},
	[1646]=
	{
		1646,
		430150,
		1,
		1022,
		3200,
		2,
		2,
		0,
	},
	[1647]=
	{
		1647,
		430150,
		1,
		1023,
		2000,
		2,
		2,
		0,
	},
	[1648]=
	{
		1648,
		430150,
		1,
		2022,
		588,
		2,
		2,
		0,
	},
	[1649]=
	{
		1649,
		430150,
		1,
		2023,
		200,
		2,
		2,
		0,
	},
	[1650]=
	{
		1650,
		430160,
		1,
		1021,
		10000,
		2,
		2,
		0,
	},
	[1651]=
	{
		1651,
		430160,
		1,
		1022,
		3200,
		2,
		2,
		0,
	},
	[1652]=
	{
		1652,
		430160,
		1,
		1023,
		2000,
		2,
		2,
		0,
	},
	[1653]=
	{
		1653,
		430160,
		1,
		2022,
		588,
		2,
		2,
		0,
	},
	[1654]=
	{
		1654,
		430160,
		1,
		2023,
		200,
		2,
		2,
		0,
	},
	[1655]=
	{
		1655,
		430170,
		1,
		1021,
		10000,
		2,
		2,
		0,
	},
	[1656]=
	{
		1656,
		430170,
		1,
		1022,
		3200,
		2,
		2,
		0,
	},
	[1657]=
	{
		1657,
		430170,
		1,
		1023,
		2000,
		2,
		2,
		0,
	},
	[1658]=
	{
		1658,
		430170,
		1,
		2022,
		588,
		2,
		2,
		0,
	},
	[1659]=
	{
		1659,
		430170,
		1,
		2023,
		200,
		2,
		2,
		0,
	},
	[1660]=
	{
		1660,
		430180,
		1,
		1021,
		10000,
		2,
		2,
		0,
	},
	[1661]=
	{
		1661,
		430180,
		1,
		1022,
		3200,
		2,
		2,
		0,
	},
	[1662]=
	{
		1662,
		430180,
		1,
		1023,
		2000,
		2,
		2,
		0,
	},
	[1663]=
	{
		1663,
		430180,
		1,
		2022,
		588,
		2,
		2,
		0,
	},
	[1664]=
	{
		1664,
		430180,
		1,
		2023,
		200,
		2,
		2,
		0,
	},
	[1665]=
	{
		1665,
		430190,
		1,
		1021,
		10000,
		2,
		2,
		0,
	},
	[1666]=
	{
		1666,
		430190,
		1,
		1022,
		3200,
		2,
		2,
		0,
	},
	[1667]=
	{
		1667,
		430190,
		1,
		1023,
		2000,
		2,
		2,
		0,
	},
	[1668]=
	{
		1668,
		430190,
		1,
		2022,
		588,
		2,
		2,
		0,
	},
	[1669]=
	{
		1669,
		430190,
		1,
		2023,
		200,
		2,
		2,
		0,
	},
	[1670]=
	{
		1670,
		430200,
		1,
		1021,
		10000,
		2,
		2,
		0,
	},
	[1671]=
	{
		1671,
		430200,
		1,
		1022,
		3200,
		2,
		2,
		0,
	},
	[1672]=
	{
		1672,
		430200,
		1,
		1023,
		2000,
		2,
		2,
		0,
	},
	[1673]=
	{
		1673,
		430200,
		1,
		2022,
		588,
		2,
		2,
		0,
	},
	[1674]=
	{
		1674,
		430200,
		1,
		2023,
		200,
		2,
		2,
		0,
	},
	[1675]=
	{
		1675,
		430210,
		1,
		1031,
		10000,
		2,
		2,
		0,
	},
	[1676]=
	{
		1676,
		430210,
		1,
		1032,
		3200,
		2,
		2,
		0,
	},
	[1677]=
	{
		1677,
		430210,
		1,
		1033,
		1166,
		2,
		2,
		0,
	},
	[1678]=
	{
		1678,
		430210,
		1,
		3011,
		10000,
		2,
		2,
		0,
	},
	[1679]=
	{
		1679,
		430210,
		1,
		3012,
		500,
		2,
		2,
		0,
	},
	[1680]=
	{
		1680,
		430220,
		1,
		1031,
		10000,
		2,
		2,
		0,
	},
	[1681]=
	{
		1681,
		430220,
		1,
		1032,
		3200,
		2,
		2,
		0,
	},
	[1682]=
	{
		1682,
		430220,
		1,
		1033,
		1166,
		2,
		2,
		0,
	},
	[1683]=
	{
		1683,
		430220,
		1,
		3011,
		10000,
		2,
		2,
		0,
	},
	[1684]=
	{
		1684,
		430220,
		1,
		3012,
		500,
		2,
		2,
		0,
	},
	[1685]=
	{
		1685,
		430230,
		1,
		1031,
		10000,
		2,
		2,
		0,
	},
	[1686]=
	{
		1686,
		430230,
		1,
		1032,
		3200,
		2,
		2,
		0,
	},
	[1687]=
	{
		1687,
		430230,
		1,
		1033,
		1166,
		2,
		2,
		0,
	},
	[1688]=
	{
		1688,
		430230,
		1,
		3011,
		10000,
		2,
		2,
		0,
	},
	[1689]=
	{
		1689,
		430230,
		1,
		3012,
		500,
		2,
		2,
		0,
	},
	[1690]=
	{
		1690,
		430240,
		1,
		1031,
		10000,
		2,
		2,
		0,
	},
	[1691]=
	{
		1691,
		430240,
		1,
		1032,
		3200,
		2,
		2,
		0,
	},
	[1692]=
	{
		1692,
		430240,
		1,
		1033,
		1166,
		2,
		2,
		0,
	},
	[1693]=
	{
		1693,
		430240,
		1,
		3011,
		10000,
		2,
		2,
		0,
	},
	[1694]=
	{
		1694,
		430240,
		1,
		3012,
		500,
		2,
		2,
		0,
	},
	[1695]=
	{
		1695,
		430250,
		1,
		1031,
		10000,
		2,
		2,
		0,
	},
	[1696]=
	{
		1696,
		430250,
		1,
		1032,
		1600,
		2,
		2,
		0,
	},
	[1697]=
	{
		1697,
		430250,
		1,
		1033,
		583,
		2,
		2,
		0,
	},
	[1698]=
	{
		1698,
		430250,
		1,
		3011,
		10000,
		2,
		2,
		0,
	},
	[1699]=
	{
		1699,
		430250,
		1,
		3012,
		250,
		2,
		2,
		0,
	},
	[1700]=
	{
		1700,
		430260,
		1,
		1031,
		10000,
		2,
		2,
		0,
	},
	[1701]=
	{
		1701,
		430260,
		1,
		1032,
		1600,
		2,
		2,
		0,
	},
	[1702]=
	{
		1702,
		430260,
		1,
		1033,
		583,
		2,
		2,
		0,
	},
	[1703]=
	{
		1703,
		430260,
		1,
		3011,
		10000,
		2,
		2,
		0,
	},
	[1704]=
	{
		1704,
		430260,
		1,
		3012,
		250,
		2,
		2,
		0,
	},
	[1705]=
	{
		1705,
		430270,
		1,
		1031,
		10000,
		2,
		2,
		0,
	},
	[1706]=
	{
		1706,
		430270,
		1,
		1032,
		1600,
		2,
		2,
		0,
	},
	[1707]=
	{
		1707,
		430270,
		1,
		1033,
		583,
		2,
		2,
		0,
	},
	[1708]=
	{
		1708,
		430270,
		1,
		3011,
		10000,
		2,
		2,
		0,
	},
	[1709]=
	{
		1709,
		430270,
		1,
		3012,
		250,
		2,
		2,
		0,
	},
	[1710]=
	{
		1710,
		430280,
		1,
		1031,
		10000,
		2,
		2,
		0,
	},
	[1711]=
	{
		1711,
		430280,
		1,
		1032,
		1600,
		2,
		2,
		0,
	},
	[1712]=
	{
		1712,
		430280,
		1,
		1033,
		583,
		2,
		2,
		0,
	},
	[1713]=
	{
		1713,
		430280,
		1,
		3011,
		10000,
		2,
		2,
		0,
	},
	[1714]=
	{
		1714,
		430280,
		1,
		3012,
		250,
		2,
		2,
		0,
	},
	[1715]=
	{
		1715,
		430290,
		1,
		1031,
		10000,
		2,
		2,
		0,
	},
	[1716]=
	{
		1716,
		430290,
		1,
		1032,
		1600,
		2,
		2,
		0,
	},
	[1717]=
	{
		1717,
		430290,
		1,
		1033,
		583,
		2,
		2,
		0,
	},
	[1718]=
	{
		1718,
		430290,
		1,
		3011,
		10000,
		2,
		2,
		0,
	},
	[1719]=
	{
		1719,
		430290,
		1,
		3012,
		250,
		2,
		2,
		0,
	},
	[1720]=
	{
		1720,
		430300,
		1,
		1031,
		10000,
		2,
		2,
		0,
	},
	[1721]=
	{
		1721,
		430300,
		1,
		1032,
		2400,
		2,
		2,
		0,
	},
	[1722]=
	{
		1722,
		430300,
		1,
		1033,
		875,
		2,
		2,
		0,
	},
	[1723]=
	{
		1723,
		430300,
		1,
		3011,
		10000,
		2,
		2,
		0,
	},
	[1724]=
	{
		1724,
		430300,
		1,
		3012,
		375,
		2,
		2,
		0,
	},
	[1725]=
	{
		1725,
		430300,
		1,
		2032,
		294,
		2,
		2,
		0,
	},
	[1726]=
	{
		1726,
		430300,
		1,
		2033,
		100,
		2,
		2,
		0,
	},
	[1727]=
	{
		1727,
		430300,
		1,
		4011,
		1050,
		2,
		2,
		0,
	},
	[1728]=
	{
		1728,
		430300,
		1,
		4012,
		140,
		2,
		2,
		0,
	},
	[1729]=
	{
		1729,
		430310,
		1,
		1031,
		10000,
		2,
		2,
		0,
	},
	[1730]=
	{
		1730,
		430310,
		1,
		1032,
		2400,
		2,
		2,
		0,
	},
	[1731]=
	{
		1731,
		430310,
		1,
		1033,
		875,
		2,
		2,
		0,
	},
	[1732]=
	{
		1732,
		430310,
		1,
		3011,
		10000,
		2,
		2,
		0,
	},
	[1733]=
	{
		1733,
		430310,
		1,
		3012,
		375,
		2,
		2,
		0,
	},
	[1734]=
	{
		1734,
		430310,
		1,
		2032,
		294,
		2,
		2,
		0,
	},
	[1735]=
	{
		1735,
		430310,
		1,
		2033,
		100,
		2,
		2,
		0,
	},
	[1736]=
	{
		1736,
		430310,
		1,
		4011,
		1050,
		2,
		2,
		0,
	},
	[1737]=
	{
		1737,
		430310,
		1,
		4012,
		140,
		2,
		2,
		0,
	},
	[1738]=
	{
		1738,
		430320,
		1,
		1031,
		10000,
		2,
		2,
		0,
	},
	[1739]=
	{
		1739,
		430320,
		1,
		1032,
		2400,
		2,
		2,
		0,
	},
	[1740]=
	{
		1740,
		430320,
		1,
		1033,
		875,
		2,
		2,
		0,
	},
	[1741]=
	{
		1741,
		430320,
		1,
		3011,
		10000,
		2,
		2,
		0,
	},
	[1742]=
	{
		1742,
		430320,
		1,
		3012,
		375,
		2,
		2,
		0,
	},
	[1743]=
	{
		1743,
		430320,
		1,
		2032,
		294,
		2,
		2,
		0,
	},
	[1744]=
	{
		1744,
		430320,
		1,
		2033,
		100,
		2,
		2,
		0,
	},
	[1745]=
	{
		1745,
		430320,
		1,
		4011,
		1050,
		2,
		2,
		0,
	},
	[1746]=
	{
		1746,
		430320,
		1,
		4012,
		140,
		2,
		2,
		0,
	},
	[1747]=
	{
		1747,
		430330,
		1,
		1031,
		10000,
		2,
		2,
		0,
	},
	[1748]=
	{
		1748,
		430330,
		1,
		1032,
		2400,
		2,
		2,
		0,
	},
	[1749]=
	{
		1749,
		430330,
		1,
		1033,
		875,
		2,
		2,
		0,
	},
	[1750]=
	{
		1750,
		430330,
		1,
		3011,
		10000,
		2,
		2,
		0,
	},
	[1751]=
	{
		1751,
		430330,
		1,
		3012,
		375,
		2,
		2,
		0,
	},
	[1752]=
	{
		1752,
		430330,
		1,
		2032,
		294,
		2,
		2,
		0,
	},
	[1753]=
	{
		1753,
		430330,
		1,
		2033,
		100,
		2,
		2,
		0,
	},
	[1754]=
	{
		1754,
		430330,
		1,
		4011,
		1050,
		2,
		2,
		0,
	},
	[1755]=
	{
		1755,
		430330,
		1,
		4012,
		140,
		2,
		2,
		0,
	},
	[1756]=
	{
		1756,
		430340,
		1,
		1031,
		10000,
		2,
		2,
		0,
	},
	[1757]=
	{
		1757,
		430340,
		1,
		1032,
		2400,
		2,
		2,
		0,
	},
	[1758]=
	{
		1758,
		430340,
		1,
		1033,
		875,
		2,
		2,
		0,
	},
	[1759]=
	{
		1759,
		430340,
		1,
		3011,
		10000,
		2,
		2,
		0,
	},
	[1760]=
	{
		1760,
		430340,
		1,
		3012,
		375,
		2,
		2,
		0,
	},
	[1761]=
	{
		1761,
		430340,
		1,
		2032,
		294,
		2,
		2,
		0,
	},
	[1762]=
	{
		1762,
		430340,
		1,
		2033,
		100,
		2,
		2,
		0,
	},
	[1763]=
	{
		1763,
		430340,
		1,
		4011,
		1050,
		2,
		2,
		0,
	},
	[1764]=
	{
		1764,
		430340,
		1,
		4012,
		140,
		2,
		2,
		0,
	},
	[1765]=
	{
		1765,
		430350,
		1,
		1031,
		10000,
		2,
		2,
		0,
	},
	[1766]=
	{
		1766,
		430350,
		1,
		1032,
		3200,
		2,
		2,
		0,
	},
	[1767]=
	{
		1767,
		430350,
		1,
		1033,
		1166,
		2,
		2,
		0,
	},
	[1768]=
	{
		1768,
		430350,
		1,
		3011,
		10000,
		2,
		2,
		0,
	},
	[1769]=
	{
		1769,
		430350,
		1,
		3012,
		500,
		2,
		2,
		0,
	},
	[1770]=
	{
		1770,
		430350,
		1,
		2032,
		588,
		2,
		2,
		0,
	},
	[1771]=
	{
		1771,
		430350,
		1,
		2033,
		200,
		2,
		2,
		0,
	},
	[1772]=
	{
		1772,
		430350,
		1,
		4011,
		2100,
		2,
		2,
		0,
	},
	[1773]=
	{
		1773,
		430350,
		1,
		4012,
		280,
		2,
		2,
		0,
	},
	[1774]=
	{
		1774,
		430360,
		1,
		1031,
		10000,
		2,
		2,
		0,
	},
	[1775]=
	{
		1775,
		430360,
		1,
		1032,
		3200,
		2,
		2,
		0,
	},
	[1776]=
	{
		1776,
		430360,
		1,
		1033,
		1166,
		2,
		2,
		0,
	},
	[1777]=
	{
		1777,
		430360,
		1,
		3011,
		10000,
		2,
		2,
		0,
	},
	[1778]=
	{
		1778,
		430360,
		1,
		3012,
		500,
		2,
		2,
		0,
	},
	[1779]=
	{
		1779,
		430360,
		1,
		2032,
		588,
		2,
		2,
		0,
	},
	[1780]=
	{
		1780,
		430360,
		1,
		2033,
		200,
		2,
		2,
		0,
	},
	[1781]=
	{
		1781,
		430360,
		1,
		4011,
		2100,
		2,
		2,
		0,
	},
	[1782]=
	{
		1782,
		430360,
		1,
		4012,
		280,
		2,
		2,
		0,
	},
	[1783]=
	{
		1783,
		430370,
		1,
		1031,
		10000,
		2,
		2,
		0,
	},
	[1784]=
	{
		1784,
		430370,
		1,
		1032,
		3200,
		2,
		2,
		0,
	},
	[1785]=
	{
		1785,
		430370,
		1,
		1033,
		1166,
		2,
		2,
		0,
	},
	[1786]=
	{
		1786,
		430370,
		1,
		3011,
		10000,
		2,
		2,
		0,
	},
	[1787]=
	{
		1787,
		430370,
		1,
		3012,
		500,
		2,
		2,
		0,
	},
	[1788]=
	{
		1788,
		430370,
		1,
		2032,
		588,
		2,
		2,
		0,
	},
	[1789]=
	{
		1789,
		430370,
		1,
		2033,
		200,
		2,
		2,
		0,
	},
	[1790]=
	{
		1790,
		430370,
		1,
		4011,
		2100,
		2,
		2,
		0,
	},
	[1791]=
	{
		1791,
		430370,
		1,
		4012,
		280,
		2,
		2,
		0,
	},
	[1792]=
	{
		1792,
		430380,
		1,
		1031,
		10000,
		2,
		2,
		0,
	},
	[1793]=
	{
		1793,
		430380,
		1,
		1032,
		3200,
		2,
		2,
		0,
	},
	[1794]=
	{
		1794,
		430380,
		1,
		1033,
		1166,
		2,
		2,
		0,
	},
	[1795]=
	{
		1795,
		430380,
		1,
		3011,
		10000,
		2,
		2,
		0,
	},
	[1796]=
	{
		1796,
		430380,
		1,
		3012,
		500,
		2,
		2,
		0,
	},
	[1797]=
	{
		1797,
		430380,
		1,
		2032,
		588,
		2,
		2,
		0,
	},
	[1798]=
	{
		1798,
		430380,
		1,
		2033,
		200,
		2,
		2,
		0,
	},
	[1799]=
	{
		1799,
		430380,
		1,
		4011,
		2100,
		2,
		2,
		0,
	},
	[1800]=
	{
		1800,
		430380,
		1,
		4012,
		280,
		2,
		2,
		0,
	},
	[1801]=
	{
		1801,
		430390,
		1,
		1031,
		10000,
		2,
		2,
		0,
	},
	[1802]=
	{
		1802,
		430390,
		1,
		1032,
		3200,
		2,
		2,
		0,
	},
	[1803]=
	{
		1803,
		430390,
		1,
		1033,
		1166,
		2,
		2,
		0,
	},
	[1804]=
	{
		1804,
		430390,
		1,
		3011,
		10000,
		2,
		2,
		0,
	},
	[1805]=
	{
		1805,
		430390,
		1,
		3012,
		500,
		2,
		2,
		0,
	},
	[1806]=
	{
		1806,
		430390,
		1,
		2032,
		588,
		2,
		2,
		0,
	},
	[1807]=
	{
		1807,
		430390,
		1,
		2033,
		200,
		2,
		2,
		0,
	},
	[1808]=
	{
		1808,
		430390,
		1,
		4011,
		2100,
		2,
		2,
		0,
	},
	[1809]=
	{
		1809,
		430390,
		1,
		4012,
		280,
		2,
		2,
		0,
	},
	[1810]=
	{
		1810,
		430400,
		1,
		1031,
		10000,
		2,
		2,
		0,
	},
	[1811]=
	{
		1811,
		430400,
		1,
		1032,
		3200,
		2,
		2,
		0,
	},
	[1812]=
	{
		1812,
		430400,
		1,
		1033,
		1166,
		2,
		2,
		0,
	},
	[1813]=
	{
		1813,
		430400,
		1,
		3011,
		10000,
		2,
		2,
		0,
	},
	[1814]=
	{
		1814,
		430400,
		1,
		3012,
		500,
		2,
		2,
		0,
	},
	[1815]=
	{
		1815,
		430400,
		1,
		2032,
		588,
		2,
		2,
		0,
	},
	[1816]=
	{
		1816,
		430400,
		1,
		2033,
		200,
		2,
		2,
		0,
	},
	[1817]=
	{
		1817,
		430400,
		1,
		4011,
		2100,
		2,
		2,
		0,
	},
	[1818]=
	{
		1818,
		430400,
		1,
		4012,
		280,
		2,
		2,
		0,
	},
	[1819]=
	{
		1819,
		430410,
		1,
		1041,
		10000,
		2,
		2,
		0,
	},
	[1820]=
	{
		1820,
		430410,
		1,
		1042,
		1600,
		2,
		2,
		0,
	},
	[1821]=
	{
		1821,
		430410,
		1,
		1043,
		461,
		2,
		2,
		0,
	},
	[1822]=
	{
		1822,
		430410,
		1,
		3021,
		10000,
		2,
		2,
		0,
	},
	[1823]=
	{
		1823,
		430410,
		1,
		3022,
		225,
		2,
		2,
		0,
	},
	[1824]=
	{
		1824,
		430420,
		1,
		1041,
		10000,
		2,
		2,
		0,
	},
	[1825]=
	{
		1825,
		430420,
		1,
		1042,
		1600,
		2,
		2,
		0,
	},
	[1826]=
	{
		1826,
		430420,
		1,
		1043,
		461,
		2,
		2,
		0,
	},
	[1827]=
	{
		1827,
		430420,
		1,
		3021,
		10000,
		2,
		2,
		0,
	},
	[1828]=
	{
		1828,
		430420,
		1,
		3022,
		225,
		2,
		2,
		0,
	},
	[1829]=
	{
		1829,
		430430,
		1,
		1041,
		10000,
		2,
		2,
		0,
	},
	[1830]=
	{
		1830,
		430430,
		1,
		1042,
		1600,
		2,
		2,
		0,
	},
	[1831]=
	{
		1831,
		430430,
		1,
		1043,
		461,
		2,
		2,
		0,
	},
	[1832]=
	{
		1832,
		430430,
		1,
		3021,
		10000,
		2,
		2,
		0,
	},
	[1833]=
	{
		1833,
		430430,
		1,
		3022,
		225,
		2,
		2,
		0,
	},
	[1834]=
	{
		1834,
		430440,
		1,
		1041,
		10000,
		2,
		2,
		0,
	},
	[1835]=
	{
		1835,
		430440,
		1,
		1042,
		1600,
		2,
		2,
		0,
	},
	[1836]=
	{
		1836,
		430440,
		1,
		1043,
		461,
		2,
		2,
		0,
	},
	[1837]=
	{
		1837,
		430440,
		1,
		3021,
		10000,
		2,
		2,
		0,
	},
	[1838]=
	{
		1838,
		430440,
		1,
		3022,
		225,
		2,
		2,
		0,
	},
	[1839]=
	{
		1839,
		430450,
		1,
		1041,
		10000,
		2,
		2,
		0,
	},
	[1840]=
	{
		1840,
		430450,
		1,
		1042,
		3200,
		2,
		2,
		0,
	},
	[1841]=
	{
		1841,
		430450,
		1,
		1043,
		922,
		2,
		2,
		0,
	},
	[1842]=
	{
		1842,
		430450,
		1,
		3021,
		10000,
		2,
		2,
		0,
	},
	[1843]=
	{
		1843,
		430450,
		1,
		3022,
		450,
		2,
		2,
		0,
	},
	[1844]=
	{
		1844,
		430450,
		1,
		2042,
		532,
		2,
		2,
		0,
	},
	[1845]=
	{
		1845,
		430450,
		1,
		2043,
		200,
		2,
		2,
		0,
	},
	[1846]=
	{
		1846,
		430450,
		1,
		4021,
		1470,
		2,
		2,
		0,
	},
	[1847]=
	{
		1847,
		430450,
		1,
		4022,
		252,
		2,
		2,
		0,
	},
	[1848]=
	{
		1848,
		430460,
		1,
		1041,
		10000,
		2,
		2,
		0,
	},
	[1849]=
	{
		1849,
		430460,
		1,
		1042,
		3200,
		2,
		2,
		0,
	},
	[1850]=
	{
		1850,
		430460,
		1,
		1043,
		922,
		2,
		2,
		0,
	},
	[1851]=
	{
		1851,
		430460,
		1,
		3021,
		10000,
		2,
		2,
		0,
	},
	[1852]=
	{
		1852,
		430460,
		1,
		3022,
		450,
		2,
		2,
		0,
	},
	[1853]=
	{
		1853,
		430460,
		1,
		2042,
		532,
		2,
		2,
		0,
	},
	[1854]=
	{
		1854,
		430460,
		1,
		2043,
		200,
		2,
		2,
		0,
	},
	[1855]=
	{
		1855,
		430460,
		1,
		4021,
		1470,
		2,
		2,
		0,
	},
	[1856]=
	{
		1856,
		430460,
		1,
		4022,
		252,
		2,
		2,
		0,
	},
	[1857]=
	{
		1857,
		430470,
		1,
		1041,
		10000,
		2,
		2,
		0,
	},
	[1858]=
	{
		1858,
		430470,
		1,
		1042,
		3200,
		2,
		2,
		0,
	},
	[1859]=
	{
		1859,
		430470,
		1,
		1043,
		922,
		2,
		2,
		0,
	},
	[1860]=
	{
		1860,
		430470,
		1,
		3021,
		10000,
		2,
		2,
		0,
	},
	[1861]=
	{
		1861,
		430470,
		1,
		3022,
		450,
		2,
		2,
		0,
	},
	[1862]=
	{
		1862,
		430470,
		1,
		2042,
		532,
		2,
		2,
		0,
	},
	[1863]=
	{
		1863,
		430470,
		1,
		2043,
		200,
		2,
		2,
		0,
	},
	[1864]=
	{
		1864,
		430470,
		1,
		4021,
		1470,
		2,
		2,
		0,
	},
	[1865]=
	{
		1865,
		430470,
		1,
		4022,
		252,
		2,
		2,
		0,
	},
	[1866]=
	{
		1866,
		430480,
		1,
		1041,
		10000,
		2,
		2,
		0,
	},
	[1867]=
	{
		1867,
		430480,
		1,
		1042,
		3200,
		2,
		2,
		0,
	},
	[1868]=
	{
		1868,
		430480,
		1,
		1043,
		922,
		2,
		2,
		0,
	},
	[1869]=
	{
		1869,
		430480,
		1,
		3021,
		10000,
		2,
		2,
		0,
	},
	[1870]=
	{
		1870,
		430480,
		1,
		3022,
		450,
		2,
		2,
		0,
	},
	[1871]=
	{
		1871,
		430480,
		1,
		2042,
		532,
		2,
		2,
		0,
	},
	[1872]=
	{
		1872,
		430480,
		1,
		2043,
		200,
		2,
		2,
		0,
	},
	[1873]=
	{
		1873,
		430480,
		1,
		4021,
		1470,
		2,
		2,
		0,
	},
	[1874]=
	{
		1874,
		430480,
		1,
		4022,
		252,
		2,
		2,
		0,
	},
	[1875]=
	{
		1875,
		430490,
		1,
		1041,
		10000,
		2,
		2,
		0,
	},
	[1876]=
	{
		1876,
		430490,
		1,
		1042,
		3200,
		2,
		2,
		0,
	},
	[1877]=
	{
		1877,
		430490,
		1,
		1043,
		922,
		2,
		2,
		0,
	},
	[1878]=
	{
		1878,
		430490,
		1,
		3021,
		10000,
		2,
		2,
		0,
	},
	[1879]=
	{
		1879,
		430490,
		1,
		3022,
		450,
		2,
		2,
		0,
	},
	[1880]=
	{
		1880,
		430490,
		1,
		2042,
		532,
		2,
		2,
		0,
	},
	[1881]=
	{
		1881,
		430490,
		1,
		2043,
		200,
		2,
		2,
		0,
	},
	[1882]=
	{
		1882,
		430490,
		1,
		4021,
		1470,
		2,
		2,
		0,
	},
	[1883]=
	{
		1883,
		430490,
		1,
		4022,
		252,
		2,
		2,
		0,
	},
	[1884]=
	{
		1884,
		430500,
		1,
		1041,
		10000,
		2,
		2,
		0,
	},
	[1885]=
	{
		1885,
		430500,
		1,
		1042,
		3200,
		2,
		2,
		0,
	},
	[1886]=
	{
		1886,
		430500,
		1,
		1043,
		922,
		2,
		2,
		0,
	},
	[1887]=
	{
		1887,
		430500,
		1,
		3021,
		10000,
		2,
		2,
		0,
	},
	[1888]=
	{
		1888,
		430500,
		1,
		3022,
		450,
		2,
		2,
		0,
	},
	[1889]=
	{
		1889,
		430500,
		1,
		2042,
		532,
		2,
		2,
		0,
	},
	[1890]=
	{
		1890,
		430500,
		1,
		2043,
		200,
		2,
		2,
		0,
	},
	[1891]=
	{
		1891,
		430500,
		1,
		4021,
		1470,
		2,
		2,
		0,
	},
	[1892]=
	{
		1892,
		430500,
		1,
		4022,
		252,
		2,
		2,
		0,
	},
	[1893]=
	{
		1893,
		430510,
		1,
		1051,
		10000,
		2,
		2,
		0,
	},
	[1894]=
	{
		1894,
		430510,
		1,
		1052,
		1600,
		2,
		2,
		0,
	},
	[1895]=
	{
		1895,
		430510,
		1,
		1053,
		353,
		2,
		2,
		0,
	},
	[1896]=
	{
		1896,
		430510,
		1,
		3031,
		10000,
		2,
		2,
		0,
	},
	[1897]=
	{
		1897,
		430510,
		1,
		3032,
		200,
		2,
		2,
		0,
	},
	[1898]=
	{
		1898,
		430520,
		1,
		1051,
		10000,
		2,
		2,
		0,
	},
	[1899]=
	{
		1899,
		430520,
		1,
		1052,
		1600,
		2,
		2,
		0,
	},
	[1900]=
	{
		1900,
		430520,
		1,
		1053,
		353,
		2,
		2,
		0,
	},
	[1901]=
	{
		1901,
		430520,
		1,
		3031,
		10000,
		2,
		2,
		0,
	},
	[1902]=
	{
		1902,
		430520,
		1,
		3032,
		200,
		2,
		2,
		0,
	},
	[1903]=
	{
		1903,
		430530,
		1,
		1051,
		10000,
		2,
		2,
		0,
	},
	[1904]=
	{
		1904,
		430530,
		1,
		1052,
		1600,
		2,
		2,
		0,
	},
	[1905]=
	{
		1905,
		430530,
		1,
		1053,
		353,
		2,
		2,
		0,
	},
	[1906]=
	{
		1906,
		430530,
		1,
		3031,
		10000,
		2,
		2,
		0,
	},
	[1907]=
	{
		1907,
		430530,
		1,
		3032,
		200,
		2,
		2,
		0,
	},
	[1908]=
	{
		1908,
		430540,
		1,
		1051,
		10000,
		2,
		2,
		0,
	},
	[1909]=
	{
		1909,
		430540,
		1,
		1052,
		1600,
		2,
		2,
		0,
	},
	[1910]=
	{
		1910,
		430540,
		1,
		1053,
		353,
		2,
		2,
		0,
	},
	[1911]=
	{
		1911,
		430540,
		1,
		3031,
		10000,
		2,
		2,
		0,
	},
	[1912]=
	{
		1912,
		430540,
		1,
		3032,
		200,
		2,
		2,
		0,
	},
	[1913]=
	{
		1913,
		430550,
		1,
		1051,
		10000,
		2,
		2,
		0,
	},
	[1914]=
	{
		1914,
		430550,
		1,
		1052,
		3200,
		2,
		2,
		0,
	},
	[1915]=
	{
		1915,
		430550,
		1,
		1053,
		706,
		2,
		2,
		0,
	},
	[1916]=
	{
		1916,
		430550,
		1,
		3031,
		10000,
		2,
		2,
		0,
	},
	[1917]=
	{
		1917,
		430550,
		1,
		3032,
		400,
		2,
		2,
		0,
	},
	[1918]=
	{
		1918,
		430550,
		1,
		2052,
		532,
		2,
		2,
		0,
	},
	[1919]=
	{
		1919,
		430550,
		1,
		2053,
		200,
		2,
		2,
		0,
	},
	[1920]=
	{
		1920,
		430550,
		1,
		4031,
		1365,
		2,
		2,
		0,
	},
	[1921]=
	{
		1921,
		430550,
		1,
		4032,
		224,
		2,
		2,
		0,
	},
	[1922]=
	{
		1922,
		430560,
		1,
		1051,
		10000,
		2,
		2,
		0,
	},
	[1923]=
	{
		1923,
		430560,
		1,
		1052,
		3200,
		2,
		2,
		0,
	},
	[1924]=
	{
		1924,
		430560,
		1,
		1053,
		706,
		2,
		2,
		0,
	},
	[1925]=
	{
		1925,
		430560,
		1,
		3031,
		10000,
		2,
		2,
		0,
	},
	[1926]=
	{
		1926,
		430560,
		1,
		3032,
		400,
		2,
		2,
		0,
	},
	[1927]=
	{
		1927,
		430560,
		1,
		2052,
		532,
		2,
		2,
		0,
	},
	[1928]=
	{
		1928,
		430560,
		1,
		2053,
		200,
		2,
		2,
		0,
	},
	[1929]=
	{
		1929,
		430560,
		1,
		4031,
		1365,
		2,
		2,
		0,
	},
	[1930]=
	{
		1930,
		430560,
		1,
		4032,
		224,
		2,
		2,
		0,
	},
	[1931]=
	{
		1931,
		430570,
		1,
		1051,
		10000,
		2,
		2,
		0,
	},
	[1932]=
	{
		1932,
		430570,
		1,
		1052,
		3200,
		2,
		2,
		0,
	},
	[1933]=
	{
		1933,
		430570,
		1,
		1053,
		706,
		2,
		2,
		0,
	},
	[1934]=
	{
		1934,
		430570,
		1,
		3031,
		10000,
		2,
		2,
		0,
	},
	[1935]=
	{
		1935,
		430570,
		1,
		3032,
		400,
		2,
		2,
		0,
	},
	[1936]=
	{
		1936,
		430570,
		1,
		2052,
		532,
		2,
		2,
		0,
	},
	[1937]=
	{
		1937,
		430570,
		1,
		2053,
		200,
		2,
		2,
		0,
	},
	[1938]=
	{
		1938,
		430570,
		1,
		4031,
		1365,
		2,
		2,
		0,
	},
	[1939]=
	{
		1939,
		430570,
		1,
		4032,
		224,
		2,
		2,
		0,
	},
	[1940]=
	{
		1940,
		430580,
		1,
		1051,
		10000,
		2,
		2,
		0,
	},
	[1941]=
	{
		1941,
		430580,
		1,
		1052,
		3200,
		2,
		2,
		0,
	},
	[1942]=
	{
		1942,
		430580,
		1,
		1053,
		706,
		2,
		2,
		0,
	},
	[1943]=
	{
		1943,
		430580,
		1,
		3031,
		10000,
		2,
		2,
		0,
	},
	[1944]=
	{
		1944,
		430580,
		1,
		3032,
		400,
		2,
		2,
		0,
	},
	[1945]=
	{
		1945,
		430580,
		1,
		2052,
		532,
		2,
		2,
		0,
	},
	[1946]=
	{
		1946,
		430580,
		1,
		2053,
		200,
		2,
		2,
		0,
	},
	[1947]=
	{
		1947,
		430580,
		1,
		4031,
		1365,
		2,
		2,
		0,
	},
	[1948]=
	{
		1948,
		430580,
		1,
		4032,
		224,
		2,
		2,
		0,
	},
	[1949]=
	{
		1949,
		430590,
		1,
		1051,
		10000,
		2,
		2,
		0,
	},
	[1950]=
	{
		1950,
		430590,
		1,
		1052,
		3200,
		2,
		2,
		0,
	},
	[1951]=
	{
		1951,
		430590,
		1,
		1053,
		706,
		2,
		2,
		0,
	},
	[1952]=
	{
		1952,
		430590,
		1,
		3031,
		10000,
		2,
		2,
		0,
	},
	[1953]=
	{
		1953,
		430590,
		1,
		3032,
		400,
		2,
		2,
		0,
	},
	[1954]=
	{
		1954,
		430590,
		1,
		2052,
		532,
		2,
		2,
		0,
	},
	[1955]=
	{
		1955,
		430590,
		1,
		2053,
		200,
		2,
		2,
		0,
	},
	[1956]=
	{
		1956,
		430590,
		1,
		4031,
		1365,
		2,
		2,
		0,
	},
	[1957]=
	{
		1957,
		430590,
		1,
		4032,
		224,
		2,
		2,
		0,
	},
	[1958]=
	{
		1958,
		430600,
		1,
		1051,
		10000,
		2,
		2,
		0,
	},
	[1959]=
	{
		1959,
		430600,
		1,
		1052,
		3200,
		2,
		2,
		0,
	},
	[1960]=
	{
		1960,
		430600,
		1,
		1053,
		706,
		2,
		2,
		0,
	},
	[1961]=
	{
		1961,
		430600,
		1,
		3031,
		10000,
		2,
		2,
		0,
	},
	[1962]=
	{
		1962,
		430600,
		1,
		3032,
		400,
		2,
		2,
		0,
	},
	[1963]=
	{
		1963,
		430600,
		1,
		2052,
		532,
		2,
		2,
		0,
	},
	[1964]=
	{
		1964,
		430600,
		1,
		2053,
		200,
		2,
		2,
		0,
	},
	[1965]=
	{
		1965,
		430600,
		1,
		4031,
		1365,
		2,
		2,
		0,
	},
	[1966]=
	{
		1966,
		430600,
		1,
		4032,
		224,
		2,
		2,
		0,
	},
	[1967]=
	{
		1967,
		430610,
		1,
		1061,
		10000,
		2,
		2,
		0,
	},
	[1968]=
	{
		1968,
		430610,
		1,
		1062,
		1600,
		2,
		2,
		0,
	},
	[1969]=
	{
		1969,
		430610,
		1,
		1063,
		328,
		2,
		2,
		0,
	},
	[1970]=
	{
		1970,
		430610,
		1,
		3041,
		10000,
		2,
		2,
		0,
	},
	[1971]=
	{
		1971,
		430610,
		1,
		3042,
		175,
		2,
		2,
		0,
	},
	[1972]=
	{
		1972,
		430620,
		1,
		1061,
		10000,
		2,
		2,
		0,
	},
	[1973]=
	{
		1973,
		430620,
		1,
		1062,
		1600,
		2,
		2,
		0,
	},
	[1974]=
	{
		1974,
		430620,
		1,
		1063,
		328,
		2,
		2,
		0,
	},
	[1975]=
	{
		1975,
		430620,
		1,
		3041,
		10000,
		2,
		2,
		0,
	},
	[1976]=
	{
		1976,
		430620,
		1,
		3042,
		175,
		2,
		2,
		0,
	},
	[1977]=
	{
		1977,
		430630,
		1,
		1061,
		10000,
		2,
		2,
		0,
	},
	[1978]=
	{
		1978,
		430630,
		1,
		1062,
		1600,
		2,
		2,
		0,
	},
	[1979]=
	{
		1979,
		430630,
		1,
		1063,
		328,
		2,
		2,
		0,
	},
	[1980]=
	{
		1980,
		430630,
		1,
		3041,
		10000,
		2,
		2,
		0,
	},
	[1981]=
	{
		1981,
		430630,
		1,
		3042,
		175,
		2,
		2,
		0,
	},
	[1982]=
	{
		1982,
		430640,
		1,
		1061,
		10000,
		2,
		2,
		0,
	},
	[1983]=
	{
		1983,
		430640,
		1,
		1062,
		1600,
		2,
		2,
		0,
	},
	[1984]=
	{
		1984,
		430640,
		1,
		1063,
		328,
		2,
		2,
		0,
	},
	[1985]=
	{
		1985,
		430640,
		1,
		3041,
		10000,
		2,
		2,
		0,
	},
	[1986]=
	{
		1986,
		430640,
		1,
		3042,
		175,
		2,
		2,
		0,
	},
	[1987]=
	{
		1987,
		430650,
		1,
		1061,
		10000,
		2,
		2,
		0,
	},
	[1988]=
	{
		1988,
		430650,
		1,
		1062,
		3200,
		2,
		2,
		0,
	},
	[1989]=
	{
		1989,
		430650,
		1,
		1063,
		655,
		2,
		2,
		0,
	},
	[1990]=
	{
		1990,
		430650,
		1,
		3041,
		10000,
		2,
		2,
		0,
	},
	[1991]=
	{
		1991,
		430650,
		1,
		3042,
		350,
		2,
		2,
		0,
	},
	[1992]=
	{
		1992,
		430650,
		1,
		2062,
		448,
		2,
		2,
		0,
	},
	[1993]=
	{
		1993,
		430650,
		1,
		2063,
		160,
		2,
		2,
		0,
	},
	[1994]=
	{
		1994,
		430650,
		1,
		4041,
		1260,
		2,
		2,
		0,
	},
	[1995]=
	{
		1995,
		430650,
		1,
		4042,
		196,
		2,
		2,
		0,
	},
	[1996]=
	{
		1996,
		430660,
		1,
		1061,
		10000,
		2,
		2,
		0,
	},
	[1997]=
	{
		1997,
		430660,
		1,
		1062,
		3200,
		2,
		2,
		0,
	},
	[1998]=
	{
		1998,
		430660,
		1,
		1063,
		655,
		2,
		2,
		0,
	},
	[1999]=
	{
		1999,
		430660,
		1,
		3041,
		10000,
		2,
		2,
		0,
	},
	[2000]=
	{
		2000,
		430660,
		1,
		3042,
		350,
		2,
		2,
		0,
	},
	[2001]=
	{
		2001,
		430660,
		1,
		2062,
		448,
		2,
		2,
		0,
	},
	[2002]=
	{
		2002,
		430660,
		1,
		2063,
		160,
		2,
		2,
		0,
	},
	[2003]=
	{
		2003,
		430660,
		1,
		4041,
		1260,
		2,
		2,
		0,
	},
	[2004]=
	{
		2004,
		430660,
		1,
		4042,
		196,
		2,
		2,
		0,
	},
	[2005]=
	{
		2005,
		430670,
		1,
		1061,
		10000,
		2,
		2,
		0,
	},
	[2006]=
	{
		2006,
		430670,
		1,
		1062,
		3200,
		2,
		2,
		0,
	},
	[2007]=
	{
		2007,
		430670,
		1,
		1063,
		655,
		2,
		2,
		0,
	},
	[2008]=
	{
		2008,
		430670,
		1,
		3041,
		10000,
		2,
		2,
		0,
	},
	[2009]=
	{
		2009,
		430670,
		1,
		3042,
		350,
		2,
		2,
		0,
	},
	[2010]=
	{
		2010,
		430670,
		1,
		2062,
		448,
		2,
		2,
		0,
	},
	[2011]=
	{
		2011,
		430670,
		1,
		2063,
		160,
		2,
		2,
		0,
	},
	[2012]=
	{
		2012,
		430670,
		1,
		4041,
		1260,
		2,
		2,
		0,
	},
	[2013]=
	{
		2013,
		430670,
		1,
		4042,
		196,
		2,
		2,
		0,
	},
	[2014]=
	{
		2014,
		430680,
		1,
		1061,
		10000,
		2,
		2,
		0,
	},
	[2015]=
	{
		2015,
		430680,
		1,
		1062,
		3200,
		2,
		2,
		0,
	},
	[2016]=
	{
		2016,
		430680,
		1,
		1063,
		655,
		2,
		2,
		0,
	},
	[2017]=
	{
		2017,
		430680,
		1,
		3041,
		10000,
		2,
		2,
		0,
	},
	[2018]=
	{
		2018,
		430680,
		1,
		3042,
		350,
		2,
		2,
		0,
	},
	[2019]=
	{
		2019,
		430680,
		1,
		2062,
		448,
		2,
		2,
		0,
	},
	[2020]=
	{
		2020,
		430680,
		1,
		2063,
		160,
		2,
		2,
		0,
	},
	[2021]=
	{
		2021,
		430680,
		1,
		4041,
		1260,
		2,
		2,
		0,
	},
	[2022]=
	{
		2022,
		430680,
		1,
		4042,
		196,
		2,
		2,
		0,
	},
	[2023]=
	{
		2023,
		430690,
		1,
		1061,
		10000,
		2,
		2,
		0,
	},
	[2024]=
	{
		2024,
		430690,
		1,
		1062,
		3200,
		2,
		2,
		0,
	},
	[2025]=
	{
		2025,
		430690,
		1,
		1063,
		655,
		2,
		2,
		0,
	},
	[2026]=
	{
		2026,
		430690,
		1,
		3041,
		10000,
		2,
		2,
		0,
	},
	[2027]=
	{
		2027,
		430690,
		1,
		3042,
		350,
		2,
		2,
		0,
	},
	[2028]=
	{
		2028,
		430690,
		1,
		2062,
		448,
		2,
		2,
		0,
	},
	[2029]=
	{
		2029,
		430690,
		1,
		2063,
		160,
		2,
		2,
		0,
	},
	[2030]=
	{
		2030,
		430690,
		1,
		4041,
		1260,
		2,
		2,
		0,
	},
	[2031]=
	{
		2031,
		430690,
		1,
		4042,
		196,
		2,
		2,
		0,
	},
	[2032]=
	{
		2032,
		430700,
		1,
		1061,
		10000,
		2,
		2,
		0,
	},
	[2033]=
	{
		2033,
		430700,
		1,
		1062,
		3200,
		2,
		2,
		0,
	},
	[2034]=
	{
		2034,
		430700,
		1,
		1063,
		655,
		2,
		2,
		0,
	},
	[2035]=
	{
		2035,
		430700,
		1,
		3041,
		10000,
		2,
		2,
		0,
	},
	[2036]=
	{
		2036,
		430700,
		1,
		3042,
		350,
		2,
		2,
		0,
	},
	[2037]=
	{
		2037,
		430700,
		1,
		2062,
		448,
		2,
		2,
		0,
	},
	[2038]=
	{
		2038,
		430700,
		1,
		2063,
		160,
		2,
		2,
		0,
	},
	[2039]=
	{
		2039,
		430700,
		1,
		4041,
		1260,
		2,
		2,
		0,
	},
	[2040]=
	{
		2040,
		430700,
		1,
		4042,
		196,
		2,
		2,
		0,
	},
	[2041]=
	{
		2041,
		430710,
		1,
		1071,
		10000,
		2,
		2,
		0,
	},
	[2042]=
	{
		2042,
		430710,
		1,
		1072,
		1600,
		2,
		2,
		0,
	},
	[2043]=
	{
		2043,
		430710,
		1,
		1073,
		277,
		2,
		2,
		0,
	},
	[2044]=
	{
		2044,
		430710,
		1,
		3051,
		10000,
		2,
		2,
		0,
	},
	[2045]=
	{
		2045,
		430710,
		1,
		3052,
		150,
		2,
		2,
		0,
	},
	[2046]=
	{
		2046,
		430720,
		1,
		1071,
		10000,
		2,
		2,
		0,
	},
	[2047]=
	{
		2047,
		430720,
		1,
		1072,
		1600,
		2,
		2,
		0,
	},
	[2048]=
	{
		2048,
		430720,
		1,
		1073,
		277,
		2,
		2,
		0,
	},
	[2049]=
	{
		2049,
		430720,
		1,
		3051,
		10000,
		2,
		2,
		0,
	},
	[2050]=
	{
		2050,
		430720,
		1,
		3052,
		150,
		2,
		2,
		0,
	},
	[2051]=
	{
		2051,
		430730,
		1,
		1071,
		10000,
		2,
		2,
		0,
	},
	[2052]=
	{
		2052,
		430730,
		1,
		1072,
		1600,
		2,
		2,
		0,
	},
	[2053]=
	{
		2053,
		430730,
		1,
		1073,
		277,
		2,
		2,
		0,
	},
	[2054]=
	{
		2054,
		430730,
		1,
		3051,
		10000,
		2,
		2,
		0,
	},
	[2055]=
	{
		2055,
		430730,
		1,
		3052,
		150,
		2,
		2,
		0,
	},
	[2056]=
	{
		2056,
		430740,
		1,
		1071,
		10000,
		2,
		2,
		0,
	},
	[2057]=
	{
		2057,
		430740,
		1,
		1072,
		1600,
		2,
		2,
		0,
	},
	[2058]=
	{
		2058,
		430740,
		1,
		1073,
		277,
		2,
		2,
		0,
	},
	[2059]=
	{
		2059,
		430740,
		1,
		3051,
		10000,
		2,
		2,
		0,
	},
	[2060]=
	{
		2060,
		430740,
		1,
		3052,
		150,
		2,
		2,
		0,
	},
	[2061]=
	{
		2061,
		430750,
		1,
		1071,
		10000,
		2,
		2,
		0,
	},
	[2062]=
	{
		2062,
		430750,
		1,
		1072,
		3200,
		2,
		2,
		0,
	},
	[2063]=
	{
		2063,
		430750,
		1,
		1073,
		554,
		2,
		2,
		0,
	},
	[2064]=
	{
		2064,
		430750,
		1,
		3051,
		10000,
		2,
		2,
		0,
	},
	[2065]=
	{
		2065,
		430750,
		1,
		3052,
		300,
		2,
		2,
		0,
	},
	[2066]=
	{
		2066,
		430750,
		1,
		2072,
		448,
		2,
		2,
		0,
	},
	[2067]=
	{
		2067,
		430750,
		1,
		2073,
		160,
		2,
		2,
		0,
	},
	[2068]=
	{
		2068,
		430750,
		1,
		4051,
		1155,
		2,
		2,
		0,
	},
	[2069]=
	{
		2069,
		430750,
		1,
		4052,
		168,
		2,
		2,
		0,
	},
	[2070]=
	{
		2070,
		430760,
		1,
		1071,
		10000,
		2,
		2,
		0,
	},
	[2071]=
	{
		2071,
		430760,
		1,
		1072,
		3200,
		2,
		2,
		0,
	},
	[2072]=
	{
		2072,
		430760,
		1,
		1073,
		554,
		2,
		2,
		0,
	},
	[2073]=
	{
		2073,
		430760,
		1,
		3051,
		10000,
		2,
		2,
		0,
	},
	[2074]=
	{
		2074,
		430760,
		1,
		3052,
		300,
		2,
		2,
		0,
	},
	[2075]=
	{
		2075,
		430760,
		1,
		2072,
		448,
		2,
		2,
		0,
	},
	[2076]=
	{
		2076,
		430760,
		1,
		2073,
		160,
		2,
		2,
		0,
	},
	[2077]=
	{
		2077,
		430760,
		1,
		4051,
		1155,
		2,
		2,
		0,
	},
	[2078]=
	{
		2078,
		430760,
		1,
		4052,
		168,
		2,
		2,
		0,
	},
	[2079]=
	{
		2079,
		430770,
		1,
		1071,
		10000,
		2,
		2,
		0,
	},
	[2080]=
	{
		2080,
		430770,
		1,
		1072,
		3200,
		2,
		2,
		0,
	},
	[2081]=
	{
		2081,
		430770,
		1,
		1073,
		554,
		2,
		2,
		0,
	},
	[2082]=
	{
		2082,
		430770,
		1,
		3051,
		10000,
		2,
		2,
		0,
	},
	[2083]=
	{
		2083,
		430770,
		1,
		3052,
		300,
		2,
		2,
		0,
	},
	[2084]=
	{
		2084,
		430770,
		1,
		2072,
		448,
		2,
		2,
		0,
	},
	[2085]=
	{
		2085,
		430770,
		1,
		2073,
		160,
		2,
		2,
		0,
	},
	[2086]=
	{
		2086,
		430770,
		1,
		4051,
		1155,
		2,
		2,
		0,
	},
	[2087]=
	{
		2087,
		430770,
		1,
		4052,
		168,
		2,
		2,
		0,
	},
	[2088]=
	{
		2088,
		430780,
		1,
		1071,
		10000,
		2,
		2,
		0,
	},
	[2089]=
	{
		2089,
		430780,
		1,
		1072,
		3200,
		2,
		2,
		0,
	},
	[2090]=
	{
		2090,
		430780,
		1,
		1073,
		554,
		2,
		2,
		0,
	},
	[2091]=
	{
		2091,
		430780,
		1,
		3051,
		10000,
		2,
		2,
		0,
	},
	[2092]=
	{
		2092,
		430780,
		1,
		3052,
		300,
		2,
		2,
		0,
	},
	[2093]=
	{
		2093,
		430780,
		1,
		2072,
		448,
		2,
		2,
		0,
	},
	[2094]=
	{
		2094,
		430780,
		1,
		2073,
		160,
		2,
		2,
		0,
	},
	[2095]=
	{
		2095,
		430780,
		1,
		4051,
		1155,
		2,
		2,
		0,
	},
	[2096]=
	{
		2096,
		430780,
		1,
		4052,
		168,
		2,
		2,
		0,
	},
	[2097]=
	{
		2097,
		430790,
		1,
		1071,
		10000,
		2,
		2,
		0,
	},
	[2098]=
	{
		2098,
		430790,
		1,
		1072,
		3200,
		2,
		2,
		0,
	},
	[2099]=
	{
		2099,
		430790,
		1,
		1073,
		554,
		2,
		2,
		0,
	},
	[2100]=
	{
		2100,
		430790,
		1,
		3051,
		10000,
		2,
		2,
		0,
	},
	[2101]=
	{
		2101,
		430790,
		1,
		3052,
		300,
		2,
		2,
		0,
	},
	[2102]=
	{
		2102,
		430790,
		1,
		2072,
		448,
		2,
		2,
		0,
	},
	[2103]=
	{
		2103,
		430790,
		1,
		2073,
		160,
		2,
		2,
		0,
	},
	[2104]=
	{
		2104,
		430790,
		1,
		4051,
		1155,
		2,
		2,
		0,
	},
	[2105]=
	{
		2105,
		430790,
		1,
		4052,
		168,
		2,
		2,
		0,
	},
	[2106]=
	{
		2106,
		430800,
		1,
		1071,
		10000,
		2,
		2,
		0,
	},
	[2107]=
	{
		2107,
		430800,
		1,
		1072,
		3200,
		2,
		2,
		0,
	},
	[2108]=
	{
		2108,
		430800,
		1,
		1073,
		554,
		2,
		2,
		0,
	},
	[2109]=
	{
		2109,
		430800,
		1,
		3051,
		10000,
		2,
		2,
		0,
	},
	[2110]=
	{
		2110,
		430800,
		1,
		3052,
		300,
		2,
		2,
		0,
	},
	[2111]=
	{
		2111,
		430800,
		1,
		2072,
		448,
		2,
		2,
		0,
	},
	[2112]=
	{
		2112,
		430800,
		1,
		2073,
		160,
		2,
		2,
		0,
	},
	[2113]=
	{
		2113,
		430800,
		1,
		4051,
		1155,
		2,
		2,
		0,
	},
	[2114]=
	{
		2114,
		430800,
		1,
		4052,
		168,
		2,
		2,
		0,
	},
	[2115]=
	{
		2115,
		430810,
		1,
		1081,
		10000,
		2,
		2,
		0,
	},
	[2116]=
	{
		2116,
		430810,
		1,
		1082,
		1600,
		2,
		2,
		0,
	},
	[2117]=
	{
		2117,
		430810,
		1,
		1083,
		208,
		2,
		2,
		0,
	},
	[2118]=
	{
		2118,
		430810,
		1,
		3061,
		10000,
		2,
		2,
		0,
	},
	[2119]=
	{
		2119,
		430810,
		1,
		3062,
		125,
		2,
		2,
		0,
	},
	[2120]=
	{
		2120,
		430820,
		1,
		1081,
		10000,
		2,
		2,
		0,
	},
	[2121]=
	{
		2121,
		430820,
		1,
		1082,
		1600,
		2,
		2,
		0,
	},
	[2122]=
	{
		2122,
		430820,
		1,
		1083,
		208,
		2,
		2,
		0,
	},
	[2123]=
	{
		2123,
		430820,
		1,
		3061,
		10000,
		2,
		2,
		0,
	},
	[2124]=
	{
		2124,
		430820,
		1,
		3062,
		125,
		2,
		2,
		0,
	},
	[2125]=
	{
		2125,
		430830,
		1,
		1081,
		10000,
		2,
		2,
		0,
	},
	[2126]=
	{
		2126,
		430830,
		1,
		1082,
		1600,
		2,
		2,
		0,
	},
	[2127]=
	{
		2127,
		430830,
		1,
		1083,
		208,
		2,
		2,
		0,
	},
	[2128]=
	{
		2128,
		430830,
		1,
		3061,
		10000,
		2,
		2,
		0,
	},
	[2129]=
	{
		2129,
		430830,
		1,
		3062,
		125,
		2,
		2,
		0,
	},
	[2130]=
	{
		2130,
		430840,
		1,
		1081,
		10000,
		2,
		2,
		0,
	},
	[2131]=
	{
		2131,
		430840,
		1,
		1082,
		1600,
		2,
		2,
		0,
	},
	[2132]=
	{
		2132,
		430840,
		1,
		1083,
		208,
		2,
		2,
		0,
	},
	[2133]=
	{
		2133,
		430840,
		1,
		3061,
		10000,
		2,
		2,
		0,
	},
	[2134]=
	{
		2134,
		430840,
		1,
		3062,
		125,
		2,
		2,
		0,
	},
	[2135]=
	{
		2135,
		430850,
		1,
		1081,
		10000,
		2,
		2,
		0,
	},
	[2136]=
	{
		2136,
		430850,
		1,
		1082,
		3200,
		2,
		2,
		0,
	},
	[2137]=
	{
		2137,
		430850,
		1,
		1083,
		416,
		2,
		2,
		0,
	},
	[2138]=
	{
		2138,
		430850,
		1,
		3061,
		10000,
		2,
		2,
		0,
	},
	[2139]=
	{
		2139,
		430850,
		1,
		3062,
		250,
		2,
		2,
		0,
	},
	[2140]=
	{
		2140,
		430850,
		1,
		2082,
		392,
		2,
		2,
		0,
	},
	[2141]=
	{
		2141,
		430850,
		1,
		2083,
		130,
		2,
		2,
		0,
	},
	[2142]=
	{
		2142,
		430850,
		1,
		4061,
		1050,
		2,
		2,
		0,
	},
	[2143]=
	{
		2143,
		430850,
		1,
		4062,
		140,
		2,
		2,
		0,
	},
	[2144]=
	{
		2144,
		430860,
		1,
		1081,
		10000,
		2,
		2,
		0,
	},
	[2145]=
	{
		2145,
		430860,
		1,
		1082,
		3200,
		2,
		2,
		0,
	},
	[2146]=
	{
		2146,
		430860,
		1,
		1083,
		416,
		2,
		2,
		0,
	},
	[2147]=
	{
		2147,
		430860,
		1,
		3061,
		10000,
		2,
		2,
		0,
	},
	[2148]=
	{
		2148,
		430860,
		1,
		3062,
		250,
		2,
		2,
		0,
	},
	[2149]=
	{
		2149,
		430860,
		1,
		2082,
		392,
		2,
		2,
		0,
	},
	[2150]=
	{
		2150,
		430860,
		1,
		2083,
		130,
		2,
		2,
		0,
	},
	[2151]=
	{
		2151,
		430860,
		1,
		4061,
		1050,
		2,
		2,
		0,
	},
	[2152]=
	{
		2152,
		430860,
		1,
		4062,
		140,
		2,
		2,
		0,
	},
	[2153]=
	{
		2153,
		430870,
		1,
		1081,
		10000,
		2,
		2,
		0,
	},
	[2154]=
	{
		2154,
		430870,
		1,
		1082,
		3200,
		2,
		2,
		0,
	},
	[2155]=
	{
		2155,
		430870,
		1,
		1083,
		416,
		2,
		2,
		0,
	},
	[2156]=
	{
		2156,
		430870,
		1,
		3061,
		10000,
		2,
		2,
		0,
	},
	[2157]=
	{
		2157,
		430870,
		1,
		3062,
		250,
		2,
		2,
		0,
	},
	[2158]=
	{
		2158,
		430870,
		1,
		2082,
		392,
		2,
		2,
		0,
	},
	[2159]=
	{
		2159,
		430870,
		1,
		2083,
		130,
		2,
		2,
		0,
	},
	[2160]=
	{
		2160,
		430870,
		1,
		4061,
		1050,
		2,
		2,
		0,
	},
	[2161]=
	{
		2161,
		430870,
		1,
		4062,
		140,
		2,
		2,
		0,
	},
	[2162]=
	{
		2162,
		430880,
		1,
		1081,
		10000,
		2,
		2,
		0,
	},
	[2163]=
	{
		2163,
		430880,
		1,
		1082,
		3200,
		2,
		2,
		0,
	},
	[2164]=
	{
		2164,
		430880,
		1,
		1083,
		416,
		2,
		2,
		0,
	},
	[2165]=
	{
		2165,
		430880,
		1,
		3061,
		10000,
		2,
		2,
		0,
	},
	[2166]=
	{
		2166,
		430880,
		1,
		3062,
		250,
		2,
		2,
		0,
	},
	[2167]=
	{
		2167,
		430880,
		1,
		2082,
		392,
		2,
		2,
		0,
	},
	[2168]=
	{
		2168,
		430880,
		1,
		2083,
		130,
		2,
		2,
		0,
	},
	[2169]=
	{
		2169,
		430880,
		1,
		4061,
		1050,
		2,
		2,
		0,
	},
	[2170]=
	{
		2170,
		430880,
		1,
		4062,
		140,
		2,
		2,
		0,
	},
	[2171]=
	{
		2171,
		430890,
		1,
		1081,
		10000,
		2,
		2,
		0,
	},
	[2172]=
	{
		2172,
		430890,
		1,
		1082,
		3200,
		2,
		2,
		0,
	},
	[2173]=
	{
		2173,
		430890,
		1,
		1083,
		416,
		2,
		2,
		0,
	},
	[2174]=
	{
		2174,
		430890,
		1,
		3061,
		10000,
		2,
		2,
		0,
	},
	[2175]=
	{
		2175,
		430890,
		1,
		3062,
		250,
		2,
		2,
		0,
	},
	[2176]=
	{
		2176,
		430890,
		1,
		2082,
		392,
		2,
		2,
		0,
	},
	[2177]=
	{
		2177,
		430890,
		1,
		2083,
		130,
		2,
		2,
		0,
	},
	[2178]=
	{
		2178,
		430890,
		1,
		4061,
		1050,
		2,
		2,
		0,
	},
	[2179]=
	{
		2179,
		430890,
		1,
		4062,
		140,
		2,
		2,
		0,
	},
	[2180]=
	{
		2180,
		430900,
		1,
		1081,
		10000,
		2,
		2,
		0,
	},
	[2181]=
	{
		2181,
		430900,
		1,
		1082,
		3200,
		2,
		2,
		0,
	},
	[2182]=
	{
		2182,
		430900,
		1,
		1083,
		416,
		2,
		2,
		0,
	},
	[2183]=
	{
		2183,
		430900,
		1,
		3061,
		10000,
		2,
		2,
		0,
	},
	[2184]=
	{
		2184,
		430900,
		1,
		3062,
		250,
		2,
		2,
		0,
	},
	[2185]=
	{
		2185,
		430900,
		1,
		2082,
		392,
		2,
		2,
		0,
	},
	[2186]=
	{
		2186,
		430900,
		1,
		2083,
		130,
		2,
		2,
		0,
	},
	[2187]=
	{
		2187,
		430900,
		1,
		4061,
		1050,
		2,
		2,
		0,
	},
	[2188]=
	{
		2188,
		430900,
		1,
		4062,
		140,
		2,
		2,
		0,
	},
	[2189]=
	{
		2189,
		430910,
		1,
		1091,
		10000,
		2,
		2,
		0,
	},
	[2190]=
	{
		2190,
		430910,
		1,
		1092,
		1600,
		2,
		2,
		0,
	},
	[2191]=
	{
		2191,
		430910,
		1,
		1093,
		189,
		2,
		2,
		0,
	},
	[2192]=
	{
		2192,
		430910,
		1,
		3071,
		10000,
		2,
		2,
		0,
	},
	[2193]=
	{
		2193,
		430910,
		1,
		3072,
		125,
		2,
		2,
		0,
	},
	[2194]=
	{
		2194,
		430920,
		1,
		1091,
		10000,
		2,
		2,
		0,
	},
	[2195]=
	{
		2195,
		430920,
		1,
		1092,
		1600,
		2,
		2,
		0,
	},
	[2196]=
	{
		2196,
		430920,
		1,
		1093,
		189,
		2,
		2,
		0,
	},
	[2197]=
	{
		2197,
		430920,
		1,
		3071,
		10000,
		2,
		2,
		0,
	},
	[2198]=
	{
		2198,
		430920,
		1,
		3072,
		125,
		2,
		2,
		0,
	},
	[2199]=
	{
		2199,
		430930,
		1,
		1091,
		10000,
		2,
		2,
		0,
	},
	[2200]=
	{
		2200,
		430930,
		1,
		1092,
		1600,
		2,
		2,
		0,
	},
	[2201]=
	{
		2201,
		430930,
		1,
		1093,
		189,
		2,
		2,
		0,
	},
	[2202]=
	{
		2202,
		430930,
		1,
		3071,
		10000,
		2,
		2,
		0,
	},
	[2203]=
	{
		2203,
		430930,
		1,
		3072,
		125,
		2,
		2,
		0,
	},
	[2204]=
	{
		2204,
		430940,
		1,
		1091,
		10000,
		2,
		2,
		0,
	},
	[2205]=
	{
		2205,
		430940,
		1,
		1092,
		1600,
		2,
		2,
		0,
	},
	[2206]=
	{
		2206,
		430940,
		1,
		1093,
		189,
		2,
		2,
		0,
	},
	[2207]=
	{
		2207,
		430940,
		1,
		3071,
		10000,
		2,
		2,
		0,
	},
	[2208]=
	{
		2208,
		430940,
		1,
		3072,
		125,
		2,
		2,
		0,
	},
	[2209]=
	{
		2209,
		430950,
		1,
		1091,
		10000,
		2,
		2,
		0,
	},
	[2210]=
	{
		2210,
		430950,
		1,
		1092,
		3200,
		2,
		2,
		0,
	},
	[2211]=
	{
		2211,
		430950,
		1,
		1093,
		378,
		2,
		2,
		0,
	},
	[2212]=
	{
		2212,
		430950,
		1,
		3071,
		10000,
		2,
		2,
		0,
	},
	[2213]=
	{
		2213,
		430950,
		1,
		3072,
		250,
		2,
		2,
		0,
	},
	[2214]=
	{
		2214,
		430950,
		1,
		2092,
		392,
		2,
		2,
		0,
	},
	[2215]=
	{
		2215,
		430950,
		1,
		2093,
		130,
		2,
		2,
		0,
	},
	[2216]=
	{
		2216,
		430950,
		1,
		4071,
		1050,
		2,
		2,
		0,
	},
	[2217]=
	{
		2217,
		430950,
		1,
		4072,
		140,
		2,
		2,
		0,
	},
	[2218]=
	{
		2218,
		430960,
		1,
		1091,
		10000,
		2,
		2,
		0,
	},
	[2219]=
	{
		2219,
		430960,
		1,
		1092,
		3200,
		2,
		2,
		0,
	},
	[2220]=
	{
		2220,
		430960,
		1,
		1093,
		378,
		2,
		2,
		0,
	},
	[2221]=
	{
		2221,
		430960,
		1,
		3071,
		10000,
		2,
		2,
		0,
	},
	[2222]=
	{
		2222,
		430960,
		1,
		3072,
		250,
		2,
		2,
		0,
	},
	[2223]=
	{
		2223,
		430960,
		1,
		2092,
		392,
		2,
		2,
		0,
	},
	[2224]=
	{
		2224,
		430960,
		1,
		2093,
		130,
		2,
		2,
		0,
	},
	[2225]=
	{
		2225,
		430960,
		1,
		4071,
		1050,
		2,
		2,
		0,
	},
	[2226]=
	{
		2226,
		430960,
		1,
		4072,
		140,
		2,
		2,
		0,
	},
	[2227]=
	{
		2227,
		430970,
		1,
		1091,
		10000,
		2,
		2,
		0,
	},
	[2228]=
	{
		2228,
		430970,
		1,
		1092,
		3200,
		2,
		2,
		0,
	},
	[2229]=
	{
		2229,
		430970,
		1,
		1093,
		378,
		2,
		2,
		0,
	},
	[2230]=
	{
		2230,
		430970,
		1,
		3071,
		10000,
		2,
		2,
		0,
	},
	[2231]=
	{
		2231,
		430970,
		1,
		3072,
		250,
		2,
		2,
		0,
	},
	[2232]=
	{
		2232,
		430970,
		1,
		2092,
		392,
		2,
		2,
		0,
	},
	[2233]=
	{
		2233,
		430970,
		1,
		2093,
		130,
		2,
		2,
		0,
	},
	[2234]=
	{
		2234,
		430970,
		1,
		4071,
		1050,
		2,
		2,
		0,
	},
	[2235]=
	{
		2235,
		430970,
		1,
		4072,
		140,
		2,
		2,
		0,
	},
	[2236]=
	{
		2236,
		430980,
		1,
		1091,
		10000,
		2,
		2,
		0,
	},
	[2237]=
	{
		2237,
		430980,
		1,
		1092,
		3200,
		2,
		2,
		0,
	},
	[2238]=
	{
		2238,
		430980,
		1,
		1093,
		378,
		2,
		2,
		0,
	},
	[2239]=
	{
		2239,
		430980,
		1,
		3071,
		10000,
		2,
		2,
		0,
	},
	[2240]=
	{
		2240,
		430980,
		1,
		3072,
		250,
		2,
		2,
		0,
	},
	[2241]=
	{
		2241,
		430980,
		1,
		2092,
		392,
		2,
		2,
		0,
	},
	[2242]=
	{
		2242,
		430980,
		1,
		2093,
		130,
		2,
		2,
		0,
	},
	[2243]=
	{
		2243,
		430980,
		1,
		4071,
		1050,
		2,
		2,
		0,
	},
	[2244]=
	{
		2244,
		430980,
		1,
		4072,
		140,
		2,
		2,
		0,
	},
	[2245]=
	{
		2245,
		430990,
		1,
		1091,
		10000,
		2,
		2,
		0,
	},
	[2246]=
	{
		2246,
		430990,
		1,
		1092,
		3200,
		2,
		2,
		0,
	},
	[2247]=
	{
		2247,
		430990,
		1,
		1093,
		378,
		2,
		2,
		0,
	},
	[2248]=
	{
		2248,
		430990,
		1,
		3071,
		10000,
		2,
		2,
		0,
	},
	[2249]=
	{
		2249,
		430990,
		1,
		3072,
		250,
		2,
		2,
		0,
	},
	[2250]=
	{
		2250,
		430990,
		1,
		2092,
		392,
		2,
		2,
		0,
	},
	[2251]=
	{
		2251,
		430990,
		1,
		2093,
		130,
		2,
		2,
		0,
	},
	[2252]=
	{
		2252,
		430990,
		1,
		4071,
		1050,
		2,
		2,
		0,
	},
	[2253]=
	{
		2253,
		430990,
		1,
		4072,
		140,
		2,
		2,
		0,
	},
	[2254]=
	{
		2254,
		431000,
		1,
		1091,
		10000,
		2,
		2,
		0,
	},
	[2255]=
	{
		2255,
		431000,
		1,
		1092,
		3200,
		2,
		2,
		0,
	},
	[2256]=
	{
		2256,
		431000,
		1,
		1093,
		378,
		2,
		2,
		0,
	},
	[2257]=
	{
		2257,
		431000,
		1,
		3071,
		10000,
		2,
		2,
		0,
	},
	[2258]=
	{
		2258,
		431000,
		1,
		3072,
		250,
		2,
		2,
		0,
	},
	[2259]=
	{
		2259,
		431000,
		1,
		2092,
		392,
		2,
		2,
		0,
	},
	[2260]=
	{
		2260,
		431000,
		1,
		2093,
		130,
		2,
		2,
		0,
	},
	[2261]=
	{
		2261,
		431000,
		1,
		4071,
		1050,
		2,
		2,
		0,
	},
	[2262]=
	{
		2262,
		431000,
		1,
		4072,
		140,
		2,
		2,
		0,
	},
	[2263]=
	{
		2263,
		450010,
		2,
		1011,
		10000,
		2,
		2,
		0,
	},
	[2264]=
	{
		2264,
		450010,
		1,
		450010,
		10000,
		2,
		2,
		0,
	},
	[2265]=
	{
		2265,
		450010,
		1,
		410011,
		10000,
		2,
		2,
		0,
	},
	[2266]=
	{
		2266,
		450020,
		2,
		1011,
		10000,
		2,
		2,
		0,
	},
	[2267]=
	{
		2267,
		450020,
		1,
		450020,
		10000,
		2,
		2,
		0,
	},
	[2268]=
	{
		2268,
		450020,
		1,
		410021,
		10000,
		2,
		2,
		0,
	},
	[2269]=
	{
		2269,
		450030,
		2,
		1021,
		10000,
		2,
		2,
		0,
	},
	[2270]=
	{
		2270,
		450030,
		1,
		450030,
		10000,
		2,
		2,
		0,
	},
	[2271]=
	{
		2271,
		450030,
		1,
		410031,
		10000,
		2,
		2,
		0,
	},
	[2272]=
	{
		2272,
		450050,
		2,
		1021,
		10000,
		2,
		2,
		0,
	},
	[2273]=
	{
		2273,
		450050,
		1,
		450050,
		10000,
		2,
		2,
		0,
	},
	[2274]=
	{
		2274,
		450050,
		1,
		410051,
		10000,
		2,
		2,
		0,
	},
	[2275]=
	{
		2275,
		500010,
		1,
		500011,
		10000,
		1,
		1,
		0,
	},
	[2276]=
	{
		2276,
		500020,
		1,
		500021,
		10000,
		2,
		1,
		0,
	},
	[2277]=
	{
		2277,
		510010,
		1,
		510011,
		10000,
		1,
		1,
		0,
	},
	[2278]=
	{
		2278,
		510020,
		1,
		510021,
		10000,
		2,
		1,
		0,
	},
	[2279]=
	{
		2279,
		510030,
		1,
		510031,
		10000,
		2,
		0,
		0,
	},
	[2280]=
	{
		2280,
		610200,
		1,
		61000,
		10000,
		2,
		0,
		0,
	},
	[2281]=
	{
		2281,
		610200,
		1,
		610201,
		10000,
		2,
		0,
		0,
	},
	[2282]=
	{
		2282,
		610200,
		2,
		101,
		2940,
		2,
		0,
		0,
	},
	[2283]=
	{
		2283,
		610200,
		2,
		102,
		1225,
		2,
		0,
		0,
	},
	[2284]=
	{
		2284,
		610200,
		1,
		7102,
		3000,
		2,
		0,
		0,
	},
	[2285]=
	{
		2285,
		610300,
		1,
		61000,
		10000,
		2,
		0,
		0,
	},
	[2286]=
	{
		2286,
		610300,
		1,
		610301,
		10000,
		2,
		0,
		0,
	},
	[2287]=
	{
		2287,
		610300,
		2,
		101,
		4200,
		2,
		0,
		0,
	},
	[2288]=
	{
		2288,
		610300,
		2,
		102,
		1750,
		2,
		0,
		0,
	},
	[2289]=
	{
		2289,
		610300,
		1,
		7102,
		3000,
		2,
		0,
		0,
	},
	[2290]=
	{
		2290,
		610400,
		1,
		61000,
		10000,
		2,
		0,
		0,
	},
	[2291]=
	{
		2291,
		610400,
		1,
		610401,
		10000,
		2,
		0,
		0,
	},
	[2292]=
	{
		2292,
		610400,
		2,
		101,
		6000,
		2,
		0,
		0,
	},
	[2293]=
	{
		2293,
		610400,
		2,
		102,
		2500,
		2,
		0,
		0,
	},
	[2294]=
	{
		2294,
		610400,
		1,
		7102,
		5300,
		2,
		0,
		0,
	},
	[2295]=
	{
		2295,
		610500,
		1,
		61000,
		10000,
		2,
		0,
		0,
	},
	[2296]=
	{
		2296,
		610500,
		1,
		610501,
		10000,
		2,
		0,
		0,
	},
	[2297]=
	{
		2297,
		610500,
		2,
		102,
		6000,
		2,
		0,
		0,
	},
	[2298]=
	{
		2298,
		610500,
		2,
		103,
		500,
		2,
		0,
		0,
	},
	[2299]=
	{
		2299,
		610500,
		1,
		7102,
		5300,
		2,
		0,
		0,
	},
	[2300]=
	{
		2300,
		610600,
		1,
		61000,
		10000,
		2,
		0,
		0,
	},
	[2301]=
	{
		2301,
		610600,
		1,
		610601,
		10000,
		2,
		0,
		0,
	},
	[2302]=
	{
		2302,
		610600,
		2,
		102,
		6000,
		2,
		0,
		0,
	},
	[2303]=
	{
		2303,
		610600,
		2,
		103,
		2500,
		2,
		0,
		0,
	},
	[2304]=
	{
		2304,
		610600,
		1,
		7102,
		5300,
		2,
		0,
		0,
	},
	[2305]=
	{
		2305,
		610600,
		1,
		7103,
		2000,
		2,
		0,
		0,
	},
	[2306]=
	{
		2306,
		610700,
		1,
		61000,
		10000,
		2,
		0,
		0,
	},
	[2307]=
	{
		2307,
		610700,
		1,
		610701,
		10000,
		2,
		0,
		0,
	},
	[2308]=
	{
		2308,
		610700,
		2,
		103,
		6000,
		2,
		0,
		0,
	},
	[2309]=
	{
		2309,
		610700,
		2,
		104,
		500,
		2,
		0,
		0,
	},
	[2310]=
	{
		2310,
		610700,
		1,
		7102,
		5300,
		2,
		0,
		0,
	},
	[2311]=
	{
		2311,
		610700,
		1,
		7103,
		2000,
		2,
		0,
		0,
	},
	[2312]=
	{
		2312,
		610800,
		1,
		61000,
		10000,
		2,
		0,
		0,
	},
	[2313]=
	{
		2313,
		610800,
		1,
		610801,
		10000,
		2,
		0,
		0,
	},
	[2314]=
	{
		2314,
		610800,
		2,
		103,
		7000,
		2,
		0,
		0,
	},
	[2315]=
	{
		2315,
		610800,
		2,
		104,
		1500,
		2,
		0,
		0,
	},
	[2316]=
	{
		2316,
		610800,
		1,
		7102,
		5300,
		2,
		0,
		0,
	},
	[2317]=
	{
		2317,
		610800,
		1,
		7103,
		2000,
		2,
		0,
		0,
	},
	[2318]=
	{
		2318,
		610900,
		1,
		61000,
		10000,
		2,
		0,
		0,
	},
	[2319]=
	{
		2319,
		610900,
		1,
		610901,
		10000,
		2,
		0,
		0,
	},
	[2320]=
	{
		2320,
		610900,
		1,
		104,
		5000,
		2,
		0,
		0,
	},
	[2321]=
	{
		2321,
		610900,
		1,
		105,
		200,
		2,
		0,
		0,
	},
	[2322]=
	{
		2322,
		610900,
		1,
		7103,
		2000,
		2,
		0,
		0,
	},
	[2323]=
	{
		2323,
		610900,
		1,
		7104,
		500,
		2,
		0,
		0,
	},
	[2324]=
	{
		2324,
		620200,
		1,
		62000,
		10000,
		2,
		0,
		0,
	},
	[2325]=
	{
		2325,
		620200,
		1,
		620201,
		10000,
		2,
		0,
		0,
	},
	[2326]=
	{
		2326,
		620200,
		2,
		101,
		4900,
		2,
		0,
		0,
	},
	[2327]=
	{
		2327,
		620200,
		2,
		102,
		3430,
		2,
		0,
		0,
	},
	[2328]=
	{
		2328,
		620200,
		1,
		7102,
		10000,
		2,
		0,
		0,
	},
	[2329]=
	{
		2329,
		620300,
		1,
		62000,
		10000,
		2,
		0,
		0,
	},
	[2330]=
	{
		2330,
		620300,
		1,
		620301,
		10000,
		2,
		0,
		0,
	},
	[2331]=
	{
		2331,
		620300,
		2,
		101,
		7000,
		2,
		0,
		0,
	},
	[2332]=
	{
		2332,
		620300,
		2,
		102,
		4900,
		2,
		0,
		0,
	},
	[2333]=
	{
		2333,
		620300,
		1,
		7102,
		10000,
		2,
		0,
		0,
	},
	[2334]=
	{
		2334,
		620400,
		1,
		62000,
		10000,
		2,
		0,
		0,
	},
	[2335]=
	{
		2335,
		620400,
		1,
		620401,
		10000,
		2,
		0,
		0,
	},
	[2336]=
	{
		2336,
		620400,
		2,
		101,
		10000,
		2,
		0,
		0,
	},
	[2337]=
	{
		2337,
		620400,
		2,
		102,
		7000,
		2,
		0,
		0,
	},
	[2338]=
	{
		2338,
		620400,
		1,
		7102,
		10000,
		2,
		0,
		0,
	},
	[2339]=
	{
		2339,
		620500,
		1,
		62000,
		10000,
		2,
		0,
		0,
	},
	[2340]=
	{
		2340,
		620500,
		1,
		620501,
		10000,
		2,
		0,
		0,
	},
	[2341]=
	{
		2341,
		620500,
		2,
		102,
		10000,
		2,
		0,
		0,
	},
	[2342]=
	{
		2342,
		620500,
		2,
		103,
		7000,
		2,
		0,
		0,
	},
	[2343]=
	{
		2343,
		620500,
		1,
		7102,
		8000,
		2,
		0,
		0,
	},
	[2344]=
	{
		2344,
		620600,
		1,
		62000,
		10000,
		2,
		0,
		0,
	},
	[2345]=
	{
		2345,
		620600,
		1,
		620601,
		10000,
		2,
		0,
		0,
	},
	[2346]=
	{
		2346,
		620600,
		2,
		102,
		10000,
		2,
		0,
		0,
	},
	[2347]=
	{
		2347,
		620600,
		2,
		103,
		7000,
		2,
		0,
		0,
	},
	[2348]=
	{
		2348,
		620600,
		1,
		7102,
		8000,
		2,
		0,
		0,
	},
	[2349]=
	{
		2349,
		620600,
		1,
		7103,
		3000,
		2,
		0,
		0,
	},
	[2350]=
	{
		2350,
		620700,
		1,
		62000,
		10000,
		2,
		0,
		0,
	},
	[2351]=
	{
		2351,
		620700,
		1,
		620701,
		10000,
		2,
		0,
		0,
	},
	[2352]=
	{
		2352,
		620700,
		2,
		103,
		10000,
		2,
		0,
		0,
	},
	[2353]=
	{
		2353,
		620700,
		2,
		104,
		2200,
		2,
		0,
		0,
	},
	[2354]=
	{
		2354,
		620700,
		1,
		7102,
		8000,
		2,
		0,
		0,
	},
	[2355]=
	{
		2355,
		620700,
		1,
		7103,
		3000,
		2,
		0,
		0,
	},
	[2356]=
	{
		2356,
		620800,
		1,
		62000,
		10000,
		2,
		0,
		0,
	},
	[2357]=
	{
		2357,
		620800,
		1,
		620801,
		10000,
		2,
		0,
		0,
	},
	[2358]=
	{
		2358,
		620800,
		2,
		103,
		10000,
		2,
		0,
		0,
	},
	[2359]=
	{
		2359,
		620800,
		2,
		104,
		5000,
		2,
		0,
		0,
	},
	[2360]=
	{
		2360,
		620800,
		1,
		7102,
		8000,
		2,
		0,
		0,
	},
	[2361]=
	{
		2361,
		620800,
		1,
		7103,
		3000,
		2,
		0,
		0,
	},
	[2362]=
	{
		2362,
		620900,
		1,
		62000,
		10000,
		2,
		0,
		0,
	},
	[2363]=
	{
		2363,
		620900,
		1,
		620901,
		10000,
		2,
		0,
		0,
	},
	[2364]=
	{
		2364,
		620900,
		1,
		104,
		10000,
		2,
		0,
		0,
	},
	[2365]=
	{
		2365,
		620900,
		1,
		105,
		1200,
		2,
		0,
		0,
	},
	[2366]=
	{
		2366,
		620900,
		1,
		7103,
		3000,
		2,
		0,
		0,
	},
	[2367]=
	{
		2367,
		620900,
		1,
		7104,
		800,
		2,
		0,
		0,
	},
	[2368]=
	{
		2368,
		630200,
		1,
		63000,
		10000,
		2,
		0,
		0,
	},
	[2369]=
	{
		2369,
		630200,
		1,
		630201,
		10000,
		2,
		0,
		0,
	},
	[2370]=
	{
		2370,
		630200,
		2,
		102,
		0,
		2,
		0,
		0,
	},
	[2371]=
	{
		2371,
		630200,
		2,
		103,
		10000,
		2,
		0,
		0,
	},
	[2372]=
	{
		2372,
		630200,
		1,
		7102,
		10000,
		2,
		0,
		0,
	},
	[2373]=
	{
		2373,
		630200,
		1,
		7103,
		10000,
		2,
		0,
		0,
	},
	[2374]=
	{
		2374,
		630300,
		1,
		63000,
		10000,
		2,
		0,
		0,
	},
	[2375]=
	{
		2375,
		630300,
		1,
		630301,
		10000,
		2,
		0,
		0,
	},
	[2376]=
	{
		2376,
		630300,
		2,
		102,
		0,
		2,
		0,
		0,
	},
	[2377]=
	{
		2377,
		630300,
		2,
		103,
		10000,
		2,
		0,
		0,
	},
	[2378]=
	{
		2378,
		630300,
		1,
		7102,
		10000,
		2,
		0,
		0,
	},
	[2379]=
	{
		2379,
		630300,
		1,
		7103,
		10000,
		2,
		0,
		0,
	},
	[2380]=
	{
		2380,
		630400,
		1,
		63000,
		10000,
		2,
		0,
		0,
	},
	[2381]=
	{
		2381,
		630400,
		1,
		630401,
		10000,
		2,
		0,
		0,
	},
	[2382]=
	{
		2382,
		630400,
		2,
		102,
		10000,
		2,
		0,
		0,
	},
	[2383]=
	{
		2383,
		630400,
		2,
		103,
		3300,
		2,
		0,
		0,
	},
	[2384]=
	{
		2384,
		630400,
		1,
		7102,
		10000,
		2,
		0,
		0,
	},
	[2385]=
	{
		2385,
		630400,
		1,
		7103,
		5000,
		2,
		0,
		0,
	},
	[2386]=
	{
		2386,
		630500,
		1,
		63000,
		10000,
		2,
		0,
		0,
	},
	[2387]=
	{
		2387,
		630500,
		1,
		630501,
		10000,
		2,
		0,
		0,
	},
	[2388]=
	{
		2388,
		630500,
		2,
		102,
		10000,
		2,
		0,
		0,
	},
	[2389]=
	{
		2389,
		630500,
		2,
		103,
		7800,
		2,
		0,
		0,
	},
	[2390]=
	{
		2390,
		630500,
		1,
		7102,
		10000,
		2,
		0,
		0,
	},
	[2391]=
	{
		2391,
		630500,
		1,
		7103,
		5000,
		2,
		0,
		0,
	},
	[2392]=
	{
		2392,
		630600,
		1,
		63000,
		10000,
		2,
		0,
		0,
	},
	[2393]=
	{
		2393,
		630600,
		1,
		630601,
		10000,
		2,
		0,
		0,
	},
	[2394]=
	{
		2394,
		630600,
		2,
		103,
		10000,
		2,
		0,
		0,
	},
	[2395]=
	{
		2395,
		630600,
		2,
		104,
		3300,
		2,
		0,
		0,
	},
	[2396]=
	{
		2396,
		630600,
		1,
		7102,
		10000,
		2,
		0,
		0,
	},
	[2397]=
	{
		2397,
		630600,
		1,
		7103,
		6000,
		2,
		0,
		0,
	},
	[2398]=
	{
		2398,
		630600,
		1,
		7104,
		1300,
		2,
		0,
		0,
	},
	[2399]=
	{
		2399,
		630700,
		1,
		63000,
		10000,
		2,
		0,
		0,
	},
	[2400]=
	{
		2400,
		630700,
		1,
		630701,
		10000,
		2,
		0,
		0,
	},
	[2401]=
	{
		2401,
		630700,
		2,
		103,
		10000,
		2,
		0,
		0,
	},
	[2402]=
	{
		2402,
		630700,
		2,
		104,
		7500,
		2,
		0,
		0,
	},
	[2403]=
	{
		2403,
		630700,
		1,
		7102,
		10000,
		2,
		0,
		0,
	},
	[2404]=
	{
		2404,
		630700,
		1,
		7103,
		6000,
		2,
		0,
		0,
	},
	[2405]=
	{
		2405,
		630700,
		1,
		7104,
		1300,
		2,
		0,
		0,
	},
	[2406]=
	{
		2406,
		630800,
		1,
		63000,
		10000,
		2,
		0,
		0,
	},
	[2407]=
	{
		2407,
		630800,
		1,
		630801,
		10000,
		2,
		0,
		0,
	},
	[2408]=
	{
		2408,
		630800,
		2,
		104,
		10000,
		2,
		0,
		0,
	},
	[2409]=
	{
		2409,
		630800,
		1,
		105,
		4500,
		2,
		0,
		0,
	},
	[2410]=
	{
		2410,
		630800,
		1,
		7102,
		10000,
		2,
		0,
		0,
	},
	[2411]=
	{
		2411,
		630800,
		1,
		7103,
		6000,
		2,
		0,
		0,
	},
	[2412]=
	{
		2412,
		630800,
		1,
		7104,
		1300,
		2,
		0,
		0,
	},
	[2413]=
	{
		2413,
		630900,
		1,
		63000,
		10000,
		2,
		0,
		0,
	},
	[2414]=
	{
		2414,
		630900,
		1,
		630901,
		10000,
		2,
		0,
		0,
	},
	[2415]=
	{
		2415,
		630900,
		1,
		105,
		10000,
		2,
		0,
		0,
	},
	[2416]=
	{
		2416,
		630900,
		1,
		106,
		3000,
		2,
		0,
		0,
	},
	[2417]=
	{
		2417,
		630900,
		1,
		7103,
		6000,
		2,
		0,
		0,
	},
	[2418]=
	{
		2418,
		630900,
		1,
		7104,
		1600,
		2,
		0,
		0,
	},
	[2419]=
	{
		2419,
		630900,
		1,
		7105,
		300,
		2,
		0,
		0,
	},
	[2420]=
	{
		2420,
		640200,
		1,
		64000,
		10000,
		2,
		0,
		0,
	},
	[2421]=
	{
		2421,
		640200,
		1,
		640201,
		10000,
		2,
		0,
		0,
	},
	[2422]=
	{
		2422,
		640200,
		2,
		102,
		10000,
		2,
		0,
		0,
	},
	[2423]=
	{
		2423,
		640200,
		2,
		103,
		979.9999999999999,
		2,
		0,
		0,
	},
	[2424]=
	{
		2424,
		640200,
		1,
		7102,
		10000,
		2,
		0,
		0,
	},
	[2425]=
	{
		2425,
		640200,
		1,
		7103,
		4000,
		2,
		0,
		0,
	},
	[2426]=
	{
		2426,
		640300,
		1,
		64000,
		10000,
		2,
		0,
		0,
	},
	[2427]=
	{
		2427,
		640300,
		1,
		640301,
		10000,
		2,
		0,
		0,
	},
	[2428]=
	{
		2428,
		640300,
		2,
		102,
		10000,
		2,
		0,
		0,
	},
	[2429]=
	{
		2429,
		640300,
		2,
		103,
		1400,
		2,
		0,
		0,
	},
	[2430]=
	{
		2430,
		640300,
		1,
		7102,
		10000,
		2,
		0,
		0,
	},
	[2431]=
	{
		2431,
		640300,
		1,
		7103,
		4000,
		2,
		0,
		0,
	},
	[2432]=
	{
		2432,
		640400,
		1,
		64000,
		10000,
		2,
		0,
		0,
	},
	[2433]=
	{
		2433,
		640400,
		1,
		640401,
		10000,
		2,
		0,
		0,
	},
	[2434]=
	{
		2434,
		640400,
		2,
		102,
		10000,
		2,
		0,
		0,
	},
	[2435]=
	{
		2435,
		640400,
		2,
		103,
		2000,
		2,
		0,
		0,
	},
	[2436]=
	{
		2436,
		640400,
		1,
		7102,
		10000,
		2,
		0,
		0,
	},
	[2437]=
	{
		2437,
		640400,
		1,
		7103,
		3800,
		2,
		0,
		0,
	},
	[2438]=
	{
		2438,
		640500,
		1,
		64000,
		10000,
		2,
		0,
		0,
	},
	[2439]=
	{
		2439,
		640500,
		1,
		640501,
		10000,
		2,
		0,
		0,
	},
	[2440]=
	{
		2440,
		640500,
		2,
		102,
		10000,
		2,
		0,
		0,
	},
	[2441]=
	{
		2441,
		640500,
		2,
		103,
		6000,
		2,
		0,
		0,
	},
	[2442]=
	{
		2442,
		640500,
		1,
		7102,
		10000,
		2,
		0,
		0,
	},
	[2443]=
	{
		2443,
		640500,
		1,
		7103,
		3800,
		2,
		0,
		0,
	},
	[2444]=
	{
		2444,
		640600,
		1,
		64000,
		10000,
		2,
		0,
		0,
	},
	[2445]=
	{
		2445,
		640600,
		1,
		640601,
		10000,
		2,
		0,
		0,
	},
	[2446]=
	{
		2446,
		640600,
		2,
		103,
		10000,
		2,
		0,
		0,
	},
	[2447]=
	{
		2447,
		640600,
		2,
		104,
		2000,
		2,
		0,
		0,
	},
	[2448]=
	{
		2448,
		640600,
		1,
		7102,
		10000,
		2,
		0,
		0,
	},
	[2449]=
	{
		2449,
		640600,
		1,
		7103,
		5000,
		2,
		0,
		0,
	},
	[2450]=
	{
		2450,
		640600,
		1,
		7104,
		1000,
		2,
		0,
		0,
	},
	[2451]=
	{
		2451,
		640700,
		1,
		64000,
		10000,
		2,
		0,
		0,
	},
	[2452]=
	{
		2452,
		640700,
		1,
		640701,
		10000,
		2,
		0,
		0,
	},
	[2453]=
	{
		2453,
		640700,
		2,
		103,
		10000,
		2,
		0,
		0,
	},
	[2454]=
	{
		2454,
		640700,
		2,
		104,
		6000,
		2,
		0,
		0,
	},
	[2455]=
	{
		2455,
		640700,
		1,
		7102,
		10000,
		2,
		0,
		0,
	},
	[2456]=
	{
		2456,
		640700,
		1,
		7103,
		5000,
		2,
		0,
		0,
	},
	[2457]=
	{
		2457,
		640700,
		1,
		7104,
		1000,
		2,
		0,
		0,
	},
	[2458]=
	{
		2458,
		640800,
		1,
		64000,
		10000,
		2,
		0,
		0,
	},
	[2459]=
	{
		2459,
		640800,
		1,
		640801,
		10000,
		2,
		0,
		0,
	},
	[2460]=
	{
		2460,
		640800,
		2,
		104,
		10000,
		2,
		0,
		0,
	},
	[2461]=
	{
		2461,
		640800,
		1,
		105,
		2500,
		2,
		0,
		0,
	},
	[2462]=
	{
		2462,
		640800,
		1,
		7102,
		10000,
		2,
		0,
		0,
	},
	[2463]=
	{
		2463,
		640800,
		1,
		7103,
		5000,
		2,
		0,
		0,
	},
	[2464]=
	{
		2464,
		640800,
		1,
		7104,
		1000,
		2,
		0,
		0,
	},
	[2465]=
	{
		2465,
		640900,
		1,
		64000,
		10000,
		2,
		0,
		0,
	},
	[2466]=
	{
		2466,
		640900,
		1,
		640901,
		10000,
		2,
		0,
		0,
	},
	[2467]=
	{
		2467,
		640900,
		1,
		105,
		10000,
		2,
		0,
		0,
	},
	[2468]=
	{
		2468,
		640900,
		1,
		106,
		1600,
		2,
		0,
		0,
	},
	[2469]=
	{
		2469,
		640900,
		1,
		7103,
		5000,
		2,
		0,
		0,
	},
	[2470]=
	{
		2470,
		640900,
		1,
		7104,
		1300,
		2,
		0,
		0,
	},
	[2471]=
	{
		2471,
		640900,
		1,
		7105,
		250,
		2,
		0,
		0,
	},
	[2472]=
	{
		2472,
		650200,
		1,
		65000,
		10000,
		2,
		0,
		0,
	},
	[2473]=
	{
		2473,
		650200,
		1,
		650201,
		10000,
		2,
		0,
		0,
	},
	[2474]=
	{
		2474,
		650200,
		2,
		102,
		10000,
		2,
		0,
		0,
	},
	[2475]=
	{
		2475,
		650200,
		2,
		103,
		489.99999999999994,
		2,
		0,
		0,
	},
	[2476]=
	{
		2476,
		650200,
		1,
		7102,
		10000,
		2,
		0,
		0,
	},
	[2477]=
	{
		2477,
		650200,
		1,
		7103,
		2000,
		2,
		0,
		0,
	},
	[2478]=
	{
		2478,
		650300,
		1,
		65000,
		10000,
		2,
		0,
		0,
	},
	[2479]=
	{
		2479,
		650300,
		1,
		650301,
		10000,
		2,
		0,
		0,
	},
	[2480]=
	{
		2480,
		650300,
		2,
		102,
		10000,
		2,
		0,
		0,
	},
	[2481]=
	{
		2481,
		650300,
		2,
		103,
		700,
		2,
		0,
		0,
	},
	[2482]=
	{
		2482,
		650300,
		1,
		7102,
		10000,
		2,
		0,
		0,
	},
	[2483]=
	{
		2483,
		650300,
		1,
		7103,
		2000,
		2,
		0,
		0,
	},
	[2484]=
	{
		2484,
		650400,
		1,
		65000,
		10000,
		2,
		0,
		0,
	},
	[2485]=
	{
		2485,
		650400,
		1,
		650401,
		10000,
		2,
		0,
		0,
	},
	[2486]=
	{
		2486,
		650400,
		2,
		102,
		10000,
		2,
		0,
		0,
	},
	[2487]=
	{
		2487,
		650400,
		2,
		103,
		1000,
		2,
		0,
		0,
	},
	[2488]=
	{
		2488,
		650400,
		1,
		7102,
		10000,
		2,
		0,
		0,
	},
	[2489]=
	{
		2489,
		650400,
		1,
		7103,
		2500,
		2,
		0,
		0,
	},
	[2490]=
	{
		2490,
		650500,
		1,
		65000,
		10000,
		2,
		0,
		0,
	},
	[2491]=
	{
		2491,
		650500,
		1,
		650501,
		10000,
		2,
		0,
		0,
	},
	[2492]=
	{
		2492,
		650500,
		2,
		102,
		10000,
		2,
		0,
		0,
	},
	[2493]=
	{
		2493,
		650500,
		2,
		103,
		4000,
		2,
		0,
		0,
	},
	[2494]=
	{
		2494,
		650500,
		1,
		7102,
		10000,
		2,
		0,
		0,
	},
	[2495]=
	{
		2495,
		650500,
		1,
		7103,
		2500,
		2,
		0,
		0,
	},
	[2496]=
	{
		2496,
		650600,
		1,
		65000,
		10000,
		2,
		0,
		0,
	},
	[2497]=
	{
		2497,
		650600,
		1,
		650601,
		10000,
		2,
		0,
		0,
	},
	[2498]=
	{
		2498,
		650600,
		2,
		103,
		10000,
		2,
		0,
		0,
	},
	[2499]=
	{
		2499,
		650600,
		2,
		104,
		1000,
		2,
		0,
		0,
	},
	[2500]=
	{
		2500,
		650600,
		1,
		7102,
		10000,
		2,
		0,
		0,
	},
	[2501]=
	{
		2501,
		650600,
		1,
		7103,
		4000,
		2,
		0,
		0,
	},
	[2502]=
	{
		2502,
		650600,
		1,
		7104,
		700,
		2,
		0,
		0,
	},
	[2503]=
	{
		2503,
		650700,
		1,
		65000,
		10000,
		2,
		0,
		0,
	},
	[2504]=
	{
		2504,
		650700,
		1,
		650701,
		10000,
		2,
		0,
		0,
	},
	[2505]=
	{
		2505,
		650700,
		2,
		103,
		10000,
		2,
		0,
		0,
	},
	[2506]=
	{
		2506,
		650700,
		2,
		104,
		4000,
		2,
		0,
		0,
	},
	[2507]=
	{
		2507,
		650700,
		1,
		7102,
		10000,
		2,
		0,
		0,
	},
	[2508]=
	{
		2508,
		650700,
		1,
		7103,
		4000,
		2,
		0,
		0,
	},
	[2509]=
	{
		2509,
		650700,
		1,
		7104,
		700,
		2,
		0,
		0,
	},
	[2510]=
	{
		2510,
		650800,
		1,
		65000,
		10000,
		2,
		0,
		0,
	},
	[2511]=
	{
		2511,
		650800,
		1,
		650801,
		10000,
		2,
		0,
		0,
	},
	[2512]=
	{
		2512,
		650800,
		2,
		104,
		10000,
		2,
		0,
		0,
	},
	[2513]=
	{
		2513,
		650800,
		1,
		105,
		800,
		2,
		0,
		0,
	},
	[2514]=
	{
		2514,
		650800,
		1,
		7102,
		10000,
		2,
		0,
		0,
	},
	[2515]=
	{
		2515,
		650800,
		1,
		7103,
		4000,
		2,
		0,
		0,
	},
	[2516]=
	{
		2516,
		650800,
		1,
		7104,
		700,
		2,
		0,
		0,
	},
	[2517]=
	{
		2517,
		650900,
		1,
		65000,
		10000,
		2,
		0,
		0,
	},
	[2518]=
	{
		2518,
		650900,
		1,
		650901,
		10000,
		2,
		0,
		0,
	},
	[2519]=
	{
		2519,
		650900,
		1,
		105,
		10000,
		2,
		0,
		0,
	},
	[2520]=
	{
		2520,
		650900,
		1,
		106,
		200,
		2,
		0,
		0,
	},
	[2521]=
	{
		2521,
		650900,
		1,
		7103,
		4000,
		2,
		0,
		0,
	},
	[2522]=
	{
		2522,
		650900,
		1,
		7104,
		1100,
		2,
		0,
		0,
	},
	[2523]=
	{
		2523,
		650900,
		1,
		7105,
		200,
		2,
		0,
		0,
	},
	[2524]=
	{
		2524,
		700200,
		1,
		700001,
		10000,
		2,
		1,
		0,
	},
	[2525]=
	{
		2525,
		700200,
		1,
		700002,
		10000,
		2,
		1,
		0,
	},
	[2526]=
	{
		2526,
		700200,
		1,
		700200,
		10000,
		2,
		1,
		0,
	},
	[2527]=
	{
		2527,
		700200,
		1,
		5001,
		0,
		2,
		1,
		0,
	},
	[2528]=
	{
		2528,
		700200,
		1,
		5002,
		0,
		2,
		1,
		0,
	},
	[2529]=
	{
		2529,
		700200,
		1,
		5003,
		0,
		2,
		1,
		0,
	},
	[2530]=
	{
		2530,
		700200,
		1,
		5004,
		0,
		2,
		1,
		0,
	},
	[2531]=
	{
		2531,
		700200,
		1,
		5101,
		0,
		2,
		1,
		0,
	},
	[2532]=
	{
		2532,
		700200,
		1,
		5102,
		0,
		2,
		1,
		0,
	},
	[2533]=
	{
		2533,
		700200,
		1,
		5103,
		0,
		2,
		1,
		0,
	},
	[2534]=
	{
		2534,
		700200,
		1,
		1022,
		10000,
		2,
		1,
		0,
	},
	[2535]=
	{
		2535,
		700200,
		1,
		1023,
		10000,
		2,
		1,
		0,
	},
	[2536]=
	{
		2536,
		700300,
		1,
		700001,
		10000,
		2,
		1,
		0,
	},
	[2537]=
	{
		2537,
		700300,
		1,
		700002,
		10000,
		2,
		1,
		0,
	},
	[2538]=
	{
		2538,
		700300,
		1,
		700300,
		10000,
		2,
		1,
		0,
	},
	[2539]=
	{
		2539,
		700300,
		1,
		5001,
		0,
		2,
		1,
		0,
	},
	[2540]=
	{
		2540,
		700300,
		1,
		5002,
		0,
		2,
		1,
		0,
	},
	[2541]=
	{
		2541,
		700300,
		1,
		5003,
		0,
		2,
		1,
		0,
	},
	[2542]=
	{
		2542,
		700300,
		1,
		5004,
		0,
		2,
		1,
		0,
	},
	[2543]=
	{
		2543,
		700300,
		1,
		5101,
		0,
		2,
		1,
		0,
	},
	[2544]=
	{
		2544,
		700300,
		1,
		5102,
		0,
		2,
		1,
		0,
	},
	[2545]=
	{
		2545,
		700300,
		1,
		5103,
		0,
		2,
		1,
		0,
	},
	[2546]=
	{
		2546,
		700300,
		1,
		1032,
		10000,
		2,
		1,
		0,
	},
	[2547]=
	{
		2547,
		700300,
		1,
		1033,
		8000,
		2,
		1,
		0,
	},
	[2548]=
	{
		2548,
		700400,
		1,
		700001,
		10000,
		2,
		1,
		0,
	},
	[2549]=
	{
		2549,
		700400,
		1,
		700002,
		10000,
		2,
		1,
		0,
	},
	[2550]=
	{
		2550,
		700400,
		1,
		700400,
		10000,
		2,
		1,
		0,
	},
	[2551]=
	{
		2551,
		700400,
		1,
		700401,
		0,
		2,
		1,
		0,
	},
	[2552]=
	{
		2552,
		700400,
		1,
		5001,
		3000,
		2,
		1,
		0,
	},
	[2553]=
	{
		2553,
		700400,
		1,
		5002,
		0,
		2,
		1,
		0,
	},
	[2554]=
	{
		2554,
		700400,
		1,
		5003,
		0,
		2,
		1,
		0,
	},
	[2555]=
	{
		2555,
		700400,
		1,
		5004,
		0,
		2,
		1,
		0,
	},
	[2556]=
	{
		2556,
		700400,
		1,
		5101,
		2500,
		2,
		1,
		0,
	},
	[2557]=
	{
		2557,
		700400,
		1,
		5102,
		0,
		2,
		1,
		0,
	},
	[2558]=
	{
		2558,
		700400,
		1,
		5103,
		0,
		2,
		1,
		0,
	},
	[2559]=
	{
		2559,
		700400,
		1,
		1042,
		10000,
		2,
		1,
		0,
	},
	[2560]=
	{
		2560,
		700400,
		1,
		1043,
		6000,
		2,
		1,
		0,
	},
	[2561]=
	{
		2561,
		700500,
		1,
		700001,
		10000,
		2,
		1,
		0,
	},
	[2562]=
	{
		2562,
		700500,
		1,
		700002,
		10000,
		2,
		1,
		0,
	},
	[2563]=
	{
		2563,
		700500,
		1,
		700500,
		10000,
		2,
		1,
		0,
	},
	[2564]=
	{
		2564,
		700500,
		1,
		700501,
		10000,
		2,
		1,
		0,
	},
	[2565]=
	{
		2565,
		700500,
		1,
		5001,
		2400,
		2,
		1,
		0,
	},
	[2566]=
	{
		2566,
		700500,
		1,
		5002,
		750,
		2,
		1,
		0,
	},
	[2567]=
	{
		2567,
		700500,
		1,
		5003,
		0,
		2,
		1,
		0,
	},
	[2568]=
	{
		2568,
		700500,
		1,
		5004,
		0,
		2,
		1,
		0,
	},
	[2569]=
	{
		2569,
		700500,
		1,
		5101,
		2000,
		2,
		1,
		0,
	},
	[2570]=
	{
		2570,
		700500,
		1,
		5102,
		625,
		2,
		1,
		0,
	},
	[2571]=
	{
		2571,
		700500,
		1,
		5103,
		0,
		2,
		1,
		0,
	},
	[2572]=
	{
		2572,
		700500,
		1,
		1052,
		10000,
		2,
		1,
		0,
	},
	[2573]=
	{
		2573,
		700500,
		1,
		1053,
		5000,
		2,
		1,
		0,
	},
	[2574]=
	{
		2574,
		700600,
		1,
		700001,
		10000,
		2,
		1,
		0,
	},
	[2575]=
	{
		2575,
		700600,
		1,
		700002,
		10000,
		2,
		1,
		0,
	},
	[2576]=
	{
		2576,
		700600,
		1,
		700600,
		10000,
		2,
		1,
		0,
	},
	[2577]=
	{
		2577,
		700600,
		1,
		700601,
		10000,
		2,
		1,
		0,
	},
	[2578]=
	{
		2578,
		700600,
		1,
		5001,
		2400,
		2,
		1,
		0,
	},
	[2579]=
	{
		2579,
		700600,
		1,
		5002,
		900,
		2,
		1,
		0,
	},
	[2580]=
	{
		2580,
		700600,
		1,
		5003,
		600,
		2,
		1,
		0,
	},
	[2581]=
	{
		2581,
		700600,
		1,
		5004,
		0,
		2,
		1,
		0,
	},
	[2582]=
	{
		2582,
		700600,
		1,
		5101,
		2000,
		2,
		1,
		0,
	},
	[2583]=
	{
		2583,
		700600,
		1,
		5102,
		750,
		2,
		1,
		0,
	},
	[2584]=
	{
		2584,
		700600,
		1,
		5103,
		500,
		2,
		1,
		0,
	},
	[2585]=
	{
		2585,
		700600,
		1,
		1062,
		10000,
		2,
		1,
		0,
	},
	[2586]=
	{
		2586,
		700600,
		1,
		1063,
		4400,
		2,
		1,
		0,
	},
	[2587]=
	{
		2587,
		700700,
		1,
		700001,
		10000,
		2,
		1,
		0,
	},
	[2588]=
	{
		2588,
		700700,
		1,
		700002,
		10000,
		2,
		1,
		0,
	},
	[2589]=
	{
		2589,
		700700,
		1,
		700700,
		10000,
		2,
		1,
		0,
	},
	[2590]=
	{
		2590,
		700700,
		1,
		700701,
		10000,
		2,
		1,
		0,
	},
	[2591]=
	{
		2591,
		700700,
		1,
		5001,
		1500,
		2,
		1,
		0,
	},
	[2592]=
	{
		2592,
		700700,
		1,
		5002,
		1050,
		2,
		1,
		0,
	},
	[2593]=
	{
		2593,
		700700,
		1,
		5003,
		720,
		2,
		1,
		0,
	},
	[2594]=
	{
		2594,
		700700,
		1,
		5004,
		0,
		2,
		1,
		0,
	},
	[2595]=
	{
		2595,
		700700,
		1,
		5101,
		1250,
		2,
		1,
		0,
	},
	[2596]=
	{
		2596,
		700700,
		1,
		5102,
		875,
		2,
		1,
		0,
	},
	[2597]=
	{
		2597,
		700700,
		1,
		5103,
		600,
		2,
		1,
		0,
	},
	[2598]=
	{
		2598,
		700700,
		1,
		1072,
		10000,
		2,
		1,
		0,
	},
	[2599]=
	{
		2599,
		700700,
		1,
		1073,
		3700,
		2,
		1,
		0,
	},
	[2600]=
	{
		2600,
		700800,
		1,
		700001,
		10000,
		2,
		1,
		0,
	},
	[2601]=
	{
		2601,
		700800,
		1,
		700002,
		10000,
		2,
		1,
		0,
	},
	[2602]=
	{
		2602,
		700800,
		1,
		700800,
		10000,
		2,
		1,
		0,
	},
	[2603]=
	{
		2603,
		700800,
		1,
		700801,
		10000,
		2,
		1,
		0,
	},
	[2604]=
	{
		2604,
		700800,
		1,
		5001,
		1500,
		2,
		1,
		0,
	},
	[2605]=
	{
		2605,
		700800,
		1,
		5002,
		1200,
		2,
		1,
		0,
	},
	[2606]=
	{
		2606,
		700800,
		1,
		5003,
		840,
		2,
		1,
		0,
	},
	[2607]=
	{
		2607,
		700800,
		1,
		5004,
		450,
		2,
		1,
		0,
	},
	[2608]=
	{
		2608,
		700800,
		1,
		5101,
		1250,
		2,
		1,
		0,
	},
	[2609]=
	{
		2609,
		700800,
		1,
		5102,
		1000,
		2,
		1,
		0,
	},
	[2610]=
	{
		2610,
		700800,
		1,
		5103,
		700,
		2,
		1,
		0,
	},
	[2611]=
	{
		2611,
		700800,
		1,
		1082,
		10000,
		2,
		1,
		0,
	},
	[2612]=
	{
		2612,
		700800,
		1,
		1083,
		2300,
		2,
		1,
		0,
	},
	[2613]=
	{
		2613,
		700900,
		1,
		700001,
		10000,
		2,
		1,
		0,
	},
	[2614]=
	{
		2614,
		700900,
		1,
		700002,
		10000,
		2,
		1,
		0,
	},
	[2615]=
	{
		2615,
		700900,
		1,
		700900,
		10000,
		2,
		1,
		0,
	},
	[2616]=
	{
		2616,
		700900,
		1,
		700901,
		10000,
		2,
		1,
		0,
	},
	[2617]=
	{
		2617,
		700900,
		1,
		5001,
		0,
		2,
		1,
		0,
	},
	[2618]=
	{
		2618,
		700900,
		1,
		5002,
		1350,
		2,
		1,
		0,
	},
	[2619]=
	{
		2619,
		700900,
		1,
		5003,
		960,
		2,
		1,
		0,
	},
	[2620]=
	{
		2620,
		700900,
		1,
		5004,
		540,
		2,
		1,
		0,
	},
	[2621]=
	{
		2621,
		700900,
		1,
		5101,
		0,
		2,
		1,
		0,
	},
	[2622]=
	{
		2622,
		700900,
		1,
		5102,
		1125,
		2,
		1,
		0,
	},
	[2623]=
	{
		2623,
		700900,
		1,
		5103,
		800,
		2,
		1,
		0,
	},
	[2624]=
	{
		2624,
		700900,
		1,
		1092,
		10000,
		2,
		1,
		0,
	},
	[2625]=
	{
		2625,
		700900,
		1,
		1093,
		2100,
		2,
		0,
		0,
	},
	[2626]=
	{
		2626,
		710200,
		1,
		710001,
		0,
		2,
		0,
		0,
	},
	[2627]=
	{
		2627,
		710200,
		2,
		6101,
		0,
		2,
		0,
		0,
	},
	[2628]=
	{
		2628,
		710200,
		2,
		6102,
		0,
		2,
		0,
		0,
	},
	[2629]=
	{
		2629,
		710200,
		1,
		6103,
		0,
		2,
		0,
		0,
	},
	[2630]=
	{
		2630,
		710200,
		2,
		2022,
		10000,
		2,
		0,
		0,
	},
	[2631]=
	{
		2631,
		710200,
		1,
		2023,
		10000,
		2,
		0,
		0,
	},
	[2632]=
	{
		2632,
		710200,
		1,
		710401,
		0,
		2,
		0,
		0,
	},
	[2633]=
	{
		2633,
		710200,
		1,
		710402,
		0,
		2,
		0,
		0,
	},
	[2634]=
	{
		2634,
		710200,
		1,
		710403,
		0,
		2,
		0,
		0,
	},
	[2635]=
	{
		2635,
		710300,
		1,
		710001,
		0,
		2,
		0,
		0,
	},
	[2636]=
	{
		2636,
		710300,
		2,
		6101,
		0,
		2,
		0,
		0,
	},
	[2637]=
	{
		2637,
		710300,
		2,
		6102,
		0,
		2,
		0,
		0,
	},
	[2638]=
	{
		2638,
		710300,
		1,
		6103,
		0,
		2,
		0,
		0,
	},
	[2639]=
	{
		2639,
		710300,
		2,
		2032,
		10000,
		2,
		0,
		0,
	},
	[2640]=
	{
		2640,
		710300,
		1,
		2033,
		10000,
		2,
		0,
		0,
	},
	[2641]=
	{
		2641,
		710300,
		1,
		710401,
		0,
		2,
		0,
		0,
	},
	[2642]=
	{
		2642,
		710300,
		1,
		710402,
		0,
		2,
		0,
		0,
	},
	[2643]=
	{
		2643,
		710300,
		1,
		710403,
		0,
		2,
		0,
		0,
	},
	[2644]=
	{
		2644,
		710400,
		1,
		710001,
		0,
		2,
		0,
		0,
	},
	[2645]=
	{
		2645,
		710400,
		2,
		6101,
		5000,
		2,
		0,
		0,
	},
	[2646]=
	{
		2646,
		710400,
		2,
		6102,
		0,
		2,
		0,
		0,
	},
	[2647]=
	{
		2647,
		710400,
		1,
		6103,
		0,
		2,
		0,
		0,
	},
	[2648]=
	{
		2648,
		710400,
		2,
		2042,
		10000,
		2,
		0,
		0,
	},
	[2649]=
	{
		2649,
		710400,
		1,
		2043,
		10000,
		2,
		0,
		0,
	},
	[2650]=
	{
		2650,
		710400,
		1,
		710401,
		10000,
		2,
		0,
		0,
	},
	[2651]=
	{
		2651,
		710400,
		1,
		710402,
		0,
		2,
		0,
		0,
	},
	[2652]=
	{
		2652,
		710400,
		1,
		710403,
		0,
		2,
		0,
		0,
	},
	[2653]=
	{
		2653,
		710500,
		1,
		710001,
		5000,
		2,
		0,
		0,
	},
	[2654]=
	{
		2654,
		710500,
		2,
		6101,
		5000,
		2,
		0,
		0,
	},
	[2655]=
	{
		2655,
		710500,
		2,
		6102,
		0,
		2,
		0,
		0,
	},
	[2656]=
	{
		2656,
		710500,
		1,
		6103,
		0,
		2,
		0,
		0,
	},
	[2657]=
	{
		2657,
		710500,
		2,
		2052,
		10000,
		2,
		0,
		0,
	},
	[2658]=
	{
		2658,
		710500,
		1,
		2053,
		5000,
		2,
		0,
		0,
	},
	[2659]=
	{
		2659,
		710500,
		1,
		710401,
		8500,
		2,
		0,
		0,
	},
	[2660]=
	{
		2660,
		710500,
		1,
		710402,
		0,
		2,
		0,
		0,
	},
	[2661]=
	{
		2661,
		710500,
		1,
		710403,
		0,
		2,
		0,
		0,
	},
	[2662]=
	{
		2662,
		710600,
		1,
		710001,
		5000,
		2,
		0,
		0,
	},
	[2663]=
	{
		2663,
		710600,
		2,
		6101,
		0,
		2,
		0,
		0,
	},
	[2664]=
	{
		2664,
		710600,
		2,
		6102,
		3000,
		2,
		0,
		0,
	},
	[2665]=
	{
		2665,
		710600,
		1,
		6103,
		0,
		2,
		0,
		0,
	},
	[2666]=
	{
		2666,
		710600,
		2,
		2062,
		10000,
		2,
		0,
		0,
	},
	[2667]=
	{
		2667,
		710600,
		1,
		2063,
		5000,
		2,
		0,
		0,
	},
	[2668]=
	{
		2668,
		710600,
		1,
		710401,
		0,
		2,
		0,
		0,
	},
	[2669]=
	{
		2669,
		710600,
		1,
		710402,
		6000,
		2,
		0,
		0,
	},
	[2670]=
	{
		2670,
		710600,
		1,
		710403,
		0,
		2,
		0,
		0,
	},
	[2671]=
	{
		2671,
		710700,
		1,
		710001,
		5000,
		2,
		0,
		0,
	},
	[2672]=
	{
		2672,
		710700,
		2,
		6101,
		0,
		2,
		0,
		0,
	},
	[2673]=
	{
		2673,
		710700,
		2,
		6102,
		3000,
		2,
		0,
		0,
	},
	[2674]=
	{
		2674,
		710700,
		1,
		6103,
		0,
		2,
		0,
		0,
	},
	[2675]=
	{
		2675,
		710700,
		2,
		2072,
		10000,
		2,
		0,
		0,
	},
	[2676]=
	{
		2676,
		710700,
		1,
		2073,
		5000,
		2,
		0,
		0,
	},
	[2677]=
	{
		2677,
		710700,
		1,
		710401,
		0,
		2,
		0,
		0,
	},
	[2678]=
	{
		2678,
		710700,
		1,
		710402,
		6000,
		2,
		0,
		0,
	},
	[2679]=
	{
		2679,
		710700,
		1,
		710403,
		0,
		2,
		0,
		0,
	},
	[2680]=
	{
		2680,
		710800,
		1,
		710001,
		5000,
		2,
		0,
		0,
	},
	[2681]=
	{
		2681,
		710800,
		2,
		6101,
		0,
		2,
		0,
		0,
	},
	[2682]=
	{
		2682,
		710800,
		2,
		6102,
		0,
		2,
		0,
		0,
	},
	[2683]=
	{
		2683,
		710800,
		1,
		6103,
		2000,
		2,
		0,
		0,
	},
	[2684]=
	{
		2684,
		710800,
		2,
		2082,
		10000,
		2,
		0,
		0,
	},
	[2685]=
	{
		2685,
		710800,
		1,
		2083,
		5000,
		2,
		0,
		0,
	},
	[2686]=
	{
		2686,
		710800,
		1,
		710401,
		0,
		2,
		0,
		0,
	},
	[2687]=
	{
		2687,
		710800,
		1,
		710402,
		6000,
		2,
		0,
		0,
	},
	[2688]=
	{
		2688,
		710800,
		1,
		710403,
		0,
		2,
		0,
		0,
	},
	[2689]=
	{
		2689,
		710900,
		1,
		710001,
		5000,
		2,
		0,
		0,
	},
	[2690]=
	{
		2690,
		710900,
		2,
		6101,
		0,
		2,
		0,
		0,
	},
	[2691]=
	{
		2691,
		710900,
		2,
		6102,
		0,
		2,
		0,
		0,
	},
	[2692]=
	{
		2692,
		710900,
		1,
		6103,
		2000,
		2,
		0,
		0,
	},
	[2693]=
	{
		2693,
		710900,
		2,
		2092,
		10000,
		2,
		0,
		0,
	},
	[2694]=
	{
		2694,
		710900,
		1,
		2093,
		5000,
		2,
		0,
		0,
	},
	[2695]=
	{
		2695,
		710900,
		1,
		710401,
		0,
		2,
		0,
		0,
	},
	[2696]=
	{
		2696,
		710900,
		1,
		710402,
		6000,
		2,
		0,
		0,
	},
	[2697]=
	{
		2697,
		710900,
		1,
		710403,
		2000,
		2,
		0,
		0,
	},
	[2698]=
	{
		2698,
		5031000,
		4,
		60061,
		10000,
		0,
		0,
		0,
	},
	[2699]=
	{
		2699,
		5031000,
		1,
		60061,
		7407,
		0,
		0,
		0,
	},
	[2700]=
	{
		2700,
		5031000,
		6,
		5002002,
		10000,
		0,
		0,
		0,
	},
	[2701]=
	{
		2701,
		5031000,
		2,
		60065,
		10000,
		0,
		0,
		0,
	},
	[2702]=
	{
		2702,
		5032000,
		3,
		60061,
		10000,
		0,
		0,
		0,
	},
	[2703]=
	{
		2703,
		5032000,
		1,
		60061,
		7926,
		0,
		0,
		0,
	},
	[2704]=
	{
		2704,
		5032000,
		3,
		5002002,
		10000,
		0,
		0,
		0,
	},
	[2705]=
	{
		2705,
		5032000,
		1,
		60065,
		10000,
		0,
		0,
		0,
	},
	[2706]=
	{
		2706,
		5032000,
		1,
		60065,
		5000,
		0,
		0,
		0,
	},
	[2707]=
	{
		2707,
		5033000,
		3,
		60061,
		10000,
		0,
		0,
		0,
	},
	[2708]=
	{
		2708,
		5033000,
		1,
		60061,
		7926,
		0,
		0,
		0,
	},
	[2709]=
	{
		2709,
		5033000,
		1,
		5002002,
		10000,
		0,
		0,
		0,
	},
	[2710]=
	{
		2710,
		5033000,
		1,
		60065,
		10000,
		0,
		0,
		0,
	},
	[2711]=
	{
		2711,
		5033000,
		1,
		60065,
		2000,
		0,
		0,
		0,
	},
	[2712]=
	{
		2712,
		5034000,
		2,
		60061,
		10000,
		0,
		0,
		0,
	},
	[2713]=
	{
		2713,
		5034000,
		1,
		60061,
		8444,
		0,
		0,
		0,
	},
	[2714]=
	{
		2714,
		5034000,
		1,
		60065,
		10000,
		0,
		0,
		0,
	},
	[2715]=
	{
		2715,
		5035000,
		2,
		60061,
		10000,
		0,
		0,
		0,
	},
	[2716]=
	{
		2716,
		5035000,
		1,
		60061,
		3704,
		0,
		0,
		0,
	},
	[2717]=
	{
		2717,
		5035000,
		1,
		60065,
		6000,
		0,
		0,
		0,
	},
	[2718]=
	{
		2718,
		5041000,
		1,
		60062,
		10000,
		0,
		0,
		0,
	},
	[2719]=
	{
		2719,
		5041000,
		1,
		60062,
		9012,
		0,
		0,
		0,
	},
	[2720]=
	{
		2720,
		5041000,
		6,
		5002002,
		10000,
		0,
		0,
		0,
	},
	[2721]=
	{
		2721,
		5041000,
		2,
		60066,
		10000,
		0,
		0,
		0,
	},
	[2722]=
	{
		2722,
		5041000,
		7,
		5000003,
		10000,
		0,
		0,
		0,
	},
	[2723]=
	{
		2723,
		5041000,
		1,
		5000003,
		2000,
		0,
		0,
		0,
	},
	[2724]=
	{
		2724,
		5041000,
		6,
		5010001,
		10000,
		0,
		0,
		0,
	},
	[2725]=
	{
		2725,
		5042000,
		1,
		60062,
		10000,
		0,
		0,
		0,
	},
	[2726]=
	{
		2726,
		5042000,
		1,
		60062,
		5210,
		0,
		0,
		0,
	},
	[2727]=
	{
		2727,
		5042000,
		3,
		5002002,
		10000,
		0,
		0,
		0,
	},
	[2728]=
	{
		2728,
		5042000,
		1,
		60066,
		10000,
		0,
		0,
		0,
	},
	[2729]=
	{
		2729,
		5042000,
		1,
		60066,
		5000,
		0,
		0,
		0,
	},
	[2730]=
	{
		2730,
		5042000,
		3,
		5000003,
		10000,
		0,
		0,
		0,
	},
	[2731]=
	{
		2731,
		5042000,
		1,
		5000003,
		6000,
		0,
		0,
		0,
	},
	[2732]=
	{
		2732,
		5042000,
		4,
		5010001,
		10000,
		0,
		0,
		0,
	},
	[2733]=
	{
		2733,
		5042000,
		1,
		5010001,
		8000,
		0,
		0,
		0,
	},
	[2734]=
	{
		2734,
		5043000,
		1,
		60062,
		10000,
		0,
		0,
		0,
	},
	[2735]=
	{
		2735,
		5043000,
		1,
		60062,
		5210,
		0,
		0,
		0,
	},
	[2736]=
	{
		2736,
		5043000,
		1,
		5002002,
		10000,
		0,
		0,
		0,
	},
	[2737]=
	{
		2737,
		5043000,
		1,
		60066,
		10000,
		0,
		0,
		0,
	},
	[2738]=
	{
		2738,
		5043000,
		1,
		60066,
		2000,
		0,
		0,
		0,
	},
	[2739]=
	{
		2739,
		5043000,
		3,
		5000013,
		10000,
		0,
		0,
		0,
	},
	[2740]=
	{
		2740,
		5043000,
		4,
		5010001,
		10000,
		0,
		0,
		0,
	},
	[2741]=
	{
		2741,
		5043000,
		1,
		5010001,
		8000,
		0,
		0,
		0,
	},
	[2742]=
	{
		2742,
		5044000,
		1,
		60062,
		10000,
		0,
		0,
		0,
	},
	[2743]=
	{
		2743,
		5044000,
		1,
		60062,
		1407,
		0,
		0,
		0,
	},
	[2744]=
	{
		2744,
		5044000,
		1,
		60066,
		10000,
		0,
		0,
		0,
	},
	[2745]=
	{
		2745,
		5044000,
		3,
		5000023,
		10000,
		0,
		0,
		0,
	},
	[2746]=
	{
		2746,
		5044000,
		3,
		5010001,
		10000,
		0,
		0,
		0,
	},
	[2747]=
	{
		2747,
		5044000,
		1,
		5010001,
		6000,
		0,
		0,
		0,
	},
	[2748]=
	{
		2748,
		5045000,
		1,
		60062,
		9506,
		0,
		0,
		0,
	},
	[2749]=
	{
		2749,
		5045000,
		1,
		60066,
		6000,
		0,
		0,
		0,
	},
	[2750]=
	{
		2750,
		5045000,
		2,
		5000023,
		10000,
		0,
		0,
		0,
	},
	[2751]=
	{
		2751,
		5045000,
		1,
		5000023,
		2500,
		0,
		0,
		0,
	},
	[2752]=
	{
		2752,
		5045000,
		3,
		5010001,
		10000,
		0,
		0,
		0,
	},
	[2753]=
	{
		2753,
		5051000,
		2,
		60062,
		10000,
		0,
		0,
		0,
	},
	[2754]=
	{
		2754,
		5051000,
		1,
		60062,
		3704,
		0,
		0,
		0,
	},
	[2755]=
	{
		2755,
		5051000,
		6,
		5002002,
		10000,
		0,
		0,
		0,
	},
	[2756]=
	{
		2756,
		5051000,
		2,
		60067,
		10000,
		0,
		0,
		0,
	},
	[2757]=
	{
		2757,
		5051000,
		7,
		5000003,
		10000,
		0,
		0,
		0,
	},
	[2758]=
	{
		2758,
		5051000,
		1,
		5000003,
		2000,
		0,
		0,
		0,
	},
	[2759]=
	{
		2759,
		5051000,
		6,
		5010001,
		10000,
		0,
		0,
		0,
	},
	[2760]=
	{
		2760,
		5051000,
		5,
		5010002,
		10000,
		0,
		0,
		0,
	},
	[2761]=
	{
		2761,
		5052000,
		1,
		60062,
		10000,
		0,
		0,
		0,
	},
	[2762]=
	{
		2762,
		5052000,
		1,
		60062,
		8963,
		0,
		0,
		0,
	},
	[2763]=
	{
		2763,
		5052000,
		3,
		5002002,
		10000,
		0,
		0,
		0,
	},
	[2764]=
	{
		2764,
		5052000,
		1,
		60067,
		10000,
		0,
		0,
		0,
	},
	[2765]=
	{
		2765,
		5052000,
		1,
		60067,
		5000,
		0,
		0,
		0,
	},
	[2766]=
	{
		2766,
		5052000,
		3,
		5000003,
		10000,
		0,
		0,
		0,
	},
	[2767]=
	{
		2767,
		5052000,
		1,
		5000003,
		6000,
		0,
		0,
		0,
	},
	[2768]=
	{
		2768,
		5052000,
		4,
		5010001,
		10000,
		0,
		0,
		0,
	},
	[2769]=
	{
		2769,
		5052000,
		1,
		5010001,
		8000,
		0,
		0,
		0,
	},
	[2770]=
	{
		2770,
		5052000,
		2,
		5010002,
		10000,
		0,
		0,
		0,
	},
	[2771]=
	{
		2771,
		5052000,
		1,
		5010002,
		5000,
		0,
		0,
		0,
	},
	[2772]=
	{
		2772,
		5053000,
		1,
		60062,
		10000,
		0,
		0,
		0,
	},
	[2773]=
	{
		2773,
		5053000,
		1,
		60062,
		8963,
		0,
		0,
		0,
	},
	[2774]=
	{
		2774,
		5053000,
		1,
		5002002,
		10000,
		0,
		0,
		0,
	},
	[2775]=
	{
		2775,
		5053000,
		1,
		60067,
		10000,
		0,
		0,
		0,
	},
	[2776]=
	{
		2776,
		5053000,
		1,
		60067,
		2000,
		0,
		0,
		0,
	},
	[2777]=
	{
		2777,
		5053000,
		3,
		5000013,
		10000,
		0,
		0,
		0,
	},
	[2778]=
	{
		2778,
		5053000,
		4,
		5010001,
		10000,
		0,
		0,
		0,
	},
	[2779]=
	{
		2779,
		5053000,
		1,
		5010001,
		8000,
		0,
		0,
		0,
	},
	[2780]=
	{
		2780,
		5054000,
		1,
		60062,
		10000,
		0,
		0,
		0,
	},
	[2781]=
	{
		2781,
		5054000,
		1,
		60062,
		4222,
		0,
		0,
		0,
	},
	[2782]=
	{
		2782,
		5054000,
		1,
		60067,
		10000,
		0,
		0,
		0,
	},
	[2783]=
	{
		2783,
		5054000,
		3,
		5000023,
		10000,
		0,
		0,
		0,
	},
	[2784]=
	{
		2784,
		5054000,
		3,
		5010001,
		10000,
		0,
		0,
		0,
	},
	[2785]=
	{
		2785,
		5054000,
		1,
		5010001,
		6000,
		0,
		0,
		0,
	},
	[2786]=
	{
		2786,
		5055000,
		1,
		60062,
		10000,
		0,
		0,
		0,
	},
	[2787]=
	{
		2787,
		5055000,
		1,
		60062,
		1852,
		0,
		0,
		0,
	},
	[2788]=
	{
		2788,
		5055000,
		1,
		60067,
		6000,
		0,
		0,
		0,
	},
	[2789]=
	{
		2789,
		5055000,
		2,
		5000023,
		10000,
		0,
		0,
		0,
	},
	[2790]=
	{
		2790,
		5055000,
		1,
		5000023,
		2500,
		0,
		0,
		0,
	},
	[2791]=
	{
		2791,
		5055000,
		3,
		5010001,
		10000,
		0,
		0,
		0,
	},
	[2792]=
	{
		2792,
		5061000,
		1,
		60063,
		10000,
		0,
		0,
		0,
	},
	[2793]=
	{
		2793,
		5061000,
		1,
		60063,
		9198,
		0,
		0,
		0,
	},
	[2794]=
	{
		2794,
		5061000,
		6,
		5002002,
		10000,
		0,
		0,
		0,
	},
	[2795]=
	{
		2795,
		5061000,
		2,
		60068,
		10000,
		0,
		0,
		0,
	},
	[2796]=
	{
		2796,
		5061000,
		7,
		5000003,
		10000,
		0,
		0,
		0,
	},
	[2797]=
	{
		2797,
		5061000,
		1,
		5000003,
		2000,
		0,
		0,
		0,
	},
	[2798]=
	{
		2798,
		5061000,
		2,
		5000004,
		10000,
		0,
		0,
		0,
	},
	[2799]=
	{
		2799,
		5061000,
		1,
		5000004,
		4000,
		0,
		0,
		0,
	},
	[2800]=
	{
		2800,
		5061000,
		6,
		5010001,
		10000,
		0,
		0,
		0,
	},
	[2801]=
	{
		2801,
		5061000,
		5,
		5010002,
		10000,
		0,
		0,
		0,
	},
	[2802]=
	{
		2802,
		5061000,
		3,
		5010003,
		10000,
		0,
		0,
		0,
	},
	[2803]=
	{
		2803,
		5062000,
		1,
		60063,
		10000,
		0,
		0,
		0,
	},
	[2804]=
	{
		2804,
		5062000,
		1,
		60063,
		5358,
		0,
		0,
		0,
	},
	[2805]=
	{
		2805,
		5062000,
		3,
		5002002,
		10000,
		0,
		0,
		0,
	},
	[2806]=
	{
		2806,
		5062000,
		1,
		60068,
		10000,
		0,
		0,
		0,
	},
	[2807]=
	{
		2807,
		5062000,
		1,
		60068,
		5000,
		0,
		0,
		0,
	},
	[2808]=
	{
		2808,
		5062000,
		3,
		5000003,
		10000,
		0,
		0,
		0,
	},
	[2809]=
	{
		2809,
		5062000,
		1,
		5000003,
		6000,
		0,
		0,
		0,
	},
	[2810]=
	{
		2810,
		5062000,
		1,
		5000004,
		10000,
		0,
		0,
		0,
	},
	[2811]=
	{
		2811,
		5062000,
		1,
		5000004,
		2000,
		0,
		0,
		0,
	},
	[2812]=
	{
		2812,
		5062000,
		4,
		5010001,
		10000,
		0,
		0,
		0,
	},
	[2813]=
	{
		2813,
		5062000,
		1,
		5010001,
		8000,
		0,
		0,
		0,
	},
	[2814]=
	{
		2814,
		5062000,
		4,
		5010002,
		10000,
		0,
		0,
		0,
	},
	[2815]=
	{
		2815,
		5062000,
		1,
		5010003,
		10000,
		0,
		0,
		0,
	},
	[2816]=
	{
		2816,
		5062000,
		1,
		5010003,
		5000,
		0,
		0,
		0,
	},
	[2817]=
	{
		2817,
		5063000,
		1,
		60063,
		10000,
		0,
		0,
		0,
	},
	[2818]=
	{
		2818,
		5063000,
		1,
		60063,
		5358,
		0,
		0,
		0,
	},
	[2819]=
	{
		2819,
		5063000,
		1,
		5002002,
		10000,
		0,
		0,
		0,
	},
	[2820]=
	{
		2820,
		5063000,
		1,
		60068,
		10000,
		0,
		0,
		0,
	},
	[2821]=
	{
		2821,
		5063000,
		1,
		60068,
		2000,
		0,
		0,
		0,
	},
	[2822]=
	{
		2822,
		5063000,
		3,
		5000013,
		10000,
		0,
		0,
		0,
	},
	[2823]=
	{
		2823,
		5063000,
		1,
		5000014,
		8000,
		0,
		0,
		0,
	},
	[2824]=
	{
		2824,
		5063000,
		4,
		5010001,
		10000,
		0,
		0,
		0,
	},
	[2825]=
	{
		2825,
		5063000,
		1,
		5010001,
		8000,
		0,
		0,
		0,
	},
	[2826]=
	{
		2826,
		5063000,
		4,
		5010002,
		10000,
		0,
		0,
		0,
	},
	[2827]=
	{
		2827,
		5064000,
		1,
		60063,
		10000,
		0,
		0,
		0,
	},
	[2828]=
	{
		2828,
		5064000,
		1,
		60063,
		1519,
		0,
		0,
		0,
	},
	[2829]=
	{
		2829,
		5064000,
		1,
		60068,
		10000,
		0,
		0,
		0,
	},
	[2830]=
	{
		2830,
		5064000,
		3,
		5000023,
		10000,
		0,
		0,
		0,
	},
	[2831]=
	{
		2831,
		5064000,
		1,
		5000024,
		8000,
		0,
		0,
		0,
	},
	[2832]=
	{
		2832,
		5064000,
		3,
		5010001,
		10000,
		0,
		0,
		0,
	},
	[2833]=
	{
		2833,
		5064000,
		1,
		5010001,
		6000,
		0,
		0,
		0,
	},
	[2834]=
	{
		2834,
		5064000,
		3,
		5010002,
		10000,
		0,
		0,
		0,
	},
	[2835]=
	{
		2835,
		5065000,
		1,
		60063,
		9599,
		0,
		0,
		0,
	},
	[2836]=
	{
		2836,
		5065000,
		1,
		60068,
		6000,
		0,
		0,
		0,
	},
	[2837]=
	{
		2837,
		5065000,
		2,
		5000023,
		10000,
		0,
		0,
		0,
	},
	[2838]=
	{
		2838,
		5065000,
		1,
		5000023,
		2500,
		0,
		0,
		0,
	},
	[2839]=
	{
		2839,
		5065000,
		1,
		5000024,
		6000,
		0,
		0,
		0,
	},
	[2840]=
	{
		2840,
		5065000,
		3,
		5010001,
		10000,
		0,
		0,
		0,
	},
	[2841]=
	{
		2841,
		5065000,
		2,
		5010002,
		10000,
		0,
		0,
		0,
	},
	[2842]=
	{
		2842,
		5065000,
		1,
		5010002,
		5000,
		0,
		0,
		0,
	},
	[2843]=
	{
		2843,
		5071000,
		3,
		60063,
		10000,
		0,
		0,
		0,
	},
	[2844]=
	{
		2844,
		5071000,
		1,
		60063,
		8395,
		0,
		0,
		0,
	},
	[2845]=
	{
		2845,
		5071000,
		6,
		5002002,
		10000,
		0,
		0,
		0,
	},
	[2846]=
	{
		2846,
		5071000,
		2,
		60069,
		10000,
		0,
		0,
		0,
	},
	[2847]=
	{
		2847,
		5071000,
		7,
		5000003,
		10000,
		0,
		0,
		0,
	},
	[2848]=
	{
		2848,
		5071000,
		1,
		5000003,
		2000,
		0,
		0,
		0,
	},
	[2849]=
	{
		2849,
		5071000,
		2,
		5000004,
		10000,
		0,
		0,
		0,
	},
	[2850]=
	{
		2850,
		5071000,
		1,
		5000004,
		4000,
		0,
		0,
		0,
	},
	[2851]=
	{
		2851,
		5071000,
		6,
		5010001,
		10000,
		0,
		0,
		0,
	},
	[2852]=
	{
		2852,
		5071000,
		5,
		5010002,
		10000,
		0,
		0,
		0,
	},
	[2853]=
	{
		2853,
		5071000,
		3,
		5010003,
		10000,
		0,
		0,
		0,
	},
	[2854]=
	{
		2854,
		5072000,
		3,
		60063,
		10000,
		0,
		0,
		0,
	},
	[2855]=
	{
		2855,
		5072000,
		1,
		60063,
		716,
		0,
		0,
		0,
	},
	[2856]=
	{
		2856,
		5072000,
		3,
		5002002,
		10000,
		0,
		0,
		0,
	},
	[2857]=
	{
		2857,
		5072000,
		1,
		60069,
		10000,
		0,
		0,
		0,
	},
	[2858]=
	{
		2858,
		5072000,
		1,
		60069,
		5000,
		0,
		0,
		0,
	},
	[2859]=
	{
		2859,
		5072000,
		3,
		5000003,
		10000,
		0,
		0,
		0,
	},
	[2860]=
	{
		2860,
		5072000,
		1,
		5000003,
		6000,
		0,
		0,
		0,
	},
	[2861]=
	{
		2861,
		5072000,
		1,
		5000004,
		10000,
		0,
		0,
		0,
	},
	[2862]=
	{
		2862,
		5072000,
		1,
		5000004,
		2000,
		0,
		0,
		0,
	},
	[2863]=
	{
		2863,
		5072000,
		4,
		5010001,
		10000,
		0,
		0,
		0,
	},
	[2864]=
	{
		2864,
		5072000,
		1,
		5010001,
		8000,
		0,
		0,
		0,
	},
	[2865]=
	{
		2865,
		5072000,
		4,
		5010002,
		10000,
		0,
		0,
		0,
	},
	[2866]=
	{
		2866,
		5072000,
		1,
		5010003,
		10000,
		0,
		0,
		0,
	},
	[2867]=
	{
		2867,
		5072000,
		1,
		5010003,
		5000,
		0,
		0,
		0,
	},
	[2868]=
	{
		2868,
		5073000,
		3,
		60063,
		10000,
		0,
		0,
		0,
	},
	[2869]=
	{
		2869,
		5073000,
		1,
		60063,
		716,
		0,
		0,
		0,
	},
	[2870]=
	{
		2870,
		5073000,
		1,
		5002002,
		10000,
		0,
		0,
		0,
	},
	[2871]=
	{
		2871,
		5073000,
		1,
		60069,
		10000,
		0,
		0,
		0,
	},
	[2872]=
	{
		2872,
		5073000,
		1,
		60069,
		2000,
		0,
		0,
		0,
	},
	[2873]=
	{
		2873,
		5073000,
		3,
		5000013,
		10000,
		0,
		0,
		0,
	},
	[2874]=
	{
		2874,
		5073000,
		1,
		5000014,
		8000,
		0,
		0,
		0,
	},
	[2875]=
	{
		2875,
		5073000,
		4,
		5010001,
		10000,
		0,
		0,
		0,
	},
	[2876]=
	{
		2876,
		5073000,
		1,
		5010001,
		8000,
		0,
		0,
		0,
	},
	[2877]=
	{
		2877,
		5073000,
		4,
		5010002,
		10000,
		0,
		0,
		0,
	},
	[2878]=
	{
		2878,
		5074000,
		2,
		60063,
		10000,
		0,
		0,
		0,
	},
	[2879]=
	{
		2879,
		5074000,
		1,
		60063,
		3037,
		0,
		0,
		0,
	},
	[2880]=
	{
		2880,
		5074000,
		1,
		60069,
		10000,
		0,
		0,
		0,
	},
	[2881]=
	{
		2881,
		5074000,
		3,
		5000023,
		10000,
		0,
		0,
		0,
	},
	[2882]=
	{
		2882,
		5074000,
		1,
		5000024,
		8000,
		0,
		0,
		0,
	},
	[2883]=
	{
		2883,
		5074000,
		3,
		5010001,
		10000,
		0,
		0,
		0,
	},
	[2884]=
	{
		2884,
		5074000,
		1,
		5010001,
		6000,
		0,
		0,
		0,
	},
	[2885]=
	{
		2885,
		5074000,
		3,
		5010002,
		10000,
		0,
		0,
		0,
	},
	[2886]=
	{
		2886,
		5075000,
		1,
		60063,
		10000,
		0,
		0,
		0,
	},
	[2887]=
	{
		2887,
		5075000,
		1,
		60063,
		9198,
		0,
		0,
		0,
	},
	[2888]=
	{
		2888,
		5075000,
		1,
		60069,
		6000,
		0,
		0,
		0,
	},
	[2889]=
	{
		2889,
		5075000,
		2,
		5000023,
		10000,
		0,
		0,
		0,
	},
	[2890]=
	{
		2890,
		5075000,
		1,
		5000023,
		2500,
		0,
		0,
		0,
	},
	[2891]=
	{
		2891,
		5075000,
		1,
		5000024,
		6000,
		0,
		0,
		0,
	},
	[2892]=
	{
		2892,
		5075000,
		3,
		5010001,
		10000,
		0,
		0,
		0,
	},
	[2893]=
	{
		2893,
		5075000,
		2,
		5010002,
		10000,
		0,
		0,
		0,
	},
	[2894]=
	{
		2894,
		5075000,
		1,
		5010002,
		5000,
		0,
		0,
		0,
	},
	[2895]=
	{
		2895,
		5081000,
		1,
		60064,
		10000,
		0,
		0,
		0,
	},
	[2896]=
	{
		2896,
		5081000,
		1,
		60064,
		9198,
		0,
		0,
		0,
	},
	[2897]=
	{
		2897,
		5081000,
		6,
		5002002,
		10000,
		0,
		0,
		0,
	},
	[2898]=
	{
		2898,
		5081000,
		2,
		60070,
		10000,
		0,
		0,
		0,
	},
	[2899]=
	{
		2899,
		5081000,
		7,
		5000003,
		10000,
		0,
		0,
		0,
	},
	[2900]=
	{
		2900,
		5081000,
		1,
		5000003,
		2000,
		0,
		0,
		0,
	},
	[2901]=
	{
		2901,
		5081000,
		2,
		5000004,
		10000,
		0,
		0,
		0,
	},
	[2902]=
	{
		2902,
		5081000,
		1,
		5000004,
		4000,
		0,
		0,
		0,
	},
	[2903]=
	{
		2903,
		5081000,
		6,
		5010001,
		10000,
		0,
		0,
		0,
	},
	[2904]=
	{
		2904,
		5081000,
		5,
		5010002,
		10000,
		0,
		0,
		0,
	},
	[2905]=
	{
		2905,
		5081000,
		3,
		5010003,
		10000,
		0,
		0,
		0,
	},
	[2906]=
	{
		2906,
		5081000,
		1,
		5010004,
		10000,
		0,
		0,
		0,
	},
	[2907]=
	{
		2907,
		5082000,
		1,
		60064,
		10000,
		0,
		0,
		0,
	},
	[2908]=
	{
		2908,
		5082000,
		1,
		60064,
		5358,
		0,
		0,
		0,
	},
	[2909]=
	{
		2909,
		5082000,
		3,
		5002002,
		10000,
		0,
		0,
		0,
	},
	[2910]=
	{
		2910,
		5082000,
		1,
		60070,
		10000,
		0,
		0,
		0,
	},
	[2911]=
	{
		2911,
		5082000,
		1,
		60070,
		5000,
		0,
		0,
		0,
	},
	[2912]=
	{
		2912,
		5082000,
		3,
		5000003,
		10000,
		0,
		0,
		0,
	},
	[2913]=
	{
		2913,
		5082000,
		1,
		5000003,
		6000,
		0,
		0,
		0,
	},
	[2914]=
	{
		2914,
		5082000,
		1,
		5000004,
		10000,
		0,
		0,
		0,
	},
	[2915]=
	{
		2915,
		5082000,
		1,
		5000004,
		2000,
		0,
		0,
		0,
	},
	[2916]=
	{
		2916,
		5082000,
		4,
		5010001,
		10000,
		0,
		0,
		0,
	},
	[2917]=
	{
		2917,
		5082000,
		1,
		5010001,
		8000,
		0,
		0,
		0,
	},
	[2918]=
	{
		2918,
		5082000,
		4,
		5010002,
		10000,
		0,
		0,
		0,
	},
	[2919]=
	{
		2919,
		5082000,
		2,
		5010003,
		10000,
		0,
		0,
		0,
	},
	[2920]=
	{
		2920,
		5082000,
		1,
		5010003,
		4000,
		0,
		0,
		0,
	},
	[2921]=
	{
		2921,
		5082000,
		1,
		5010004,
		5000,
		0,
		0,
		0,
	},
	[2922]=
	{
		2922,
		5083000,
		1,
		60064,
		10000,
		0,
		0,
		0,
	},
	[2923]=
	{
		2923,
		5083000,
		1,
		60064,
		5358,
		0,
		0,
		0,
	},
	[2924]=
	{
		2924,
		5083000,
		1,
		5002002,
		10000,
		0,
		0,
		0,
	},
	[2925]=
	{
		2925,
		5083000,
		1,
		60070,
		10000,
		0,
		0,
		0,
	},
	[2926]=
	{
		2926,
		5083000,
		1,
		60070,
		2000,
		0,
		0,
		0,
	},
	[2927]=
	{
		2927,
		5083000,
		3,
		5000013,
		10000,
		0,
		0,
		0,
	},
	[2928]=
	{
		2928,
		5083000,
		1,
		5000014,
		8000,
		0,
		0,
		0,
	},
	[2929]=
	{
		2929,
		5083000,
		4,
		5010001,
		10000,
		0,
		0,
		0,
	},
	[2930]=
	{
		2930,
		5083000,
		1,
		5010001,
		8000,
		0,
		0,
		0,
	},
	[2931]=
	{
		2931,
		5083000,
		4,
		5010002,
		10000,
		0,
		0,
		0,
	},
	[2932]=
	{
		2932,
		5083000,
		2,
		5010003,
		10000,
		0,
		0,
		0,
	},
	[2933]=
	{
		2933,
		5083000,
		1,
		5010003,
		4000,
		0,
		0,
		0,
	},
	[2934]=
	{
		2934,
		5084000,
		1,
		60064,
		10000,
		0,
		0,
		0,
	},
	[2935]=
	{
		2935,
		5084000,
		1,
		60064,
		1519,
		0,
		0,
		0,
	},
	[2936]=
	{
		2936,
		5084000,
		1,
		60070,
		10000,
		0,
		0,
		0,
	},
	[2937]=
	{
		2937,
		5084000,
		3,
		5000023,
		10000,
		0,
		0,
		0,
	},
	[2938]=
	{
		2938,
		5084000,
		1,
		5000024,
		8000,
		0,
		0,
		0,
	},
	[2939]=
	{
		2939,
		5084000,
		3,
		5010001,
		10000,
		0,
		0,
		0,
	},
	[2940]=
	{
		2940,
		5084000,
		1,
		5010001,
		6000,
		0,
		0,
		0,
	},
	[2941]=
	{
		2941,
		5084000,
		3,
		5010002,
		10000,
		0,
		0,
		0,
	},
	[2942]=
	{
		2942,
		5084000,
		1,
		5010003,
		10000,
		0,
		0,
		0,
	},
	[2943]=
	{
		2943,
		5084000,
		1,
		5010003,
		8000,
		0,
		0,
		0,
	},
	[2944]=
	{
		2944,
		5085000,
		1,
		60064,
		9599,
		0,
		0,
		0,
	},
	[2945]=
	{
		2945,
		5085000,
		1,
		60070,
		6000,
		0,
		0,
		0,
	},
	[2946]=
	{
		2946,
		5085000,
		2,
		5000023,
		10000,
		0,
		0,
		0,
	},
	[2947]=
	{
		2947,
		5085000,
		1,
		5000023,
		2500,
		0,
		0,
		0,
	},
	[2948]=
	{
		2948,
		5085000,
		1,
		5000024,
		6000,
		0,
		0,
		0,
	},
	[2949]=
	{
		2949,
		5085000,
		3,
		5010001,
		10000,
		0,
		0,
		0,
	},
	[2950]=
	{
		2950,
		5085000,
		2,
		5010002,
		10000,
		0,
		0,
		0,
	},
	[2951]=
	{
		2951,
		5085000,
		1,
		5010002,
		5000,
		0,
		0,
		0,
	},
	[2952]=
	{
		2952,
		5085000,
		1,
		5010003,
		10000,
		0,
		0,
		0,
	},
	[2953]=
	{
		2953,
		5085000,
		1,
		5010003,
		5000,
		0,
		0,
		0,
	},
	[2954]=
	{
		2954,
		5091000,
		1,
		60064,
		10000,
		0,
		0,
		0,
	},
	[2955]=
	{
		2955,
		5091000,
		1,
		60064,
		9198,
		0,
		0,
		0,
	},
	[2956]=
	{
		2956,
		5091000,
		6,
		5002002,
		10000,
		0,
		0,
		0,
	},
	[2957]=
	{
		2957,
		5091000,
		2,
		60071,
		10000,
		0,
		0,
		0,
	},
	[2958]=
	{
		2958,
		5091000,
		2,
		5000004,
		10000,
		0,
		0,
		0,
	},
	[2959]=
	{
		2959,
		5091000,
		1,
		5000004,
		4000,
		0,
		0,
		0,
	},
	[2960]=
	{
		2960,
		5091000,
		1,
		5000005,
		7200,
		0,
		0,
		0,
	},
	[2961]=
	{
		2961,
		5091000,
		6,
		5010001,
		10000,
		0,
		0,
		0,
	},
	[2962]=
	{
		2962,
		5091000,
		5,
		5010002,
		10000,
		0,
		0,
		0,
	},
	[2963]=
	{
		2963,
		5091000,
		3,
		5010003,
		10000,
		0,
		0,
		0,
	},
	[2964]=
	{
		2964,
		5091000,
		1,
		5010004,
		10000,
		0,
		0,
		0,
	},
	[2965]=
	{
		2965,
		5092000,
		1,
		60064,
		10000,
		0,
		0,
		0,
	},
	[2966]=
	{
		2966,
		5092000,
		1,
		60064,
		5358,
		0,
		0,
		0,
	},
	[2967]=
	{
		2967,
		5092000,
		3,
		5002002,
		10000,
		0,
		0,
		0,
	},
	[2968]=
	{
		2968,
		5092000,
		1,
		60071,
		10000,
		0,
		0,
		0,
	},
	[2969]=
	{
		2969,
		5092000,
		1,
		60071,
		5000,
		0,
		0,
		0,
	},
	[2970]=
	{
		2970,
		5092000,
		1,
		5000004,
		10000,
		0,
		0,
		0,
	},
	[2971]=
	{
		2971,
		5092000,
		1,
		5000004,
		2000,
		0,
		0,
		0,
	},
	[2972]=
	{
		2972,
		5092000,
		1,
		5000005,
		3600,
		0,
		0,
		0,
	},
	[2973]=
	{
		2973,
		5092000,
		4,
		5010001,
		10000,
		0,
		0,
		0,
	},
	[2974]=
	{
		2974,
		5092000,
		1,
		5010001,
		8000,
		0,
		0,
		0,
	},
	[2975]=
	{
		2975,
		5092000,
		4,
		5010002,
		10000,
		0,
		0,
		0,
	},
	[2976]=
	{
		2976,
		5092000,
		2,
		5010003,
		10000,
		0,
		0,
		0,
	},
	[2977]=
	{
		2977,
		5092000,
		1,
		5010003,
		4000,
		0,
		0,
		0,
	},
	[2978]=
	{
		2978,
		5092000,
		1,
		5010004,
		5000,
		0,
		0,
		0,
	},
	[2979]=
	{
		2979,
		5093000,
		1,
		60064,
		10000,
		0,
		0,
		0,
	},
	[2980]=
	{
		2980,
		5093000,
		1,
		60064,
		5358,
		0,
		0,
		0,
	},
	[2981]=
	{
		2981,
		5093000,
		1,
		5002002,
		10000,
		0,
		0,
		0,
	},
	[2982]=
	{
		2982,
		5093000,
		1,
		60071,
		10000,
		0,
		0,
		0,
	},
	[2983]=
	{
		2983,
		5093000,
		1,
		60071,
		2000,
		0,
		0,
		0,
	},
	[2984]=
	{
		2984,
		5093000,
		1,
		5000014,
		8000,
		0,
		0,
		0,
	},
	[2985]=
	{
		2985,
		5093000,
		1,
		5000015,
		2400,
		0,
		0,
		0,
	},
	[2986]=
	{
		2986,
		5093000,
		4,
		5010001,
		10000,
		0,
		0,
		0,
	},
	[2987]=
	{
		2987,
		5093000,
		1,
		5010001,
		8000,
		0,
		0,
		0,
	},
	[2988]=
	{
		2988,
		5093000,
		4,
		5010002,
		10000,
		0,
		0,
		0,
	},
	[2989]=
	{
		2989,
		5093000,
		2,
		5010003,
		10000,
		0,
		0,
		0,
	},
	[2990]=
	{
		2990,
		5093000,
		1,
		5010003,
		4000,
		0,
		0,
		0,
	},
	[2991]=
	{
		2991,
		5094000,
		1,
		60064,
		10000,
		0,
		0,
		0,
	},
	[2992]=
	{
		2992,
		5094000,
		1,
		60064,
		1519,
		0,
		0,
		0,
	},
	[2993]=
	{
		2993,
		5094000,
		1,
		60071,
		10000,
		0,
		0,
		0,
	},
	[2994]=
	{
		2994,
		5094000,
		1,
		5000024,
		8000,
		0,
		0,
		0,
	},
	[2995]=
	{
		2995,
		5094000,
		1,
		5000025,
		2400,
		0,
		0,
		0,
	},
	[2996]=
	{
		2996,
		5094000,
		3,
		5010001,
		10000,
		0,
		0,
		0,
	},
	[2997]=
	{
		2997,
		5094000,
		1,
		5010001,
		6000,
		0,
		0,
		0,
	},
	[2998]=
	{
		2998,
		5094000,
		3,
		5010002,
		10000,
		0,
		0,
		0,
	},
	[2999]=
	{
		2999,
		5094000,
		1,
		5010003,
		10000,
		0,
		0,
		0,
	},
	[3000]=
	{
		3000,
		5094000,
		1,
		5010003,
		8000,
		0,
		0,
		0,
	},
	[3001]=
	{
		3001,
		5095000,
		1,
		60064,
		9599,
		0,
		0,
		0,
	},
	[3002]=
	{
		3002,
		5095000,
		1,
		60071,
		6000,
		0,
		0,
		0,
	},
	[3003]=
	{
		3003,
		5095000,
		1,
		5000024,
		6000,
		0,
		0,
		0,
	},
	[3004]=
	{
		3004,
		5095000,
		1,
		5000025,
		1800,
		0,
		0,
		0,
	},
	[3005]=
	{
		3005,
		5095000,
		3,
		5010001,
		10000,
		0,
		0,
		0,
	},
	[3006]=
	{
		3006,
		5095000,
		2,
		5010002,
		10000,
		0,
		0,
		0,
	},
	[3007]=
	{
		3007,
		5095000,
		1,
		5010002,
		5000,
		0,
		0,
		0,
	},
	[3008]=
	{
		3008,
		5095000,
		1,
		5010003,
		10000,
		0,
		0,
		0,
	},
	[3009]=
	{
		3009,
		5095000,
		1,
		5010003,
		5000,
		0,
		0,
		0,
	},
	[3010]=
	{
		3010,
		6021100,
		1,
		60019,
		10000,
		0,
		0,
		0,
	},
	[3011]=
	{
		3011,
		6021100,
		1,
		60019,
		2000,
		0,
		0,
		0,
	},
	[3012]=
	{
		3012,
		6021100,
		1,
		60032,
		0,
		0,
		0,
		0,
	},
	[3013]=
	{
		3013,
		6021100,
		1,
		60032,
		0,
		0,
		0,
		0,
	},
	[3014]=
	{
		3014,
		6021200,
		1,
		60019,
		10000,
		0,
		0,
		0,
	},
	[3015]=
	{
		3015,
		6021200,
		1,
		60019,
		1000,
		0,
		0,
		0,
	},
	[3016]=
	{
		3016,
		6021200,
		1,
		60032,
		0,
		0,
		0,
		0,
	},
	[3017]=
	{
		3017,
		6021200,
		1,
		60032,
		0,
		0,
		0,
		0,
	},
	[3018]=
	{
		3018,
		6021300,
		1,
		60019,
		10000,
		0,
		0,
		0,
	},
	[3019]=
	{
		3019,
		6021300,
		1,
		60032,
		0,
		0,
		0,
		0,
	},
	[3020]=
	{
		3020,
		6022100,
		1,
		60019,
		10000,
		0,
		0,
		0,
	},
	[3021]=
	{
		3021,
		6022100,
		1,
		60019,
		5000,
		0,
		0,
		0,
	},
	[3022]=
	{
		3022,
		6022100,
		1,
		60022,
		0,
		0,
		0,
		0,
	},
	[3023]=
	{
		3023,
		6022100,
		1,
		60022,
		0,
		0,
		0,
		0,
	},
	[3024]=
	{
		3024,
		6022200,
		1,
		60019,
		10000,
		0,
		0,
		0,
	},
	[3025]=
	{
		3025,
		6022200,
		1,
		60019,
		4000,
		0,
		0,
		0,
	},
	[3026]=
	{
		3026,
		6022200,
		1,
		60022,
		0,
		0,
		0,
		0,
	},
	[3027]=
	{
		3027,
		6022200,
		1,
		60022,
		0,
		0,
		0,
		0,
	},
	[3028]=
	{
		3028,
		6022300,
		1,
		60019,
		10000,
		0,
		0,
		0,
	},
	[3029]=
	{
		3029,
		6022300,
		1,
		60019,
		3000,
		0,
		0,
		0,
	},
	[3030]=
	{
		3030,
		6022300,
		1,
		60022,
		0,
		0,
		0,
		0,
	},
	[3031]=
	{
		3031,
		6023100,
		2,
		60019,
		10000,
		0,
		0,
		0,
	},
	[3032]=
	{
		3032,
		6023100,
		3,
		60012,
		0,
		0,
		0,
		0,
	},
	[3033]=
	{
		3033,
		6023100,
		1,
		60012,
		0,
		0,
		0,
		0,
	},
	[3034]=
	{
		3034,
		6023200,
		1,
		60019,
		10000,
		0,
		0,
		0,
	},
	[3035]=
	{
		3035,
		6023200,
		1,
		60019,
		8000,
		0,
		0,
		0,
	},
	[3036]=
	{
		3036,
		6023200,
		2,
		60012,
		0,
		0,
		0,
		0,
	},
	[3037]=
	{
		3037,
		6023200,
		1,
		60012,
		0,
		0,
		0,
		0,
	},
	[3038]=
	{
		3038,
		6023300,
		1,
		60019,
		10000,
		0,
		0,
		0,
	},
	[3039]=
	{
		3039,
		6023300,
		1,
		60019,
		6000,
		0,
		0,
		0,
	},
	[3040]=
	{
		3040,
		6023300,
		1,
		60012,
		0,
		0,
		0,
		0,
	},
	[3041]=
	{
		3041,
		6023300,
		1,
		60012,
		0,
		0,
		0,
		0,
	},
	[3042]=
	{
		3042,
		6031100,
		1,
		60001,
		10000,
		0,
		0,
		0,
	},
	[3043]=
	{
		3043,
		6031100,
		1,
		60001,
		7778,
		0,
		0,
		0,
	},
	[3044]=
	{
		3044,
		6031100,
		1,
		60019,
		10000,
		0,
		0,
		0,
	},
	[3045]=
	{
		3045,
		6031100,
		1,
		60019,
		2000,
		0,
		0,
		0,
	},
	[3046]=
	{
		3046,
		6031200,
		1,
		60001,
		10000,
		0,
		0,
		0,
	},
	[3047]=
	{
		3047,
		6031200,
		1,
		60001,
		6296,
		0,
		0,
		0,
	},
	[3048]=
	{
		3048,
		6031200,
		1,
		60019,
		10000,
		0,
		0,
		0,
	},
	[3049]=
	{
		3049,
		6031200,
		1,
		60019,
		1000,
		0,
		0,
		0,
	},
	[3050]=
	{
		3050,
		6031300,
		1,
		60001,
		10000,
		0,
		0,
		0,
	},
	[3051]=
	{
		3051,
		6031300,
		1,
		60001,
		4815,
		0,
		0,
		0,
	},
	[3052]=
	{
		3052,
		6031300,
		1,
		60019,
		10000,
		0,
		0,
		0,
	},
	[3053]=
	{
		3053,
		6032100,
		2,
		60001,
		10000,
		0,
		0,
		0,
	},
	[3054]=
	{
		3054,
		6032100,
		1,
		60001,
		2222,
		0,
		0,
		0,
	},
	[3055]=
	{
		3055,
		6032100,
		1,
		60019,
		10000,
		0,
		0,
		0,
	},
	[3056]=
	{
		3056,
		6032100,
		1,
		60019,
		5000,
		0,
		0,
		0,
	},
	[3057]=
	{
		3057,
		6032200,
		2,
		60001,
		10000,
		0,
		0,
		0,
	},
	[3058]=
	{
		3058,
		6032200,
		1,
		60001,
		741,
		0,
		0,
		0,
	},
	[3059]=
	{
		3059,
		6032200,
		1,
		60019,
		10000,
		0,
		0,
		0,
	},
	[3060]=
	{
		3060,
		6032200,
		1,
		60019,
		4000,
		0,
		0,
		0,
	},
	[3061]=
	{
		3061,
		6032300,
		1,
		60001,
		10000,
		0,
		0,
		0,
	},
	[3062]=
	{
		3062,
		6032300,
		1,
		60001,
		9259,
		0,
		0,
		0,
	},
	[3063]=
	{
		3063,
		6032300,
		1,
		60019,
		10000,
		0,
		0,
		0,
	},
	[3064]=
	{
		3064,
		6032300,
		1,
		60019,
		3000,
		0,
		0,
		0,
	},
	[3065]=
	{
		3065,
		6033100,
		2,
		60001,
		10000,
		0,
		0,
		0,
	},
	[3066]=
	{
		3066,
		6033100,
		1,
		60001,
		9630,
		0,
		0,
		0,
	},
	[3067]=
	{
		3067,
		6033100,
		2,
		60019,
		10000,
		0,
		0,
		0,
	},
	[3068]=
	{
		3068,
		6033100,
		1,
		60005,
		10000,
		0,
		0,
		0,
	},
	[3069]=
	{
		3069,
		6033200,
		2,
		60001,
		10000,
		0,
		0,
		0,
	},
	[3070]=
	{
		3070,
		6033200,
		1,
		60001,
		6667,
		0,
		0,
		0,
	},
	[3071]=
	{
		3071,
		6033200,
		1,
		60019,
		10000,
		0,
		0,
		0,
	},
	[3072]=
	{
		3072,
		6033200,
		1,
		60019,
		8000,
		0,
		0,
		0,
	},
	[3073]=
	{
		3073,
		6033200,
		1,
		60005,
		6000,
		0,
		0,
		0,
	},
	[3074]=
	{
		3074,
		6033300,
		2,
		60001,
		10000,
		0,
		0,
		0,
	},
	[3075]=
	{
		3075,
		6033300,
		1,
		60001,
		3704,
		0,
		0,
		0,
	},
	[3076]=
	{
		3076,
		6033300,
		1,
		60019,
		10000,
		0,
		0,
		0,
	},
	[3077]=
	{
		3077,
		6033300,
		1,
		60019,
		6000,
		0,
		0,
		0,
	},
	[3078]=
	{
		3078,
		6033300,
		1,
		60005,
		5000,
		0,
		0,
		0,
	},
	[3079]=
	{
		3079,
		6041100,
		1,
		60002,
		7111,
		0,
		0,
		0,
	},
	[3080]=
	{
		3080,
		6041100,
		1,
		60019,
		10000,
		0,
		0,
		0,
	},
	[3081]=
	{
		3081,
		6041100,
		1,
		60019,
		2000,
		0,
		0,
		0,
	},
	[3082]=
	{
		3082,
		6041100,
		1,
		60006,
		6000,
		0,
		0,
		0,
	},
	[3083]=
	{
		3083,
		6041100,
		1,
		60032,
		10000,
		0,
		0,
		0,
	},
	[3084]=
	{
		3084,
		6041100,
		1,
		60032,
		5000,
		0,
		0,
		0,
	},
	[3085]=
	{
		3085,
		6041200,
		1,
		60002,
		6519,
		0,
		0,
		0,
	},
	[3086]=
	{
		3086,
		6041200,
		1,
		60019,
		10000,
		0,
		0,
		0,
	},
	[3087]=
	{
		3087,
		6041200,
		1,
		60019,
		1000,
		0,
		0,
		0,
	},
	[3088]=
	{
		3088,
		6041200,
		1,
		60006,
		5500,
		0,
		0,
		0,
	},
	[3089]=
	{
		3089,
		6041200,
		1,
		60032,
		10000,
		0,
		0,
		0,
	},
	[3090]=
	{
		3090,
		6041200,
		1,
		60032,
		2000,
		0,
		0,
		0,
	},
	[3091]=
	{
		3091,
		6041300,
		1,
		60002,
		5926,
		0,
		0,
		0,
	},
	[3092]=
	{
		3092,
		6041300,
		1,
		60019,
		10000,
		0,
		0,
		0,
	},
	[3093]=
	{
		3093,
		6041300,
		1,
		60006,
		5000,
		0,
		0,
		0,
	},
	[3094]=
	{
		3094,
		6041300,
		1,
		60032,
		9750,
		0,
		0,
		0,
	},
	[3095]=
	{
		3095,
		6042100,
		1,
		60002,
		8889,
		0,
		0,
		0,
	},
	[3096]=
	{
		3096,
		6042100,
		1,
		60019,
		10000,
		0,
		0,
		0,
	},
	[3097]=
	{
		3097,
		6042100,
		1,
		60019,
		5000,
		0,
		0,
		0,
	},
	[3098]=
	{
		3098,
		6042100,
		1,
		60006,
		7500,
		0,
		0,
		0,
	},
	[3099]=
	{
		3099,
		6042100,
		1,
		60022,
		10000,
		0,
		0,
		0,
	},
	[3100]=
	{
		3100,
		6042100,
		1,
		60022,
		5000,
		0,
		0,
		0,
	},
	[3101]=
	{
		3101,
		6042100,
		1,
		60015,
		10000,
		0,
		0,
		0,
	},
	[3102]=
	{
		3102,
		6042100,
		1,
		60015,
		2500,
		0,
		0,
		0,
	},
	[3103]=
	{
		3103,
		6042200,
		1,
		60002,
		8296,
		0,
		0,
		0,
	},
	[3104]=
	{
		3104,
		6042200,
		1,
		60019,
		10000,
		0,
		0,
		0,
	},
	[3105]=
	{
		3105,
		6042200,
		1,
		60019,
		4000,
		0,
		0,
		0,
	},
	[3106]=
	{
		3106,
		6042200,
		1,
		60006,
		7000,
		0,
		0,
		0,
	},
	[3107]=
	{
		3107,
		6042200,
		1,
		60022,
		10000,
		0,
		0,
		0,
	},
	[3108]=
	{
		3108,
		6042200,
		1,
		60022,
		2000,
		0,
		0,
		0,
	},
	[3109]=
	{
		3109,
		6042300,
		1,
		60002,
		7704,
		0,
		0,
		0,
	},
	[3110]=
	{
		3110,
		6042300,
		1,
		60019,
		10000,
		0,
		0,
		0,
	},
	[3111]=
	{
		3111,
		6042300,
		1,
		60019,
		3000,
		0,
		0,
		0,
	},
	[3112]=
	{
		3112,
		6042300,
		1,
		60006,
		6500,
		0,
		0,
		0,
	},
	[3113]=
	{
		3113,
		6042300,
		1,
		60022,
		9750,
		0,
		0,
		0,
	},
	[3114]=
	{
		3114,
		6043100,
		1,
		60002,
		10000,
		0,
		0,
		0,
	},
	[3115]=
	{
		3115,
		6043100,
		1,
		60002,
		1852,
		0,
		0,
		0,
	},
	[3116]=
	{
		3116,
		6043100,
		2,
		60019,
		10000,
		0,
		0,
		0,
	},
	[3117]=
	{
		3117,
		6043100,
		1,
		60006,
		10000,
		0,
		0,
		0,
	},
	[3118]=
	{
		3118,
		6043100,
		3,
		60012,
		10000,
		0,
		0,
		0,
	},
	[3119]=
	{
		3119,
		6043100,
		1,
		60012,
		6000,
		0,
		0,
		0,
	},
	[3120]=
	{
		3120,
		6043100,
		5,
		60015,
		10000,
		0,
		0,
		0,
	},
	[3121]=
	{
		3121,
		6043200,
		1,
		60002,
		10000,
		0,
		0,
		0,
	},
	[3122]=
	{
		3122,
		6043200,
		1,
		60002,
		667,
		0,
		0,
		0,
	},
	[3123]=
	{
		3123,
		6043200,
		1,
		60019,
		10000,
		0,
		0,
		0,
	},
	[3124]=
	{
		3124,
		6043200,
		1,
		60019,
		8000,
		0,
		0,
		0,
	},
	[3125]=
	{
		3125,
		6043200,
		1,
		60006,
		9000,
		0,
		0,
		0,
	},
	[3126]=
	{
		3126,
		6043200,
		2,
		60012,
		10000,
		0,
		0,
		0,
	},
	[3127]=
	{
		3127,
		6043200,
		1,
		60012,
		1600,
		0,
		0,
		0,
	},
	[3128]=
	{
		3128,
		6043200,
		3,
		60015,
		10000,
		0,
		0,
		0,
	},
	[3129]=
	{
		3129,
		6043200,
		1,
		60015,
		7500,
		0,
		0,
		0,
	},
	[3130]=
	{
		3130,
		6043300,
		1,
		60002,
		9481,
		0,
		0,
		0,
	},
	[3131]=
	{
		3131,
		6043300,
		1,
		60019,
		10000,
		0,
		0,
		0,
	},
	[3132]=
	{
		3132,
		6043300,
		1,
		60019,
		6000,
		0,
		0,
		0,
	},
	[3133]=
	{
		3133,
		6043300,
		1,
		60006,
		8000,
		0,
		0,
		0,
	},
	[3134]=
	{
		3134,
		6043300,
		1,
		60012,
		10000,
		0,
		0,
		0,
	},
	[3135]=
	{
		3135,
		6043300,
		1,
		60012,
		8000,
		0,
		0,
		0,
	},
	[3136]=
	{
		3136,
		6043300,
		2,
		60015,
		10000,
		0,
		0,
		0,
	},
	[3137]=
	{
		3137,
		6043300,
		1,
		60015,
		5000,
		0,
		0,
		0,
	},
	[3138]=
	{
		3138,
		6051100,
		1,
		60002,
		8889,
		0,
		0,
		0,
	},
	[3139]=
	{
		3139,
		6051100,
		1,
		60019,
		10000,
		0,
		0,
		0,
	},
	[3140]=
	{
		3140,
		6051100,
		1,
		60019,
		2000,
		0,
		0,
		0,
	},
	[3141]=
	{
		3141,
		6051100,
		1,
		60007,
		6000,
		0,
		0,
		0,
	},
	[3142]=
	{
		3142,
		6051100,
		1,
		60032,
		10000,
		0,
		0,
		0,
	},
	[3143]=
	{
		3143,
		6051100,
		1,
		60032,
		5000,
		0,
		0,
		0,
	},
	[3144]=
	{
		3144,
		6051100,
		3,
		60015,
		10000,
		0,
		0,
		0,
	},
	[3145]=
	{
		3145,
		6051200,
		1,
		60002,
		8148,
		0,
		0,
		0,
	},
	[3146]=
	{
		3146,
		6051200,
		1,
		60019,
		10000,
		0,
		0,
		0,
	},
	[3147]=
	{
		3147,
		6051200,
		1,
		60019,
		1000,
		0,
		0,
		0,
	},
	[3148]=
	{
		3148,
		6051200,
		1,
		60007,
		5500,
		0,
		0,
		0,
	},
	[3149]=
	{
		3149,
		6051200,
		1,
		60032,
		10000,
		0,
		0,
		0,
	},
	[3150]=
	{
		3150,
		6051200,
		1,
		60032,
		2000,
		0,
		0,
		0,
	},
	[3151]=
	{
		3151,
		6051200,
		2,
		60015,
		10000,
		0,
		0,
		0,
	},
	[3152]=
	{
		3152,
		6051200,
		1,
		60015,
		7500,
		0,
		0,
		0,
	},
	[3153]=
	{
		3153,
		6051300,
		1,
		60002,
		7407,
		0,
		0,
		0,
	},
	[3154]=
	{
		3154,
		6051300,
		1,
		60019,
		10000,
		0,
		0,
		0,
	},
	[3155]=
	{
		3155,
		6051300,
		1,
		60007,
		5000,
		0,
		0,
		0,
	},
	[3156]=
	{
		3156,
		6051300,
		1,
		60032,
		9750,
		0,
		0,
		0,
	},
	[3157]=
	{
		3157,
		6051300,
		2,
		60015,
		10000,
		0,
		0,
		0,
	},
	[3158]=
	{
		3158,
		6051300,
		1,
		60015,
		5000,
		0,
		0,
		0,
	},
	[3159]=
	{
		3159,
		6052100,
		1,
		60002,
		10000,
		0,
		0,
		0,
	},
	[3160]=
	{
		3160,
		6052100,
		1,
		60002,
		1111,
		0,
		0,
		0,
	},
	[3161]=
	{
		3161,
		6052100,
		1,
		60019,
		10000,
		0,
		0,
		0,
	},
	[3162]=
	{
		3162,
		6052100,
		1,
		60019,
		5000,
		0,
		0,
		0,
	},
	[3163]=
	{
		3163,
		6052100,
		1,
		60007,
		7500,
		0,
		0,
		0,
	},
	[3164]=
	{
		3164,
		6052100,
		1,
		60022,
		10000,
		0,
		0,
		0,
	},
	[3165]=
	{
		3165,
		6052100,
		1,
		60022,
		5000,
		0,
		0,
		0,
	},
	[3166]=
	{
		3166,
		6052100,
		3,
		60015,
		10000,
		0,
		0,
		0,
	},
	[3167]=
	{
		3167,
		6052100,
		1,
		60015,
		7500,
		0,
		0,
		0,
	},
	[3168]=
	{
		3168,
		6052100,
		1,
		60016,
		10000,
		0,
		0,
		0,
	},
	[3169]=
	{
		3169,
		6052200,
		1,
		60002,
		10000,
		0,
		0,
		0,
	},
	[3170]=
	{
		3170,
		6052200,
		1,
		60002,
		370,
		0,
		0,
		0,
	},
	[3171]=
	{
		3171,
		6052200,
		1,
		60019,
		10000,
		0,
		0,
		0,
	},
	[3172]=
	{
		3172,
		6052200,
		1,
		60019,
		4000,
		0,
		0,
		0,
	},
	[3173]=
	{
		3173,
		6052200,
		1,
		60007,
		7000,
		0,
		0,
		0,
	},
	[3174]=
	{
		3174,
		6052200,
		1,
		60022,
		10000,
		0,
		0,
		0,
	},
	[3175]=
	{
		3175,
		6052200,
		1,
		60022,
		2000,
		0,
		0,
		0,
	},
	[3176]=
	{
		3176,
		6052200,
		3,
		60015,
		10000,
		0,
		0,
		0,
	},
	[3177]=
	{
		3177,
		6052200,
		1,
		60015,
		5000,
		0,
		0,
		0,
	},
	[3178]=
	{
		3178,
		6052300,
		1,
		60002,
		9630,
		0,
		0,
		0,
	},
	[3179]=
	{
		3179,
		6052300,
		1,
		60019,
		10000,
		0,
		0,
		0,
	},
	[3180]=
	{
		3180,
		6052300,
		1,
		60019,
		3000,
		0,
		0,
		0,
	},
	[3181]=
	{
		3181,
		6052300,
		1,
		60007,
		6500,
		0,
		0,
		0,
	},
	[3182]=
	{
		3182,
		6052300,
		1,
		60022,
		9750,
		0,
		0,
		0,
	},
	[3183]=
	{
		3183,
		6052300,
		3,
		60015,
		10000,
		0,
		0,
		0,
	},
	[3184]=
	{
		3184,
		6052300,
		1,
		60015,
		2500,
		0,
		0,
		0,
	},
	[3185]=
	{
		3185,
		6053100,
		1,
		60002,
		10000,
		0,
		0,
		0,
	},
	[3186]=
	{
		3186,
		6053100,
		1,
		60002,
		4815,
		0,
		0,
		0,
	},
	[3187]=
	{
		3187,
		6053100,
		2,
		60019,
		10000,
		0,
		0,
		0,
	},
	[3188]=
	{
		3188,
		6053100,
		1,
		60007,
		10000,
		0,
		0,
		0,
	},
	[3189]=
	{
		3189,
		6053100,
		3,
		60012,
		10000,
		0,
		0,
		0,
	},
	[3190]=
	{
		3190,
		6053100,
		1,
		60012,
		6000,
		0,
		0,
		0,
	},
	[3191]=
	{
		3191,
		6053100,
		5,
		60015,
		10000,
		0,
		0,
		0,
	},
	[3192]=
	{
		3192,
		6053100,
		4,
		60016,
		10000,
		0,
		0,
		0,
	},
	[3193]=
	{
		3193,
		6053200,
		1,
		60002,
		10000,
		0,
		0,
		0,
	},
	[3194]=
	{
		3194,
		6053200,
		1,
		60002,
		3333,
		0,
		0,
		0,
	},
	[3195]=
	{
		3195,
		6053200,
		1,
		60019,
		10000,
		0,
		0,
		0,
	},
	[3196]=
	{
		3196,
		6053200,
		1,
		60019,
		8000,
		0,
		0,
		0,
	},
	[3197]=
	{
		3197,
		6053200,
		1,
		60007,
		9000,
		0,
		0,
		0,
	},
	[3198]=
	{
		3198,
		6053200,
		2,
		60012,
		10000,
		0,
		0,
		0,
	},
	[3199]=
	{
		3199,
		6053200,
		1,
		60012,
		1600,
		0,
		0,
		0,
	},
	[3200]=
	{
		3200,
		6053200,
		4,
		60015,
		10000,
		0,
		0,
		0,
	},
	[3201]=
	{
		3201,
		6053200,
		1,
		60015,
		5000,
		0,
		0,
		0,
	},
	[3202]=
	{
		3202,
		6053200,
		3,
		60016,
		10000,
		0,
		0,
		0,
	},
	[3203]=
	{
		3203,
		6053300,
		1,
		60002,
		10000,
		0,
		0,
		0,
	},
	[3204]=
	{
		3204,
		6053300,
		1,
		60002,
		1852,
		0,
		0,
		0,
	},
	[3205]=
	{
		3205,
		6053300,
		1,
		60019,
		10000,
		0,
		0,
		0,
	},
	[3206]=
	{
		3206,
		6053300,
		1,
		60019,
		6000,
		0,
		0,
		0,
	},
	[3207]=
	{
		3207,
		6053300,
		1,
		60007,
		8000,
		0,
		0,
		0,
	},
	[3208]=
	{
		3208,
		6053300,
		1,
		60012,
		10000,
		0,
		0,
		0,
	},
	[3209]=
	{
		3209,
		6053300,
		1,
		60012,
		8000,
		0,
		0,
		0,
	},
	[3210]=
	{
		3210,
		6053300,
		4,
		60015,
		10000,
		0,
		0,
		0,
	},
	[3211]=
	{
		3211,
		6053300,
		2,
		60016,
		10000,
		0,
		0,
		0,
	},
	[3212]=
	{
		3212,
		6061100,
		1,
		60003,
		7204,
		0,
		0,
		0,
	},
	[3213]=
	{
		3213,
		6061100,
		1,
		60019,
		10000,
		0,
		0,
		0,
	},
	[3214]=
	{
		3214,
		6061100,
		1,
		60019,
		2000,
		0,
		0,
		0,
	},
	[3215]=
	{
		3215,
		6061100,
		1,
		60008,
		6000,
		0,
		0,
		0,
	},
	[3216]=
	{
		3216,
		6061100,
		1,
		60032,
		10000,
		0,
		0,
		0,
	},
	[3217]=
	{
		3217,
		6061100,
		1,
		60032,
		5000,
		0,
		0,
		0,
	},
	[3218]=
	{
		3218,
		6061100,
		1,
		60033,
		4000,
		0,
		0,
		0,
	},
	[3219]=
	{
		3219,
		6061100,
		3,
		60015,
		10000,
		0,
		0,
		0,
	},
	[3220]=
	{
		3220,
		6061100,
		2,
		60016,
		10000,
		0,
		0,
		0,
	},
	[3221]=
	{
		3221,
		6061100,
		1,
		60016,
		4000,
		0,
		0,
		0,
	},
	[3222]=
	{
		3222,
		6061200,
		1,
		60003,
		6603,
		0,
		0,
		0,
	},
	[3223]=
	{
		3223,
		6061200,
		1,
		60019,
		10000,
		0,
		0,
		0,
	},
	[3224]=
	{
		3224,
		6061200,
		1,
		60019,
		1000,
		0,
		0,
		0,
	},
	[3225]=
	{
		3225,
		6061200,
		1,
		60008,
		5500,
		0,
		0,
		0,
	},
	[3226]=
	{
		3226,
		6061200,
		1,
		60032,
		10000,
		0,
		0,
		0,
	},
	[3227]=
	{
		3227,
		6061200,
		1,
		60032,
		2000,
		0,
		0,
		0,
	},
	[3228]=
	{
		3228,
		6061200,
		1,
		60033,
		3200,
		0,
		0,
		0,
	},
	[3229]=
	{
		3229,
		6061200,
		2,
		60015,
		10000,
		0,
		0,
		0,
	},
	[3230]=
	{
		3230,
		6061200,
		1,
		60015,
		7500,
		0,
		0,
		0,
	},
	[3231]=
	{
		3231,
		6061200,
		2,
		60016,
		10000,
		0,
		0,
		0,
	},
	[3232]=
	{
		3232,
		6061200,
		1,
		60016,
		2000,
		0,
		0,
		0,
	},
	[3233]=
	{
		3233,
		6061300,
		1,
		60003,
		6003,
		0,
		0,
		0,
	},
	[3234]=
	{
		3234,
		6061300,
		1,
		60019,
		10000,
		0,
		0,
		0,
	},
	[3235]=
	{
		3235,
		6061300,
		1,
		60008,
		5000,
		0,
		0,
		0,
	},
	[3236]=
	{
		3236,
		6061300,
		1,
		60032,
		9750,
		0,
		0,
		0,
	},
	[3237]=
	{
		3237,
		6061300,
		1,
		60033,
		2600,
		0,
		0,
		0,
	},
	[3238]=
	{
		3238,
		6061300,
		2,
		60015,
		10000,
		0,
		0,
		0,
	},
	[3239]=
	{
		3239,
		6061300,
		1,
		60015,
		5000,
		0,
		0,
		0,
	},
	[3240]=
	{
		3240,
		6061300,
		2,
		60016,
		10000,
		0,
		0,
		0,
	},
	[3241]=
	{
		3241,
		6062100,
		1,
		60003,
		9005,
		0,
		0,
		0,
	},
	[3242]=
	{
		3242,
		6062100,
		1,
		60019,
		10000,
		0,
		0,
		0,
	},
	[3243]=
	{
		3243,
		6062100,
		1,
		60019,
		5000,
		0,
		0,
		0,
	},
	[3244]=
	{
		3244,
		6062100,
		1,
		60008,
		7500,
		0,
		0,
		0,
	},
	[3245]=
	{
		3245,
		6062100,
		1,
		60022,
		10000,
		0,
		0,
		0,
	},
	[3246]=
	{
		3246,
		6062100,
		1,
		60022,
		5000,
		0,
		0,
		0,
	},
	[3247]=
	{
		3247,
		6062100,
		1,
		60023,
		4000,
		0,
		0,
		0,
	},
	[3248]=
	{
		3248,
		6062100,
		3,
		60015,
		10000,
		0,
		0,
		0,
	},
	[3249]=
	{
		3249,
		6062100,
		1,
		60015,
		7500,
		0,
		0,
		0,
	},
	[3250]=
	{
		3250,
		6062100,
		3,
		60016,
		10000,
		0,
		0,
		0,
	},
	[3251]=
	{
		3251,
		6062100,
		1,
		60017,
		6250,
		0,
		0,
		0,
	},
	[3252]=
	{
		3252,
		6062200,
		1,
		60003,
		8404,
		0,
		0,
		0,
	},
	[3253]=
	{
		3253,
		6062200,
		1,
		60019,
		10000,
		0,
		0,
		0,
	},
	[3254]=
	{
		3254,
		6062200,
		1,
		60019,
		4000,
		0,
		0,
		0,
	},
	[3255]=
	{
		3255,
		6062200,
		1,
		60008,
		7000,
		0,
		0,
		0,
	},
	[3256]=
	{
		3256,
		6062200,
		1,
		60022,
		10000,
		0,
		0,
		0,
	},
	[3257]=
	{
		3257,
		6062200,
		1,
		60022,
		2000,
		0,
		0,
		0,
	},
	[3258]=
	{
		3258,
		6062200,
		1,
		60023,
		3200,
		0,
		0,
		0,
	},
	[3259]=
	{
		3259,
		6062200,
		3,
		60015,
		10000,
		0,
		0,
		0,
	},
	[3260]=
	{
		3260,
		6062200,
		1,
		60015,
		5000,
		0,
		0,
		0,
	},
	[3261]=
	{
		3261,
		6062200,
		2,
		60016,
		10000,
		0,
		0,
		0,
	},
	[3262]=
	{
		3262,
		6062200,
		1,
		60016,
		8000,
		0,
		0,
		0,
	},
	[3263]=
	{
		3263,
		6062300,
		1,
		60003,
		7804,
		0,
		0,
		0,
	},
	[3264]=
	{
		3264,
		6062300,
		1,
		60019,
		10000,
		0,
		0,
		0,
	},
	[3265]=
	{
		3265,
		6062300,
		1,
		60019,
		3000,
		0,
		0,
		0,
	},
	[3266]=
	{
		3266,
		6062300,
		1,
		60008,
		6500,
		0,
		0,
		0,
	},
	[3267]=
	{
		3267,
		6062300,
		1,
		60022,
		9750,
		0,
		0,
		0,
	},
	[3268]=
	{
		3268,
		6062300,
		1,
		60023,
		2600,
		0,
		0,
		0,
	},
	[3269]=
	{
		3269,
		6062300,
		3,
		60015,
		10000,
		0,
		0,
		0,
	},
	[3270]=
	{
		3270,
		6062300,
		1,
		60015,
		2500,
		0,
		0,
		0,
	},
	[3271]=
	{
		3271,
		6062300,
		2,
		60016,
		10000,
		0,
		0,
		0,
	},
	[3272]=
	{
		3272,
		6062300,
		1,
		60016,
		6000,
		0,
		0,
		0,
	},
	[3273]=
	{
		3273,
		6063100,
		1,
		60003,
		10000,
		0,
		0,
		0,
	},
	[3274]=
	{
		3274,
		6063100,
		1,
		60003,
		2006,
		0,
		0,
		0,
	},
	[3275]=
	{
		3275,
		6063100,
		2,
		60019,
		10000,
		0,
		0,
		0,
	},
	[3276]=
	{
		3276,
		6063100,
		1,
		60008,
		10000,
		0,
		0,
		0,
	},
	[3277]=
	{
		3277,
		6063100,
		3,
		60012,
		10000,
		0,
		0,
		0,
	},
	[3278]=
	{
		3278,
		6063100,
		1,
		60012,
		6000,
		0,
		0,
		0,
	},
	[3279]=
	{
		3279,
		6063100,
		1,
		60013,
		10000,
		0,
		0,
		0,
	},
	[3280]=
	{
		3280,
		6063100,
		1,
		60013,
		2000,
		0,
		0,
		0,
	},
	[3281]=
	{
		3281,
		6063100,
		5,
		60015,
		10000,
		0,
		0,
		0,
	},
	[3282]=
	{
		3282,
		6063100,
		4,
		60016,
		10000,
		0,
		0,
		0,
	},
	[3283]=
	{
		3283,
		6063100,
		2,
		60017,
		10000,
		0,
		0,
		0,
	},
	[3284]=
	{
		3284,
		6063100,
		1,
		60017,
		5000,
		0,
		0,
		0,
	},
	[3285]=
	{
		3285,
		6063200,
		1,
		60003,
		10000,
		0,
		0,
		0,
	},
	[3286]=
	{
		3286,
		6063200,
		1,
		60003,
		806,
		0,
		0,
		0,
	},
	[3287]=
	{
		3287,
		6063200,
		1,
		60019,
		10000,
		0,
		0,
		0,
	},
	[3288]=
	{
		3288,
		6063200,
		1,
		60019,
		8000,
		0,
		0,
		0,
	},
	[3289]=
	{
		3289,
		6063200,
		1,
		60008,
		9000,
		0,
		0,
		0,
	},
	[3290]=
	{
		3290,
		6063200,
		2,
		60012,
		10000,
		0,
		0,
		0,
	},
	[3291]=
	{
		3291,
		6063200,
		1,
		60012,
		1600,
		0,
		0,
		0,
	},
	[3292]=
	{
		3292,
		6063200,
		1,
		60013,
		7200,
		0,
		0,
		0,
	},
	[3293]=
	{
		3293,
		6063200,
		4,
		60015,
		10000,
		0,
		0,
		0,
	},
	[3294]=
	{
		3294,
		6063200,
		1,
		60015,
		5000,
		0,
		0,
		0,
	},
	[3295]=
	{
		3295,
		6063200,
		3,
		60016,
		10000,
		0,
		0,
		0,
	},
	[3296]=
	{
		3296,
		6063200,
		1,
		60016,
		6000,
		0,
		0,
		0,
	},
	[3297]=
	{
		3297,
		6063200,
		1,
		60017,
		10000,
		0,
		0,
		0,
	},
	[3298]=
	{
		3298,
		6063200,
		1,
		60017,
		8750,
		0,
		0,
		0,
	},
	[3299]=
	{
		3299,
		6063300,
		1,
		60003,
		9605,
		0,
		0,
		0,
	},
	[3300]=
	{
		3300,
		6063300,
		1,
		60019,
		10000,
		0,
		0,
		0,
	},
	[3301]=
	{
		3301,
		6063300,
		1,
		60019,
		6000,
		0,
		0,
		0,
	},
	[3302]=
	{
		3302,
		6063300,
		1,
		60008,
		8000,
		0,
		0,
		0,
	},
	[3303]=
	{
		3303,
		6063300,
		1,
		60012,
		10000,
		0,
		0,
		0,
	},
	[3304]=
	{
		3304,
		6063300,
		1,
		60012,
		8000,
		0,
		0,
		0,
	},
	[3305]=
	{
		3305,
		6063300,
		1,
		60013,
		6000,
		0,
		0,
		0,
	},
	[3306]=
	{
		3306,
		6063300,
		4,
		60015,
		10000,
		0,
		0,
		0,
	},
	[3307]=
	{
		3307,
		6063300,
		3,
		60016,
		10000,
		0,
		0,
		0,
	},
	[3308]=
	{
		3308,
		6063300,
		1,
		60016,
		2000,
		0,
		0,
		0,
	},
	[3309]=
	{
		3309,
		6063300,
		1,
		60017,
		10000,
		0,
		0,
		0,
	},
	[3310]=
	{
		3310,
		6063300,
		1,
		60017,
		2500,
		0,
		0,
		0,
	},
	[3311]=
	{
		3311,
		6071100,
		1,
		60003,
		10000,
		0,
		0,
		0,
	},
	[3312]=
	{
		3312,
		6071100,
		1,
		60003,
		4407,
		0,
		0,
		0,
	},
	[3313]=
	{
		3313,
		6071100,
		1,
		60019,
		10000,
		0,
		0,
		0,
	},
	[3314]=
	{
		3314,
		6071100,
		1,
		60019,
		2000,
		0,
		0,
		0,
	},
	[3315]=
	{
		3315,
		6071100,
		1,
		60009,
		6000,
		0,
		0,
		0,
	},
	[3316]=
	{
		3316,
		6071100,
		1,
		60032,
		10000,
		0,
		0,
		0,
	},
	[3317]=
	{
		3317,
		6071100,
		1,
		60032,
		5000,
		0,
		0,
		0,
	},
	[3318]=
	{
		3318,
		6071100,
		1,
		60033,
		4000,
		0,
		0,
		0,
	},
	[3319]=
	{
		3319,
		6071100,
		3,
		60015,
		10000,
		0,
		0,
		0,
	},
	[3320]=
	{
		3320,
		6071100,
		2,
		60016,
		10000,
		0,
		0,
		0,
	},
	[3321]=
	{
		3321,
		6071100,
		1,
		60016,
		4000,
		0,
		0,
		0,
	},
	[3322]=
	{
		3322,
		6071200,
		1,
		60003,
		10000,
		0,
		0,
		0,
	},
	[3323]=
	{
		3323,
		6071200,
		1,
		60003,
		3207,
		0,
		0,
		0,
	},
	[3324]=
	{
		3324,
		6071200,
		1,
		60019,
		10000,
		0,
		0,
		0,
	},
	[3325]=
	{
		3325,
		6071200,
		1,
		60019,
		1000,
		0,
		0,
		0,
	},
	[3326]=
	{
		3326,
		6071200,
		1,
		60009,
		5500,
		0,
		0,
		0,
	},
	[3327]=
	{
		3327,
		6071200,
		1,
		60032,
		10000,
		0,
		0,
		0,
	},
	[3328]=
	{
		3328,
		6071200,
		1,
		60032,
		2000,
		0,
		0,
		0,
	},
	[3329]=
	{
		3329,
		6071200,
		1,
		60033,
		3200,
		0,
		0,
		0,
	},
	[3330]=
	{
		3330,
		6071200,
		2,
		60015,
		10000,
		0,
		0,
		0,
	},
	[3331]=
	{
		3331,
		6071200,
		1,
		60015,
		7500,
		0,
		0,
		0,
	},
	[3332]=
	{
		3332,
		6071200,
		2,
		60016,
		10000,
		0,
		0,
		0,
	},
	[3333]=
	{
		3333,
		6071200,
		1,
		60016,
		2000,
		0,
		0,
		0,
	},
	[3334]=
	{
		3334,
		6071300,
		1,
		60003,
		10000,
		0,
		0,
		0,
	},
	[3335]=
	{
		3335,
		6071300,
		1,
		60003,
		2006,
		0,
		0,
		0,
	},
	[3336]=
	{
		3336,
		6071300,
		1,
		60019,
		10000,
		0,
		0,
		0,
	},
	[3337]=
	{
		3337,
		6071300,
		1,
		60009,
		5000,
		0,
		0,
		0,
	},
	[3338]=
	{
		3338,
		6071300,
		1,
		60032,
		9750,
		0,
		0,
		0,
	},
	[3339]=
	{
		3339,
		6071300,
		1,
		60033,
		2600,
		0,
		0,
		0,
	},
	[3340]=
	{
		3340,
		6071300,
		2,
		60015,
		10000,
		0,
		0,
		0,
	},
	[3341]=
	{
		3341,
		6071300,
		1,
		60015,
		5000,
		0,
		0,
		0,
	},
	[3342]=
	{
		3342,
		6071300,
		2,
		60016,
		10000,
		0,
		0,
		0,
	},
	[3343]=
	{
		3343,
		6072100,
		1,
		60003,
		10000,
		0,
		0,
		0,
	},
	[3344]=
	{
		3344,
		6072100,
		1,
		60003,
		8009,
		0,
		0,
		0,
	},
	[3345]=
	{
		3345,
		6072100,
		1,
		60019,
		10000,
		0,
		0,
		0,
	},
	[3346]=
	{
		3346,
		6072100,
		1,
		60019,
		5000,
		0,
		0,
		0,
	},
	[3347]=
	{
		3347,
		6072100,
		1,
		60009,
		7500,
		0,
		0,
		0,
	},
	[3348]=
	{
		3348,
		6072100,
		1,
		60022,
		10000,
		0,
		0,
		0,
	},
	[3349]=
	{
		3349,
		6072100,
		1,
		60022,
		5000,
		0,
		0,
		0,
	},
	[3350]=
	{
		3350,
		6072100,
		1,
		60023,
		4000,
		0,
		0,
		0,
	},
	[3351]=
	{
		3351,
		6072100,
		3,
		60015,
		10000,
		0,
		0,
		0,
	},
	[3352]=
	{
		3352,
		6072100,
		1,
		60015,
		7500,
		0,
		0,
		0,
	},
	[3353]=
	{
		3353,
		6072100,
		3,
		60016,
		10000,
		0,
		0,
		0,
	},
	[3354]=
	{
		3354,
		6072100,
		1,
		60017,
		6250,
		0,
		0,
		0,
	},
	[3355]=
	{
		3355,
		6072200,
		1,
		60003,
		10000,
		0,
		0,
		0,
	},
	[3356]=
	{
		3356,
		6072200,
		1,
		60003,
		6809,
		0,
		0,
		0,
	},
	[3357]=
	{
		3357,
		6072200,
		1,
		60019,
		10000,
		0,
		0,
		0,
	},
	[3358]=
	{
		3358,
		6072200,
		1,
		60019,
		4000,
		0,
		0,
		0,
	},
	[3359]=
	{
		3359,
		6072200,
		1,
		60009,
		7000,
		0,
		0,
		0,
	},
	[3360]=
	{
		3360,
		6072200,
		1,
		60022,
		10000,
		0,
		0,
		0,
	},
	[3361]=
	{
		3361,
		6072200,
		1,
		60022,
		2000,
		0,
		0,
		0,
	},
	[3362]=
	{
		3362,
		6072200,
		1,
		60023,
		3200,
		0,
		0,
		0,
	},
	[3363]=
	{
		3363,
		6072200,
		3,
		60015,
		10000,
		0,
		0,
		0,
	},
	[3364]=
	{
		3364,
		6072200,
		1,
		60015,
		5000,
		0,
		0,
		0,
	},
	[3365]=
	{
		3365,
		6072200,
		2,
		60016,
		10000,
		0,
		0,
		0,
	},
	[3366]=
	{
		3366,
		6072200,
		1,
		60016,
		8000,
		0,
		0,
		0,
	},
	[3367]=
	{
		3367,
		6072300,
		1,
		60003,
		10000,
		0,
		0,
		0,
	},
	[3368]=
	{
		3368,
		6072300,
		1,
		60003,
		5608,
		0,
		0,
		0,
	},
	[3369]=
	{
		3369,
		6072300,
		1,
		60019,
		10000,
		0,
		0,
		0,
	},
	[3370]=
	{
		3370,
		6072300,
		1,
		60019,
		3000,
		0,
		0,
		0,
	},
	[3371]=
	{
		3371,
		6072300,
		1,
		60009,
		6500,
		0,
		0,
		0,
	},
	[3372]=
	{
		3372,
		6072300,
		1,
		60022,
		9750,
		0,
		0,
		0,
	},
	[3373]=
	{
		3373,
		6072300,
		1,
		60023,
		2600,
		0,
		0,
		0,
	},
	[3374]=
	{
		3374,
		6072300,
		3,
		60015,
		10000,
		0,
		0,
		0,
	},
	[3375]=
	{
		3375,
		6072300,
		1,
		60015,
		2500,
		0,
		0,
		0,
	},
	[3376]=
	{
		3376,
		6072300,
		2,
		60016,
		10000,
		0,
		0,
		0,
	},
	[3377]=
	{
		3377,
		6072300,
		1,
		60016,
		6000,
		0,
		0,
		0,
	},
	[3378]=
	{
		3378,
		6073100,
		2,
		60003,
		10000,
		0,
		0,
		0,
	},
	[3379]=
	{
		3379,
		6073100,
		1,
		60003,
		4012,
		0,
		0,
		0,
	},
	[3380]=
	{
		3380,
		6073100,
		2,
		60019,
		10000,
		0,
		0,
		0,
	},
	[3381]=
	{
		3381,
		6073100,
		1,
		60009,
		10000,
		0,
		0,
		0,
	},
	[3382]=
	{
		3382,
		6073100,
		3,
		60012,
		10000,
		0,
		0,
		0,
	},
	[3383]=
	{
		3383,
		6073100,
		1,
		60012,
		6000,
		0,
		0,
		0,
	},
	[3384]=
	{
		3384,
		6073100,
		1,
		60013,
		10000,
		0,
		0,
		0,
	},
	[3385]=
	{
		3385,
		6073100,
		1,
		60013,
		2000,
		0,
		0,
		0,
	},
	[3386]=
	{
		3386,
		6073100,
		5,
		60015,
		10000,
		0,
		0,
		0,
	},
	[3387]=
	{
		3387,
		6073100,
		4,
		60016,
		10000,
		0,
		0,
		0,
	},
	[3388]=
	{
		3388,
		6073100,
		2,
		60017,
		10000,
		0,
		0,
		0,
	},
	[3389]=
	{
		3389,
		6073100,
		1,
		60017,
		5000,
		0,
		0,
		0,
	},
	[3390]=
	{
		3390,
		6073200,
		2,
		60003,
		10000,
		0,
		0,
		0,
	},
	[3391]=
	{
		3391,
		6073200,
		1,
		60003,
		1611,
		0,
		0,
		0,
	},
	[3392]=
	{
		3392,
		6073200,
		1,
		60019,
		10000,
		0,
		0,
		0,
	},
	[3393]=
	{
		3393,
		6073200,
		1,
		60019,
		8000,
		0,
		0,
		0,
	},
	[3394]=
	{
		3394,
		6073200,
		1,
		60009,
		9000,
		0,
		0,
		0,
	},
	[3395]=
	{
		3395,
		6073200,
		2,
		60012,
		10000,
		0,
		0,
		0,
	},
	[3396]=
	{
		3396,
		6073200,
		1,
		60012,
		1600,
		0,
		0,
		0,
	},
	[3397]=
	{
		3397,
		6073200,
		1,
		60013,
		7200,
		0,
		0,
		0,
	},
	[3398]=
	{
		3398,
		6073200,
		4,
		60015,
		10000,
		0,
		0,
		0,
	},
	[3399]=
	{
		3399,
		6073200,
		1,
		60015,
		5000,
		0,
		0,
		0,
	},
	[3400]=
	{
		3400,
		6073200,
		3,
		60016,
		10000,
		0,
		0,
		0,
	},
	[3401]=
	{
		3401,
		6073200,
		1,
		60016,
		6000,
		0,
		0,
		0,
	},
	[3402]=
	{
		3402,
		6073200,
		1,
		60017,
		10000,
		0,
		0,
		0,
	},
	[3403]=
	{
		3403,
		6073200,
		1,
		60017,
		8750,
		0,
		0,
		0,
	},
	[3404]=
	{
		3404,
		6073300,
		1,
		60003,
		10000,
		0,
		0,
		0,
	},
	[3405]=
	{
		3405,
		6073300,
		1,
		60003,
		9210,
		0,
		0,
		0,
	},
	[3406]=
	{
		3406,
		6073300,
		1,
		60019,
		10000,
		0,
		0,
		0,
	},
	[3407]=
	{
		3407,
		6073300,
		1,
		60019,
		6000,
		0,
		0,
		0,
	},
	[3408]=
	{
		3408,
		6073300,
		1,
		60009,
		8000,
		0,
		0,
		0,
	},
	[3409]=
	{
		3409,
		6073300,
		1,
		60012,
		10000,
		0,
		0,
		0,
	},
	[3410]=
	{
		3410,
		6073300,
		1,
		60012,
		8000,
		0,
		0,
		0,
	},
	[3411]=
	{
		3411,
		6073300,
		1,
		60013,
		6000,
		0,
		0,
		0,
	},
	[3412]=
	{
		3412,
		6073300,
		4,
		60015,
		10000,
		0,
		0,
		0,
	},
	[3413]=
	{
		3413,
		6073300,
		3,
		60016,
		10000,
		0,
		0,
		0,
	},
	[3414]=
	{
		3414,
		6073300,
		1,
		60016,
		2000,
		0,
		0,
		0,
	},
	[3415]=
	{
		3415,
		6073300,
		1,
		60017,
		10000,
		0,
		0,
		0,
	},
	[3416]=
	{
		3416,
		6073300,
		1,
		60017,
		2500,
		0,
		0,
		0,
	},
	[3417]=
	{
		3417,
		6081100,
		1,
		60004,
		7204,
		0,
		0,
		0,
	},
	[3418]=
	{
		3418,
		6081100,
		1,
		60019,
		10000,
		0,
		0,
		0,
	},
	[3419]=
	{
		3419,
		6081100,
		1,
		60019,
		2000,
		0,
		0,
		0,
	},
	[3420]=
	{
		3420,
		6081100,
		1,
		60010,
		6000,
		0,
		0,
		0,
	},
	[3421]=
	{
		3421,
		6081100,
		1,
		60032,
		10000,
		0,
		0,
		0,
	},
	[3422]=
	{
		3422,
		6081100,
		1,
		60032,
		5000,
		0,
		0,
		0,
	},
	[3423]=
	{
		3423,
		6081100,
		1,
		60033,
		4000,
		0,
		0,
		0,
	},
	[3424]=
	{
		3424,
		6081100,
		3,
		60015,
		10000,
		0,
		0,
		0,
	},
	[3425]=
	{
		3425,
		6081100,
		2,
		60016,
		10000,
		0,
		0,
		0,
	},
	[3426]=
	{
		3426,
		6081100,
		1,
		60016,
		4000,
		0,
		0,
		0,
	},
	[3427]=
	{
		3427,
		6081100,
		1,
		60017,
		10000,
		0,
		0,
		0,
	},
	[3428]=
	{
		3428,
		6081100,
		1,
		60017,
		5000,
		0,
		0,
		0,
	},
	[3429]=
	{
		3429,
		6081200,
		1,
		60004,
		6603,
		0,
		0,
		0,
	},
	[3430]=
	{
		3430,
		6081200,
		1,
		60019,
		10000,
		0,
		0,
		0,
	},
	[3431]=
	{
		3431,
		6081200,
		1,
		60019,
		1000,
		0,
		0,
		0,
	},
	[3432]=
	{
		3432,
		6081200,
		1,
		60010,
		5500,
		0,
		0,
		0,
	},
	[3433]=
	{
		3433,
		6081200,
		1,
		60032,
		10000,
		0,
		0,
		0,
	},
	[3434]=
	{
		3434,
		6081200,
		1,
		60032,
		2000,
		0,
		0,
		0,
	},
	[3435]=
	{
		3435,
		6081200,
		1,
		60033,
		3200,
		0,
		0,
		0,
	},
	[3436]=
	{
		3436,
		6081200,
		2,
		60015,
		10000,
		0,
		0,
		0,
	},
	[3437]=
	{
		3437,
		6081200,
		1,
		60015,
		7500,
		0,
		0,
		0,
	},
	[3438]=
	{
		3438,
		6081200,
		2,
		60016,
		10000,
		0,
		0,
		0,
	},
	[3439]=
	{
		3439,
		6081200,
		1,
		60016,
		2000,
		0,
		0,
		0,
	},
	[3440]=
	{
		3440,
		6081200,
		1,
		60017,
		10000,
		0,
		0,
		0,
	},
	[3441]=
	{
		3441,
		6081200,
		1,
		60017,
		3750,
		0,
		0,
		0,
	},
	[3442]=
	{
		3442,
		6081300,
		1,
		60004,
		6003,
		0,
		0,
		0,
	},
	[3443]=
	{
		3443,
		6081300,
		1,
		60019,
		10000,
		0,
		0,
		0,
	},
	[3444]=
	{
		3444,
		6081300,
		1,
		60010,
		5000,
		0,
		0,
		0,
	},
	[3445]=
	{
		3445,
		6081300,
		1,
		60032,
		9750,
		0,
		0,
		0,
	},
	[3446]=
	{
		3446,
		6081300,
		1,
		60033,
		2600,
		0,
		0,
		0,
	},
	[3447]=
	{
		3447,
		6081300,
		2,
		60015,
		10000,
		0,
		0,
		0,
	},
	[3448]=
	{
		3448,
		6081300,
		1,
		60015,
		5000,
		0,
		0,
		0,
	},
	[3449]=
	{
		3449,
		6081300,
		2,
		60016,
		10000,
		0,
		0,
		0,
	},
	[3450]=
	{
		3450,
		6081300,
		1,
		60017,
		10000,
		0,
		0,
		0,
	},
	[3451]=
	{
		3451,
		6081300,
		1,
		60017,
		2500,
		0,
		0,
		0,
	},
	[3452]=
	{
		3452,
		6082100,
		1,
		60004,
		9005,
		0,
		0,
		0,
	},
	[3453]=
	{
		3453,
		6082100,
		1,
		60019,
		10000,
		0,
		0,
		0,
	},
	[3454]=
	{
		3454,
		6082100,
		1,
		60019,
		5000,
		0,
		0,
		0,
	},
	[3455]=
	{
		3455,
		6082100,
		1,
		60010,
		7500,
		0,
		0,
		0,
	},
	[3456]=
	{
		3456,
		6082100,
		1,
		60022,
		10000,
		0,
		0,
		0,
	},
	[3457]=
	{
		3457,
		6082100,
		1,
		60022,
		5000,
		0,
		0,
		0,
	},
	[3458]=
	{
		3458,
		6082100,
		1,
		60023,
		4000,
		0,
		0,
		0,
	},
	[3459]=
	{
		3459,
		6082100,
		3,
		60015,
		10000,
		0,
		0,
		0,
	},
	[3460]=
	{
		3460,
		6082100,
		1,
		60015,
		7500,
		0,
		0,
		0,
	},
	[3461]=
	{
		3461,
		6082100,
		3,
		60016,
		10000,
		0,
		0,
		0,
	},
	[3462]=
	{
		3462,
		6082100,
		1,
		60017,
		10000,
		0,
		0,
		0,
	},
	[3463]=
	{
		3463,
		6082100,
		1,
		60017,
		8750,
		0,
		0,
		0,
	},
	[3464]=
	{
		3464,
		6082100,
		1,
		60018,
		2500,
		0,
		0,
		0,
	},
	[3465]=
	{
		3465,
		6082200,
		1,
		60004,
		8404,
		0,
		0,
		0,
	},
	[3466]=
	{
		3466,
		6082200,
		1,
		60019,
		10000,
		0,
		0,
		0,
	},
	[3467]=
	{
		3467,
		6082200,
		1,
		60019,
		4000,
		0,
		0,
		0,
	},
	[3468]=
	{
		3468,
		6082200,
		1,
		60010,
		7000,
		0,
		0,
		0,
	},
	[3469]=
	{
		3469,
		6082200,
		1,
		60022,
		10000,
		0,
		0,
		0,
	},
	[3470]=
	{
		3470,
		6082200,
		1,
		60022,
		2000,
		0,
		0,
		0,
	},
	[3471]=
	{
		3471,
		6082200,
		1,
		60023,
		3200,
		0,
		0,
		0,
	},
	[3472]=
	{
		3472,
		6082200,
		3,
		60015,
		10000,
		0,
		0,
		0,
	},
	[3473]=
	{
		3473,
		6082200,
		1,
		60015,
		5000,
		0,
		0,
		0,
	},
	[3474]=
	{
		3474,
		6082200,
		2,
		60016,
		10000,
		0,
		0,
		0,
	},
	[3475]=
	{
		3475,
		6082200,
		1,
		60016,
		8000,
		0,
		0,
		0,
	},
	[3476]=
	{
		3476,
		6082200,
		1,
		60017,
		10000,
		0,
		0,
		0,
	},
	[3477]=
	{
		3477,
		6082200,
		1,
		60017,
		7500,
		0,
		0,
		0,
	},
	[3478]=
	{
		3478,
		6082300,
		1,
		60004,
		7804,
		0,
		0,
		0,
	},
	[3479]=
	{
		3479,
		6082300,
		1,
		60019,
		10000,
		0,
		0,
		0,
	},
	[3480]=
	{
		3480,
		6082300,
		1,
		60019,
		3000,
		0,
		0,
		0,
	},
	[3481]=
	{
		3481,
		6082300,
		1,
		60010,
		6500,
		0,
		0,
		0,
	},
	[3482]=
	{
		3482,
		6082300,
		1,
		60022,
		9750,
		0,
		0,
		0,
	},
	[3483]=
	{
		3483,
		6082300,
		1,
		60023,
		2600,
		0,
		0,
		0,
	},
	[3484]=
	{
		3484,
		6082300,
		3,
		60015,
		10000,
		0,
		0,
		0,
	},
	[3485]=
	{
		3485,
		6082300,
		1,
		60015,
		2500,
		0,
		0,
		0,
	},
	[3486]=
	{
		3486,
		6082300,
		2,
		60016,
		10000,
		0,
		0,
		0,
	},
	[3487]=
	{
		3487,
		6082300,
		1,
		60016,
		6000,
		0,
		0,
		0,
	},
	[3488]=
	{
		3488,
		6082300,
		1,
		60017,
		10000,
		0,
		0,
		0,
	},
	[3489]=
	{
		3489,
		6082300,
		1,
		60017,
		6250,
		0,
		0,
		0,
	},
	[3490]=
	{
		3490,
		6083100,
		1,
		60004,
		10000,
		0,
		0,
		0,
	},
	[3491]=
	{
		3491,
		6083100,
		1,
		60004,
		2006,
		0,
		0,
		0,
	},
	[3492]=
	{
		3492,
		6083100,
		2,
		60019,
		10000,
		0,
		0,
		0,
	},
	[3493]=
	{
		3493,
		6083100,
		1,
		60010,
		10000,
		0,
		0,
		0,
	},
	[3494]=
	{
		3494,
		6083100,
		3,
		60012,
		10000,
		0,
		0,
		0,
	},
	[3495]=
	{
		3495,
		6083100,
		1,
		60012,
		6000,
		0,
		0,
		0,
	},
	[3496]=
	{
		3496,
		6083100,
		1,
		60013,
		10000,
		0,
		0,
		0,
	},
	[3497]=
	{
		3497,
		6083100,
		1,
		60013,
		2000,
		0,
		0,
		0,
	},
	[3498]=
	{
		3498,
		6083100,
		5,
		60015,
		10000,
		0,
		0,
		0,
	},
	[3499]=
	{
		3499,
		6083100,
		4,
		60016,
		10000,
		0,
		0,
		0,
	},
	[3500]=
	{
		3500,
		6083100,
		2,
		60017,
		10000,
		0,
		0,
		0,
	},
	[3501]=
	{
		3501,
		6083100,
		1,
		60017,
		5000,
		0,
		0,
		0,
	},
	[3502]=
	{
		3502,
		6083100,
		1,
		60018,
		10000,
		0,
		0,
		0,
	},
	[3503]=
	{
		3503,
		6083200,
		1,
		60004,
		10000,
		0,
		0,
		0,
	},
	[3504]=
	{
		3504,
		6083200,
		1,
		60004,
		806,
		0,
		0,
		0,
	},
	[3505]=
	{
		3505,
		6083200,
		1,
		60019,
		10000,
		0,
		0,
		0,
	},
	[3506]=
	{
		3506,
		6083200,
		1,
		60019,
		8000,
		0,
		0,
		0,
	},
	[3507]=
	{
		3507,
		6083200,
		1,
		60010,
		9000,
		0,
		0,
		0,
	},
	[3508]=
	{
		3508,
		6083200,
		2,
		60012,
		10000,
		0,
		0,
		0,
	},
	[3509]=
	{
		3509,
		6083200,
		1,
		60012,
		1600,
		0,
		0,
		0,
	},
	[3510]=
	{
		3510,
		6083200,
		1,
		60013,
		7200,
		0,
		0,
		0,
	},
	[3511]=
	{
		3511,
		6083200,
		4,
		60015,
		10000,
		0,
		0,
		0,
	},
	[3512]=
	{
		3512,
		6083200,
		1,
		60015,
		5000,
		0,
		0,
		0,
	},
	[3513]=
	{
		3513,
		6083200,
		3,
		60016,
		10000,
		0,
		0,
		0,
	},
	[3514]=
	{
		3514,
		6083200,
		1,
		60016,
		6000,
		0,
		0,
		0,
	},
	[3515]=
	{
		3515,
		6083200,
		2,
		60017,
		10000,
		0,
		0,
		0,
	},
	[3516]=
	{
		3516,
		6083200,
		1,
		60017,
		2500,
		0,
		0,
		0,
	},
	[3517]=
	{
		3517,
		6083200,
		1,
		60018,
		7500,
		0,
		0,
		0,
	},
	[3518]=
	{
		3518,
		6083300,
		1,
		60004,
		9605,
		0,
		0,
		0,
	},
	[3519]=
	{
		3519,
		6083300,
		1,
		60019,
		10000,
		0,
		0,
		0,
	},
	[3520]=
	{
		3520,
		6083300,
		1,
		60019,
		6000,
		0,
		0,
		0,
	},
	[3521]=
	{
		3521,
		6083300,
		1,
		60010,
		8000,
		0,
		0,
		0,
	},
	[3522]=
	{
		3522,
		6083300,
		1,
		60012,
		10000,
		0,
		0,
		0,
	},
	[3523]=
	{
		3523,
		6083300,
		1,
		60012,
		8000,
		0,
		0,
		0,
	},
	[3524]=
	{
		3524,
		6083300,
		1,
		60013,
		6000,
		0,
		0,
		0,
	},
	[3525]=
	{
		3525,
		6083300,
		4,
		60015,
		10000,
		0,
		0,
		0,
	},
	[3526]=
	{
		3526,
		6083300,
		3,
		60016,
		10000,
		0,
		0,
		0,
	},
	[3527]=
	{
		3527,
		6083300,
		1,
		60016,
		2000,
		0,
		0,
		0,
	},
	[3528]=
	{
		3528,
		6083300,
		2,
		60017,
		10000,
		0,
		0,
		0,
	},
	[3529]=
	{
		3529,
		6083300,
		1,
		60018,
		5000,
		0,
		0,
		0,
	},
	[3530]=
	{
		3530,
		6091100,
		1,
		60004,
		7204,
		0,
		0,
		0,
	},
	[3531]=
	{
		3531,
		6091100,
		1,
		60019,
		10000,
		0,
		0,
		0,
	},
	[3532]=
	{
		3532,
		6091100,
		1,
		60019,
		2000,
		0,
		0,
		0,
	},
	[3533]=
	{
		3533,
		6091100,
		1,
		60011,
		6000,
		0,
		0,
		0,
	},
	[3534]=
	{
		3534,
		6091100,
		1,
		60033,
		4000,
		0,
		0,
		0,
	},
	[3535]=
	{
		3535,
		6091100,
		1,
		60034,
		1200,
		0,
		0,
		0,
	},
	[3536]=
	{
		3536,
		6091100,
		3,
		60015,
		10000,
		0,
		0,
		0,
	},
	[3537]=
	{
		3537,
		6091100,
		2,
		60016,
		10000,
		0,
		0,
		0,
	},
	[3538]=
	{
		3538,
		6091100,
		1,
		60016,
		4000,
		0,
		0,
		0,
	},
	[3539]=
	{
		3539,
		6091100,
		1,
		60017,
		10000,
		0,
		0,
		0,
	},
	[3540]=
	{
		3540,
		6091100,
		1,
		60017,
		5000,
		0,
		0,
		0,
	},
	[3541]=
	{
		3541,
		6091200,
		1,
		60004,
		6603,
		0,
		0,
		0,
	},
	[3542]=
	{
		3542,
		6091200,
		1,
		60019,
		10000,
		0,
		0,
		0,
	},
	[3543]=
	{
		3543,
		6091200,
		1,
		60019,
		1000,
		0,
		0,
		0,
	},
	[3544]=
	{
		3544,
		6091200,
		1,
		60011,
		5500,
		0,
		0,
		0,
	},
	[3545]=
	{
		3545,
		6091200,
		1,
		60033,
		3200,
		0,
		0,
		0,
	},
	[3546]=
	{
		3546,
		6091200,
		1,
		60034,
		960,
		0,
		0,
		0,
	},
	[3547]=
	{
		3547,
		6091200,
		2,
		60015,
		10000,
		0,
		0,
		0,
	},
	[3548]=
	{
		3548,
		6091200,
		1,
		60015,
		7500,
		0,
		0,
		0,
	},
	[3549]=
	{
		3549,
		6091200,
		2,
		60016,
		10000,
		0,
		0,
		0,
	},
	[3550]=
	{
		3550,
		6091200,
		1,
		60016,
		2000,
		0,
		0,
		0,
	},
	[3551]=
	{
		3551,
		6091200,
		1,
		60017,
		10000,
		0,
		0,
		0,
	},
	[3552]=
	{
		3552,
		6091200,
		1,
		60017,
		3750,
		0,
		0,
		0,
	},
	[3553]=
	{
		3553,
		6091300,
		1,
		60004,
		6003,
		0,
		0,
		0,
	},
	[3554]=
	{
		3554,
		6091300,
		1,
		60019,
		10000,
		0,
		0,
		0,
	},
	[3555]=
	{
		3555,
		6091300,
		1,
		60011,
		5000,
		0,
		0,
		0,
	},
	[3556]=
	{
		3556,
		6091300,
		1,
		60033,
		2600,
		0,
		0,
		0,
	},
	[3557]=
	{
		3557,
		6091300,
		1,
		60034,
		780,
		0,
		0,
		0,
	},
	[3558]=
	{
		3558,
		6091300,
		2,
		60015,
		10000,
		0,
		0,
		0,
	},
	[3559]=
	{
		3559,
		6091300,
		1,
		60015,
		5000,
		0,
		0,
		0,
	},
	[3560]=
	{
		3560,
		6091300,
		2,
		60016,
		10000,
		0,
		0,
		0,
	},
	[3561]=
	{
		3561,
		6091300,
		1,
		60017,
		10000,
		0,
		0,
		0,
	},
	[3562]=
	{
		3562,
		6091300,
		1,
		60017,
		2500,
		0,
		0,
		0,
	},
	[3563]=
	{
		3563,
		6092100,
		1,
		60004,
		9005,
		0,
		0,
		0,
	},
	[3564]=
	{
		3564,
		6092100,
		1,
		60019,
		10000,
		0,
		0,
		0,
	},
	[3565]=
	{
		3565,
		6092100,
		1,
		60019,
		5000,
		0,
		0,
		0,
	},
	[3566]=
	{
		3566,
		6092100,
		1,
		60011,
		7500,
		0,
		0,
		0,
	},
	[3567]=
	{
		3567,
		6092100,
		1,
		60023,
		4000,
		0,
		0,
		0,
	},
	[3568]=
	{
		3568,
		6092100,
		1,
		60024,
		1200,
		0,
		0,
		0,
	},
	[3569]=
	{
		3569,
		6092100,
		3,
		60015,
		10000,
		0,
		0,
		0,
	},
	[3570]=
	{
		3570,
		6092100,
		1,
		60015,
		7500,
		0,
		0,
		0,
	},
	[3571]=
	{
		3571,
		6092100,
		3,
		60016,
		10000,
		0,
		0,
		0,
	},
	[3572]=
	{
		3572,
		6092100,
		1,
		60017,
		10000,
		0,
		0,
		0,
	},
	[3573]=
	{
		3573,
		6092100,
		1,
		60017,
		8750,
		0,
		0,
		0,
	},
	[3574]=
	{
		3574,
		6092100,
		1,
		60018,
		2500,
		0,
		0,
		0,
	},
	[3575]=
	{
		3575,
		6092200,
		1,
		60004,
		8404,
		0,
		0,
		0,
	},
	[3576]=
	{
		3576,
		6092200,
		1,
		60019,
		10000,
		0,
		0,
		0,
	},
	[3577]=
	{
		3577,
		6092200,
		1,
		60019,
		4000,
		0,
		0,
		0,
	},
	[3578]=
	{
		3578,
		6092200,
		1,
		60011,
		7000,
		0,
		0,
		0,
	},
	[3579]=
	{
		3579,
		6092200,
		1,
		60023,
		3200,
		0,
		0,
		0,
	},
	[3580]=
	{
		3580,
		6092200,
		1,
		60024,
		960,
		0,
		0,
		0,
	},
	[3581]=
	{
		3581,
		6092200,
		3,
		60015,
		10000,
		0,
		0,
		0,
	},
	[3582]=
	{
		3582,
		6092200,
		1,
		60015,
		5000,
		0,
		0,
		0,
	},
	[3583]=
	{
		3583,
		6092200,
		2,
		60016,
		10000,
		0,
		0,
		0,
	},
	[3584]=
	{
		3584,
		6092200,
		1,
		60016,
		8000,
		0,
		0,
		0,
	},
	[3585]=
	{
		3585,
		6092200,
		1,
		60017,
		10000,
		0,
		0,
		0,
	},
	[3586]=
	{
		3586,
		6092200,
		1,
		60017,
		7500,
		0,
		0,
		0,
	},
	[3587]=
	{
		3587,
		6092300,
		1,
		60004,
		7804,
		0,
		0,
		0,
	},
	[3588]=
	{
		3588,
		6092300,
		1,
		60019,
		10000,
		0,
		0,
		0,
	},
	[3589]=
	{
		3589,
		6092300,
		1,
		60019,
		3000,
		0,
		0,
		0,
	},
	[3590]=
	{
		3590,
		6092300,
		1,
		60011,
		6500,
		0,
		0,
		0,
	},
	[3591]=
	{
		3591,
		6092300,
		1,
		60023,
		2600,
		0,
		0,
		0,
	},
	[3592]=
	{
		3592,
		6092300,
		1,
		60024,
		780,
		0,
		0,
		0,
	},
	[3593]=
	{
		3593,
		6092300,
		3,
		60015,
		10000,
		0,
		0,
		0,
	},
	[3594]=
	{
		3594,
		6092300,
		1,
		60015,
		2500,
		0,
		0,
		0,
	},
	[3595]=
	{
		3595,
		6092300,
		2,
		60016,
		10000,
		0,
		0,
		0,
	},
	[3596]=
	{
		3596,
		6092300,
		1,
		60016,
		6000,
		0,
		0,
		0,
	},
	[3597]=
	{
		3597,
		6092300,
		1,
		60017,
		10000,
		0,
		0,
		0,
	},
	[3598]=
	{
		3598,
		6092300,
		1,
		60017,
		6250,
		0,
		0,
		0,
	},
	[3599]=
	{
		3599,
		6093100,
		1,
		60004,
		10000,
		0,
		0,
		0,
	},
	[3600]=
	{
		3600,
		6093100,
		1,
		60004,
		2006,
		0,
		0,
		0,
	},
	[3601]=
	{
		3601,
		6093100,
		2,
		60019,
		10000,
		0,
		0,
		0,
	},
	[3602]=
	{
		3602,
		6093100,
		1,
		60011,
		10000,
		0,
		0,
		0,
	},
	[3603]=
	{
		3603,
		6093100,
		1,
		60013,
		10000,
		0,
		0,
		0,
	},
	[3604]=
	{
		3604,
		6093100,
		1,
		60013,
		2000,
		0,
		0,
		0,
	},
	[3605]=
	{
		3605,
		6093100,
		1,
		60014,
		3600,
		0,
		0,
		0,
	},
	[3606]=
	{
		3606,
		6093100,
		5,
		60015,
		10000,
		0,
		0,
		0,
	},
	[3607]=
	{
		3607,
		6093100,
		4,
		60016,
		10000,
		0,
		0,
		0,
	},
	[3608]=
	{
		3608,
		6093100,
		2,
		60017,
		10000,
		0,
		0,
		0,
	},
	[3609]=
	{
		3609,
		6093100,
		1,
		60017,
		5000,
		0,
		0,
		0,
	},
	[3610]=
	{
		3610,
		6093100,
		1,
		60018,
		10000,
		0,
		0,
		0,
	},
	[3611]=
	{
		3611,
		6093200,
		1,
		60004,
		10000,
		0,
		0,
		0,
	},
	[3612]=
	{
		3612,
		6093200,
		1,
		60004,
		806,
		0,
		0,
		0,
	},
	[3613]=
	{
		3613,
		6093200,
		1,
		60019,
		10000,
		0,
		0,
		0,
	},
	[3614]=
	{
		3614,
		6093200,
		1,
		60019,
		8000,
		0,
		0,
		0,
	},
	[3615]=
	{
		3615,
		6093200,
		1,
		60011,
		9000,
		0,
		0,
		0,
	},
	[3616]=
	{
		3616,
		6093200,
		1,
		60013,
		7200,
		0,
		0,
		0,
	},
	[3617]=
	{
		3617,
		6093200,
		1,
		60014,
		2160,
		0,
		0,
		0,
	},
	[3618]=
	{
		3618,
		6093200,
		4,
		60015,
		10000,
		0,
		0,
		0,
	},
	[3619]=
	{
		3619,
		6093200,
		1,
		60015,
		5000,
		0,
		0,
		0,
	},
	[3620]=
	{
		3620,
		6093200,
		3,
		60016,
		10000,
		0,
		0,
		0,
	},
	[3621]=
	{
		3621,
		6093200,
		1,
		60016,
		6000,
		0,
		0,
		0,
	},
	[3622]=
	{
		3622,
		6093200,
		2,
		60017,
		10000,
		0,
		0,
		0,
	},
	[3623]=
	{
		3623,
		6093200,
		1,
		60017,
		2500,
		0,
		0,
		0,
	},
	[3624]=
	{
		3624,
		6093200,
		1,
		60018,
		7500,
		0,
		0,
		0,
	},
	[3625]=
	{
		3625,
		6093300,
		1,
		60004,
		9605,
		0,
		0,
		0,
	},
	[3626]=
	{
		3626,
		6093300,
		1,
		60019,
		10000,
		0,
		0,
		0,
	},
	[3627]=
	{
		3627,
		6093300,
		1,
		60019,
		6000,
		0,
		0,
		0,
	},
	[3628]=
	{
		3628,
		6093300,
		1,
		60011,
		8000,
		0,
		0,
		0,
	},
	[3629]=
	{
		3629,
		6093300,
		1,
		60013,
		6000,
		0,
		0,
		0,
	},
	[3630]=
	{
		3630,
		6093300,
		1,
		60014,
		1800,
		0,
		0,
		0,
	},
	[3631]=
	{
		3631,
		6093300,
		4,
		60015,
		10000,
		0,
		0,
		0,
	},
	[3632]=
	{
		3632,
		6093300,
		3,
		60016,
		10000,
		0,
		0,
		0,
	},
	[3633]=
	{
		3633,
		6093300,
		1,
		60016,
		2000,
		0,
		0,
		0,
	},
	[3634]=
	{
		3634,
		6093300,
		2,
		60017,
		10000,
		0,
		0,
		0,
	},
	[3635]=
	{
		3635,
		6093300,
		1,
		60018,
		5000,
		0,
		0,
		0,
	},
	[3636]=
	{
		3636,
		6000001,
		1,
		60050,
		200,
		1,
		0,
		0,
	},
	[3637]=
	{
		3637,
		6000002,
		1,
		60050,
		600,
		1,
		0,
		0,
	},
	[3638]=
	{
		3638,
		900010,
		1,
		900011,
		10000,
		0,
		1,
		0,
	},
	[3639]=
	{
		3639,
		900020,
		1,
		900021,
		10000,
		0,
		1,
		0,
	},
	[3640]=
	{
		3640,
		900030,
		1,
		900031,
		10000,
		0,
		1,
		0,
	},
	[3641]=
	{
		3641,
		900110,
		1,
		900111,
		10000,
		0,
		1,
		0,
	},
	[3642]=
	{
		3642,
		900120,
		1,
		900121,
		10000,
		0,
		1,
		0,
	},
	[3643]=
	{
		3643,
		900130,
		1,
		900131,
		10000,
		0,
		1,
		0,
	},
	[3644]=
	{
		3644,
		900140,
		1,
		900141,
		10000,
		0,
		1,
		0,
	},
	[3645]=
	{
		3645,
		900150,
		1,
		900151,
		10000,
		0,
		1,
		0,
	},
	[3646]=
	{
		3646,
		900210,
		1,
		900211,
		10000,
		0,
		1,
		0,
	},
	[3647]=
	{
		3647,
		900220,
		1,
		900221,
		10000,
		0,
		1,
		0,
	},
	[3648]=
	{
		3648,
		900230,
		1,
		900231,
		10000,
		0,
		1,
		0,
	},
	[3649]=
	{
		3649,
		900240,
		1,
		900241,
		10000,
		0,
		1,
		0,
	},
	[3650]=
	{
		3650,
		900250,
		1,
		900251,
		10000,
		0,
		1,
		0,
	},
	[3651]=
	{
		3651,
		900310,
		1,
		900311,
		10000,
		0,
		1,
		0,
	},
	[3652]=
	{
		3652,
		900320,
		1,
		900321,
		10000,
		0,
		1,
		0,
	},
	[3653]=
	{
		3653,
		900330,
		1,
		900331,
		10000,
		0,
		1,
		0,
	},
	[3654]=
	{
		3654,
		900340,
		1,
		900341,
		10000,
		0,
		1,
		0,
	},
	[3655]=
	{
		3655,
		900350,
		1,
		900351,
		10000,
		0,
		1,
		0,
	},
	[3656]=
	{
		3656,
		900410,
		1,
		900411,
		10000,
		0,
		1,
		0,
	},
	[3657]=
	{
		3657,
		900420,
		1,
		900421,
		10000,
		0,
		1,
		0,
	},
	[3658]=
	{
		3658,
		900430,
		1,
		900431,
		10000,
		0,
		1,
		0,
	},
	[3659]=
	{
		3659,
		900440,
		1,
		900441,
		10000,
		0,
		1,
		0,
	},
	[3660]=
	{
		3660,
		900450,
		1,
		900451,
		10000,
		0,
		1,
		0,
	},
	[3661]=
	{
		3661,
		900510,
		1,
		900511,
		10000,
		0,
		1,
		0,
	},
	[3662]=
	{
		3662,
		900520,
		1,
		900521,
		10000,
		0,
		1,
		0,
	},
	[3663]=
	{
		3663,
		900530,
		1,
		900531,
		10000,
		0,
		1,
		0,
	},
	[3664]=
	{
		3664,
		900540,
		1,
		900541,
		10000,
		0,
		1,
		0,
	},
	[3665]=
	{
		3665,
		900550,
		1,
		900551,
		10000,
		0,
		1,
		0,
	},
	[3666]=
	{
		3666,
		900610,
		1,
		900611,
		10000,
		0,
		1,
		0,
	},
	[3667]=
	{
		3667,
		900620,
		1,
		900621,
		10000,
		0,
		1,
		0,
	},
	[3668]=
	{
		3668,
		900630,
		1,
		900631,
		10000,
		0,
		1,
		0,
	},
	[3669]=
	{
		3669,
		900640,
		1,
		900641,
		10000,
		0,
		1,
		0,
	},
	[3670]=
	{
		3670,
		900650,
		1,
		900651,
		10000,
		0,
		1,
		0,
	},
	[3671]=
	{
		3671,
		900710,
		1,
		900711,
		10000,
		0,
		1,
		0,
	},
	[3672]=
	{
		3672,
		900720,
		1,
		900721,
		10000,
		0,
		1,
		0,
	},
	[3673]=
	{
		3673,
		900730,
		1,
		900731,
		10000,
		0,
		1,
		0,
	},
	[3674]=
	{
		3674,
		900740,
		1,
		900741,
		10000,
		0,
		1,
		0,
	},
	[3675]=
	{
		3675,
		900750,
		1,
		900751,
		10000,
		0,
		1,
		0,
	},
	[3676]=
	{
		3676,
		900810,
		1,
		900811,
		10000,
		0,
		1,
		0,
	},
	[3677]=
	{
		3677,
		900820,
		1,
		900821,
		10000,
		0,
		1,
		0,
	},
	[3678]=
	{
		3678,
		900830,
		1,
		900831,
		10000,
		0,
		1,
		0,
	},
	[3679]=
	{
		3679,
		900840,
		1,
		900841,
		10000,
		0,
		1,
		0,
	},
	[3680]=
	{
		3680,
		900850,
		1,
		900851,
		10000,
		0,
		1,
		0,
	},
	[3681]=
	{
		3681,
		900910,
		1,
		900911,
		10000,
		0,
		1,
		0,
	},
	[3682]=
	{
		3682,
		900920,
		1,
		900921,
		10000,
		0,
		1,
		0,
	},
	[3683]=
	{
		3683,
		900930,
		1,
		900931,
		10000,
		0,
		1,
		0,
	},
	[3684]=
	{
		3684,
		900940,
		1,
		900941,
		10000,
		0,
		1,
		0,
	},
	[3685]=
	{
		3685,
		900950,
		1,
		900951,
		10000,
		0,
		1,
		0,
	},
	[3686]=
	{
		3686,
		901010,
		1,
		901011,
		10000,
		0,
		1,
		0,
	},
	[3687]=
	{
		3687,
		901020,
		1,
		901021,
		10000,
		0,
		1,
		0,
	},
	[3688]=
	{
		3688,
		901030,
		1,
		901031,
		10000,
		0,
		1,
		0,
	},
	[3689]=
	{
		3689,
		901040,
		1,
		901041,
		10000,
		0,
		1,
		0,
	},
	[3690]=
	{
		3690,
		901050,
		1,
		901051,
		10000,
		0,
		1,
		0,
	},
	[3691]=
	{
		3691,
		910010,
		1,
		910011,
		10000,
		0,
		1,
		0,
	},
	[3692]=
	{
		3692,
		910020,
		1,
		910021,
		10000,
		0,
		1,
		0,
	},
	[3693]=
	{
		3693,
		910030,
		1,
		910031,
		10000,
		0,
		1,
		0,
	},
	[3694]=
	{
		3694,
		910040,
		1,
		910041,
		10000,
		0,
		1,
		0,
	},
	[3695]=
	{
		3695,
		910050,
		1,
		910051,
		10000,
		0,
		1,
		0,
	},
	[3696]=
	{
		3696,
		910060,
		1,
		910061,
		10000,
		0,
		1,
		0,
	},
	[3697]=
	{
		3697,
		910070,
		1,
		910071,
		10000,
		0,
		1,
		0,
	},
	[3698]=
	{
		3698,
		911010,
		1,
		911011,
		10000,
		0,
		1,
		0,
	},
	[3699]=
	{
		3699,
		911020,
		1,
		911021,
		10000,
		0,
		1,
		0,
	},
	[3700]=
	{
		3700,
		911030,
		1,
		911031,
		10000,
		0,
		1,
		0,
	},
	[3701]=
	{
		3701,
		911040,
		1,
		911041,
		10000,
		0,
		1,
		0,
	},
	[3702]=
	{
		3702,
		911050,
		1,
		911051,
		10000,
		0,
		1,
		0,
	},
	[3703]=
	{
		3703,
		911060,
		1,
		911061,
		10000,
		0,
		1,
		0,
	},
	[3704]=
	{
		3704,
		911070,
		1,
		911071,
		10000,
		0,
		1,
		0,
	},
	[3705]=
	{
		3705,
		912010,
		1,
		912011,
		10000,
		0,
		1,
		0,
	},
	[3706]=
	{
		3706,
		912020,
		1,
		912021,
		10000,
		0,
		1,
		0,
	},
	[3707]=
	{
		3707,
		912030,
		1,
		912031,
		10000,
		0,
		1,
		0,
	},
	[3708]=
	{
		3708,
		912040,
		1,
		912041,
		10000,
		0,
		1,
		0,
	},
	[3709]=
	{
		3709,
		912050,
		1,
		912051,
		10000,
		0,
		1,
		0,
	},
	[3710]=
	{
		3710,
		912060,
		1,
		912061,
		10000,
		0,
		1,
		0,
	},
	[3711]=
	{
		3711,
		912070,
		1,
		912071,
		10000,
		0,
		1,
		0,
	},
	[3712]=
	{
		3712,
		921101,
		1,
		921101,
		10000,
		0,
		1,
		0,
	},
	[3713]=
	{
		3713,
		921102,
		1,
		921102,
		10000,
		0,
		1,
		0,
	},
	[3714]=
	{
		3714,
		921103,
		1,
		921103,
		10000,
		0,
		1,
		0,
	},
	[3715]=
	{
		3715,
		921104,
		1,
		921104,
		10000,
		0,
		1,
		0,
	},
	[3716]=
	{
		3716,
		921105,
		1,
		921105,
		10000,
		0,
		1,
		0,
	},
	[3717]=
	{
		3717,
		921106,
		1,
		921106,
		10000,
		0,
		1,
		0,
	},
	[3718]=
	{
		3718,
		921201,
		1,
		921201,
		10000,
		0,
		1,
		0,
	},
	[3719]=
	{
		3719,
		921202,
		1,
		921202,
		10000,
		0,
		1,
		0,
	},
	[3720]=
	{
		3720,
		921203,
		1,
		921203,
		10000,
		0,
		1,
		0,
	},
	[3721]=
	{
		3721,
		921204,
		1,
		921204,
		10000,
		0,
		1,
		0,
	},
	[3722]=
	{
		3722,
		921205,
		1,
		921205,
		10000,
		0,
		1,
		0,
	},
	[3723]=
	{
		3723,
		921206,
		1,
		921206,
		10000,
		0,
		1,
		0,
	},
	[3724]=
	{
		3724,
		921301,
		1,
		921301,
		10000,
		0,
		1,
		0,
	},
	[3725]=
	{
		3725,
		921302,
		1,
		921302,
		10000,
		0,
		1,
		0,
	},
	[3726]=
	{
		3726,
		921303,
		1,
		921303,
		10000,
		0,
		1,
		0,
	},
	[3727]=
	{
		3727,
		921304,
		1,
		921304,
		10000,
		0,
		1,
		0,
	},
	[3728]=
	{
		3728,
		921305,
		1,
		921305,
		10000,
		0,
		1,
		0,
	},
	[3729]=
	{
		3729,
		921306,
		1,
		921306,
		10000,
		0,
		1,
		0,
	},
	[3730]=
	{
		3730,
		921401,
		1,
		921401,
		10000,
		0,
		1,
		0,
	},
	[3731]=
	{
		3731,
		921402,
		1,
		921402,
		10000,
		0,
		1,
		0,
	},
	[3732]=
	{
		3732,
		921403,
		1,
		921403,
		10000,
		0,
		1,
		0,
	},
	[3733]=
	{
		3733,
		921404,
		1,
		921404,
		10000,
		0,
		1,
		0,
	},
	[3734]=
	{
		3734,
		921405,
		1,
		921405,
		10000,
		0,
		1,
		0,
	},
	[3735]=
	{
		3735,
		921406,
		1,
		921406,
		10000,
		0,
		1,
		0,
	},
	[3736]=
	{
		3736,
		921501,
		1,
		921501,
		10000,
		0,
		1,
		0,
	},
	[3737]=
	{
		3737,
		921502,
		1,
		921502,
		10000,
		0,
		1,
		0,
	},
	[3738]=
	{
		3738,
		921503,
		1,
		921503,
		10000,
		0,
		1,
		0,
	},
	[3739]=
	{
		3739,
		921504,
		1,
		921504,
		10000,
		0,
		1,
		0,
	},
	[3740]=
	{
		3740,
		921505,
		1,
		921505,
		10000,
		0,
		1,
		0,
	},
	[3741]=
	{
		3741,
		921506,
		1,
		921506,
		10000,
		0,
		1,
		0,
	},
	[3742]=
	{
		3742,
		921601,
		1,
		921601,
		10000,
		0,
		1,
		0,
	},
	[3743]=
	{
		3743,
		921602,
		1,
		921602,
		10000,
		0,
		1,
		0,
	},
	[3744]=
	{
		3744,
		921603,
		1,
		921603,
		10000,
		0,
		1,
		0,
	},
	[3745]=
	{
		3745,
		921604,
		1,
		921604,
		10000,
		0,
		1,
		0,
	},
	[3746]=
	{
		3746,
		921605,
		1,
		921605,
		10000,
		0,
		1,
		0,
	},
	[3747]=
	{
		3747,
		921606,
		1,
		921606,
		10000,
		0,
		1,
		0,
	},
	[3748]=
	{
		3748,
		921701,
		1,
		921701,
		10000,
		0,
		1,
		0,
	},
	[3749]=
	{
		3749,
		921702,
		1,
		921702,
		10000,
		0,
		1,
		0,
	},
	[3750]=
	{
		3750,
		921703,
		1,
		921703,
		10000,
		0,
		1,
		0,
	},
	[3751]=
	{
		3751,
		921704,
		1,
		921704,
		10000,
		0,
		1,
		0,
	},
	[3752]=
	{
		3752,
		921705,
		1,
		921705,
		10000,
		0,
		1,
		0,
	},
	[3753]=
	{
		3753,
		921706,
		1,
		921706,
		10000,
		0,
		1,
		0,
	},
	[3754]=
	{
		3754,
		922101,
		1,
		922101,
		10000,
		0,
		1,
		0,
	},
	[3755]=
	{
		3755,
		922102,
		1,
		922102,
		10000,
		0,
		1,
		0,
	},
	[3756]=
	{
		3756,
		922103,
		1,
		922103,
		10000,
		0,
		1,
		0,
	},
	[3757]=
	{
		3757,
		922104,
		1,
		922104,
		10000,
		0,
		1,
		0,
	},
	[3758]=
	{
		3758,
		922105,
		1,
		922105,
		10000,
		0,
		1,
		0,
	},
	[3759]=
	{
		3759,
		922106,
		1,
		922106,
		10000,
		0,
		1,
		0,
	},
	[3760]=
	{
		3760,
		922107,
		1,
		922107,
		10000,
		0,
		1,
		0,
	},
	[3761]=
	{
		3761,
		922108,
		1,
		922108,
		10000,
		0,
		1,
		0,
	},
	[3762]=
	{
		3762,
		922201,
		1,
		922201,
		10000,
		0,
		1,
		0,
	},
	[3763]=
	{
		3763,
		922202,
		1,
		922202,
		10000,
		0,
		1,
		0,
	},
	[3764]=
	{
		3764,
		922203,
		1,
		922203,
		10000,
		0,
		1,
		0,
	},
	[3765]=
	{
		3765,
		922204,
		1,
		922204,
		10000,
		0,
		1,
		0,
	},
	[3766]=
	{
		3766,
		922205,
		1,
		922205,
		10000,
		0,
		1,
		0,
	},
	[3767]=
	{
		3767,
		922206,
		1,
		922206,
		10000,
		0,
		1,
		0,
	},
	[3768]=
	{
		3768,
		922207,
		1,
		922207,
		10000,
		0,
		1,
		0,
	},
	[3769]=
	{
		3769,
		922208,
		1,
		922208,
		10000,
		0,
		1,
		0,
	},
	[3770]=
	{
		3770,
		922301,
		1,
		922301,
		10000,
		0,
		1,
		0,
	},
	[3771]=
	{
		3771,
		922302,
		1,
		922302,
		10000,
		0,
		1,
		0,
	},
	[3772]=
	{
		3772,
		922303,
		1,
		922303,
		10000,
		0,
		1,
		0,
	},
	[3773]=
	{
		3773,
		922304,
		1,
		922304,
		10000,
		0,
		1,
		0,
	},
	[3774]=
	{
		3774,
		922305,
		1,
		922305,
		10000,
		0,
		1,
		0,
	},
	[3775]=
	{
		3775,
		922306,
		1,
		922306,
		10000,
		0,
		1,
		0,
	},
	[3776]=
	{
		3776,
		922307,
		1,
		922307,
		10000,
		0,
		1,
		0,
	},
	[3777]=
	{
		3777,
		922308,
		1,
		922308,
		10000,
		0,
		1,
		0,
	},
	[3778]=
	{
		3778,
		922401,
		1,
		922401,
		10000,
		0,
		1,
		0,
	},
	[3779]=
	{
		3779,
		922402,
		1,
		922402,
		10000,
		0,
		1,
		0,
	},
	[3780]=
	{
		3780,
		922403,
		1,
		922403,
		10000,
		0,
		1,
		0,
	},
	[3781]=
	{
		3781,
		922404,
		1,
		922404,
		10000,
		0,
		1,
		0,
	},
	[3782]=
	{
		3782,
		922405,
		1,
		922405,
		10000,
		0,
		1,
		0,
	},
	[3783]=
	{
		3783,
		922406,
		1,
		922406,
		10000,
		0,
		1,
		0,
	},
	[3784]=
	{
		3784,
		922407,
		1,
		922407,
		10000,
		0,
		1,
		0,
	},
	[3785]=
	{
		3785,
		922408,
		1,
		922408,
		10000,
		0,
		1,
		0,
	},
	[3786]=
	{
		3786,
		922501,
		1,
		922501,
		10000,
		0,
		1,
		0,
	},
	[3787]=
	{
		3787,
		922502,
		1,
		922502,
		10000,
		0,
		1,
		0,
	},
	[3788]=
	{
		3788,
		922503,
		1,
		922503,
		10000,
		0,
		1,
		0,
	},
	[3789]=
	{
		3789,
		922504,
		1,
		922504,
		10000,
		0,
		1,
		0,
	},
	[3790]=
	{
		3790,
		922505,
		1,
		922505,
		10000,
		0,
		1,
		0,
	},
	[3791]=
	{
		3791,
		922506,
		1,
		922506,
		10000,
		0,
		1,
		0,
	},
	[3792]=
	{
		3792,
		922507,
		1,
		922507,
		10000,
		0,
		1,
		0,
	},
	[3793]=
	{
		3793,
		922508,
		1,
		922508,
		10000,
		0,
		1,
		0,
	},
	[3794]=
	{
		3794,
		922601,
		1,
		922601,
		10000,
		0,
		1,
		0,
	},
	[3795]=
	{
		3795,
		922602,
		1,
		922602,
		10000,
		0,
		1,
		0,
	},
	[3796]=
	{
		3796,
		922603,
		1,
		922603,
		10000,
		0,
		1,
		0,
	},
	[3797]=
	{
		3797,
		922604,
		1,
		922604,
		10000,
		0,
		1,
		0,
	},
	[3798]=
	{
		3798,
		922605,
		1,
		922605,
		10000,
		0,
		1,
		0,
	},
	[3799]=
	{
		3799,
		922606,
		1,
		922606,
		10000,
		0,
		1,
		0,
	},
	[3800]=
	{
		3800,
		922607,
		1,
		922607,
		10000,
		0,
		1,
		0,
	},
	[3801]=
	{
		3801,
		922608,
		1,
		922608,
		10000,
		0,
		1,
		0,
	},
	[3802]=
	{
		3802,
		922701,
		1,
		922701,
		10000,
		0,
		1,
		0,
	},
	[3803]=
	{
		3803,
		922702,
		1,
		922702,
		10000,
		0,
		1,
		0,
	},
	[3804]=
	{
		3804,
		922703,
		1,
		922703,
		10000,
		0,
		1,
		0,
	},
	[3805]=
	{
		3805,
		922704,
		1,
		922704,
		10000,
		0,
		1,
		0,
	},
	[3806]=
	{
		3806,
		922705,
		1,
		922705,
		10000,
		0,
		1,
		0,
	},
	[3807]=
	{
		3807,
		922706,
		1,
		922706,
		10000,
		0,
		1,
		0,
	},
	[3808]=
	{
		3808,
		922707,
		1,
		922707,
		10000,
		0,
		1,
		0,
	},
	[3809]=
	{
		3809,
		922708,
		1,
		922708,
		10000,
		0,
		1,
		0,
	},
	[3810]=
	{
		3810,
		923101,
		1,
		923101,
		10000,
		0,
		1,
		0,
	},
	[3811]=
	{
		3811,
		923102,
		1,
		923102,
		10000,
		0,
		1,
		0,
	},
	[3812]=
	{
		3812,
		923103,
		1,
		923103,
		10000,
		0,
		1,
		0,
	},
	[3813]=
	{
		3813,
		923104,
		1,
		923104,
		10000,
		0,
		1,
		0,
	},
	[3814]=
	{
		3814,
		923105,
		1,
		923105,
		10000,
		0,
		1,
		0,
	},
	[3815]=
	{
		3815,
		923106,
		1,
		923106,
		10000,
		0,
		1,
		0,
	},
	[3816]=
	{
		3816,
		923107,
		1,
		923107,
		10000,
		0,
		1,
		0,
	},
	[3817]=
	{
		3817,
		923108,
		1,
		923108,
		10000,
		0,
		1,
		0,
	},
	[3818]=
	{
		3818,
		923109,
		1,
		923109,
		10000,
		0,
		1,
		0,
	},
	[3819]=
	{
		3819,
		923110,
		1,
		923110,
		10000,
		0,
		1,
		0,
	},
	[3820]=
	{
		3820,
		923201,
		1,
		923201,
		10000,
		0,
		1,
		0,
	},
	[3821]=
	{
		3821,
		923202,
		1,
		923202,
		10000,
		0,
		1,
		0,
	},
	[3822]=
	{
		3822,
		923203,
		1,
		923203,
		10000,
		0,
		1,
		0,
	},
	[3823]=
	{
		3823,
		923204,
		1,
		923204,
		10000,
		0,
		1,
		0,
	},
	[3824]=
	{
		3824,
		923205,
		1,
		923205,
		10000,
		0,
		1,
		0,
	},
	[3825]=
	{
		3825,
		923206,
		1,
		923206,
		10000,
		0,
		1,
		0,
	},
	[3826]=
	{
		3826,
		923207,
		1,
		923207,
		10000,
		0,
		1,
		0,
	},
	[3827]=
	{
		3827,
		923208,
		1,
		923208,
		10000,
		0,
		1,
		0,
	},
	[3828]=
	{
		3828,
		923209,
		1,
		923209,
		10000,
		0,
		1,
		0,
	},
	[3829]=
	{
		3829,
		923210,
		1,
		923210,
		10000,
		0,
		1,
		0,
	},
	[3830]=
	{
		3830,
		923301,
		1,
		923301,
		10000,
		0,
		1,
		0,
	},
	[3831]=
	{
		3831,
		923302,
		1,
		923302,
		10000,
		0,
		1,
		0,
	},
	[3832]=
	{
		3832,
		923303,
		1,
		923303,
		10000,
		0,
		1,
		0,
	},
	[3833]=
	{
		3833,
		923304,
		1,
		923304,
		10000,
		0,
		1,
		0,
	},
	[3834]=
	{
		3834,
		923305,
		1,
		923305,
		10000,
		0,
		1,
		0,
	},
	[3835]=
	{
		3835,
		923306,
		1,
		923306,
		10000,
		0,
		1,
		0,
	},
	[3836]=
	{
		3836,
		923307,
		1,
		923307,
		10000,
		0,
		1,
		0,
	},
	[3837]=
	{
		3837,
		923308,
		1,
		923308,
		10000,
		0,
		1,
		0,
	},
	[3838]=
	{
		3838,
		923309,
		1,
		923309,
		10000,
		0,
		1,
		0,
	},
	[3839]=
	{
		3839,
		923310,
		1,
		923310,
		10000,
		0,
		1,
		0,
	},
	[3840]=
	{
		3840,
		923401,
		1,
		923401,
		10000,
		0,
		1,
		0,
	},
	[3841]=
	{
		3841,
		923402,
		1,
		923402,
		10000,
		0,
		1,
		0,
	},
	[3842]=
	{
		3842,
		923403,
		1,
		923403,
		10000,
		0,
		1,
		0,
	},
	[3843]=
	{
		3843,
		923404,
		1,
		923404,
		10000,
		0,
		1,
		0,
	},
	[3844]=
	{
		3844,
		923405,
		1,
		923405,
		10000,
		0,
		1,
		0,
	},
	[3845]=
	{
		3845,
		923406,
		1,
		923406,
		10000,
		0,
		1,
		0,
	},
	[3846]=
	{
		3846,
		923407,
		1,
		923407,
		10000,
		0,
		1,
		0,
	},
	[3847]=
	{
		3847,
		923408,
		1,
		923408,
		10000,
		0,
		1,
		0,
	},
	[3848]=
	{
		3848,
		923409,
		1,
		923409,
		10000,
		0,
		1,
		0,
	},
	[3849]=
	{
		3849,
		923410,
		1,
		923410,
		10000,
		0,
		1,
		0,
	},
	[3850]=
	{
		3850,
		923501,
		1,
		923501,
		10000,
		0,
		1,
		0,
	},
	[3851]=
	{
		3851,
		923502,
		1,
		923502,
		10000,
		0,
		1,
		0,
	},
	[3852]=
	{
		3852,
		923503,
		1,
		923503,
		10000,
		0,
		1,
		0,
	},
	[3853]=
	{
		3853,
		923504,
		1,
		923504,
		10000,
		0,
		1,
		0,
	},
	[3854]=
	{
		3854,
		923505,
		1,
		923505,
		10000,
		0,
		1,
		0,
	},
	[3855]=
	{
		3855,
		923506,
		1,
		923506,
		10000,
		0,
		1,
		0,
	},
	[3856]=
	{
		3856,
		923507,
		1,
		923507,
		10000,
		0,
		1,
		0,
	},
	[3857]=
	{
		3857,
		923508,
		1,
		923508,
		10000,
		0,
		1,
		0,
	},
	[3858]=
	{
		3858,
		923509,
		1,
		923509,
		10000,
		0,
		1,
		0,
	},
	[3859]=
	{
		3859,
		923510,
		1,
		923510,
		10000,
		0,
		1,
		0,
	},
	[3860]=
	{
		3860,
		923601,
		1,
		923601,
		10000,
		0,
		1,
		0,
	},
	[3861]=
	{
		3861,
		923602,
		1,
		923602,
		10000,
		0,
		1,
		0,
	},
	[3862]=
	{
		3862,
		923603,
		1,
		923603,
		10000,
		0,
		1,
		0,
	},
	[3863]=
	{
		3863,
		923604,
		1,
		923604,
		10000,
		0,
		1,
		0,
	},
	[3864]=
	{
		3864,
		923605,
		1,
		923605,
		10000,
		0,
		1,
		0,
	},
	[3865]=
	{
		3865,
		923606,
		1,
		923606,
		10000,
		0,
		1,
		0,
	},
	[3866]=
	{
		3866,
		923607,
		1,
		923607,
		10000,
		0,
		1,
		0,
	},
	[3867]=
	{
		3867,
		923608,
		1,
		923608,
		10000,
		0,
		1,
		0,
	},
	[3868]=
	{
		3868,
		923609,
		1,
		923609,
		10000,
		0,
		1,
		0,
	},
	[3869]=
	{
		3869,
		923610,
		1,
		923610,
		10000,
		0,
		1,
		0,
	},
	[3870]=
	{
		3870,
		923701,
		1,
		923701,
		10000,
		0,
		1,
		0,
	},
	[3871]=
	{
		3871,
		923702,
		1,
		923702,
		10000,
		0,
		1,
		0,
	},
	[3872]=
	{
		3872,
		923703,
		1,
		923703,
		10000,
		0,
		1,
		0,
	},
	[3873]=
	{
		3873,
		923704,
		1,
		923704,
		10000,
		0,
		1,
		0,
	},
	[3874]=
	{
		3874,
		923705,
		1,
		923705,
		10000,
		0,
		1,
		0,
	},
	[3875]=
	{
		3875,
		923706,
		1,
		923706,
		10000,
		0,
		1,
		0,
	},
	[3876]=
	{
		3876,
		923707,
		1,
		923707,
		10000,
		0,
		1,
		0,
	},
	[3877]=
	{
		3877,
		923708,
		1,
		923708,
		10000,
		0,
		1,
		0,
	},
	[3878]=
	{
		3878,
		923709,
		1,
		923709,
		10000,
		0,
		1,
		0,
	},
	[3879]=
	{
		3879,
		923710,
		1,
		923710,
		10000,
		0,
		1,
		0,
	},
	[3880]=
	{
		3880,
		9999902,
		20,
		1022,
		10000,
		0,
		1,
		0,
	},
	[3881]=
	{
		3881,
		9999902,
		15,
		1023,
		10000,
		0,
		1,
		0,
	},
	[3882]=
	{
		3882,
		9999902,
		1,
		9999900,
		10000,
		0,
		1,
		0,
	},
	[3883]=
	{
		3883,
		9999902,
		1,
		999990204,
		10000,
		0,
		1,
		0,
	},
	[3884]=
	{
		3884,
		9999902,
		1,
		999990205,
		10000,
		0,
		1,
		0,
	},
	[3885]=
	{
		3885,
		9999902,
		1,
		999990206,
		10000,
		0,
		1,
		0,
	},
	[3886]=
	{
		3886,
		9999902,
		1,
		999990207,
		10000,
		0,
		1,
		0,
	},
	[3887]=
	{
		3887,
		9999902,
		1,
		999990208,
		10000,
		0,
		1,
		0,
	},
	[3888]=
	{
		3888,
		9999902,
		1,
		999990209,
		10000,
		0,
		1,
		0,
	},
	[3889]=
	{
		3889,
		9999903,
		20,
		1032,
		10000,
		0,
		1,
		0,
	},
	[3890]=
	{
		3890,
		9999903,
		10,
		1033,
		10000,
		0,
		1,
		0,
	},
	[3891]=
	{
		3891,
		9999903,
		1,
		9999900,
		10000,
		0,
		1,
		0,
	},
	[3892]=
	{
		3892,
		9999903,
		30,
		101,
		10000,
		0,
		1,
		0,
	},
	[3893]=
	{
		3893,
		9999903,
		10,
		3012,
		10000,
		0,
		1,
		0,
	},
	[3894]=
	{
		3894,
		9999903,
		1,
		999990306,
		10000,
		0,
		1,
		0,
	},
	[3895]=
	{
		3895,
		9999903,
		1,
		999990307,
		10000,
		0,
		1,
		0,
	},
	[3896]=
	{
		3896,
		9999903,
		1,
		999990308,
		10000,
		0,
		1,
		0,
	},
	[3897]=
	{
		3897,
		9999903,
		1,
		999990309,
		10000,
		0,
		1,
		0,
	},
	[3898]=
	{
		3898,
		9999903,
		1,
		999990310,
		10000,
		0,
		1,
		0,
	},
	[3899]=
	{
		3899,
		9999903,
		1,
		999990311,
		10000,
		0,
		1,
		0,
	},
	[3900]=
	{
		3900,
		9999903,
		1,
		999990312,
		10000,
		0,
		1,
		0,
	},
	[3901]=
	{
		3901,
		9999903,
		1,
		999990313,
		10000,
		0,
		1,
		0,
	},
	[3902]=
	{
		3902,
		9999904,
		20,
		1042,
		10000,
		0,
		1,
		0,
	},
	[3903]=
	{
		3903,
		9999904,
		8,
		1043,
		10000,
		0,
		1,
		0,
	},
	[3904]=
	{
		3904,
		9999904,
		1,
		9999900,
		10000,
		0,
		1,
		0,
	},
	[3905]=
	{
		3905,
		9999904,
		150,
		101,
		10000,
		0,
		1,
		0,
	},
	[3906]=
	{
		3906,
		9999904,
		20,
		3022,
		10000,
		0,
		1,
		0,
	},
	[3907]=
	{
		3907,
		9999904,
		1,
		999990406,
		10000,
		0,
		1,
		0,
	},
	[3908]=
	{
		3908,
		9999904,
		1,
		999990407,
		10000,
		0,
		1,
		0,
	},
	[3909]=
	{
		3909,
		9999904,
		1,
		999990408,
		10000,
		0,
		1,
		0,
	},
	[3910]=
	{
		3910,
		9999904,
		1,
		999990409,
		10000,
		0,
		1,
		0,
	},
	[3911]=
	{
		3911,
		9999904,
		1,
		999990410,
		10000,
		0,
		1,
		0,
	},
	[3912]=
	{
		3912,
		9999904,
		1,
		999990411,
		10000,
		0,
		1,
		0,
	},
	[3913]=
	{
		3913,
		9999904,
		1,
		999990412,
		10000,
		0,
		1,
		0,
	},
	[3914]=
	{
		3914,
		9999904,
		1,
		999990413,
		10000,
		0,
		1,
		0,
	},
	[3915]=
	{
		3915,
		9999904,
		1,
		999990414,
		10000,
		0,
		1,
		0,
	},
	[3916]=
	{
		3916,
		9999904,
		1,
		999990415,
		10000,
		0,
		1,
		0,
	},
	[3917]=
	{
		3917,
		9999904,
		1,
		999990416,
		10000,
		0,
		1,
		0,
	},
	[3918]=
	{
		3918,
		9999997,
		1,
		9999997001,
		10000,
		0,
		0,
		0,
	},
	[3919]=
	{
		3919,
		9999997,
		1,
		9999997002,
		10000,
		0,
		0,
		0,
	},
	[3920]=
	{
		3920,
		9999997,
		1,
		9999997003,
		10000,
		0,
		0,
		0,
	},
	[3921]=
	{
		3921,
		9999997,
		1,
		9999997004,
		10000,
		0,
		0,
		0,
	},
	[3922]=
	{
		3922,
		9999998,
		1,
		9999998001,
		10000,
		0,
		0,
		0,
	},
	[3923]=
	{
		3923,
		9999998,
		1,
		9999998002,
		10000,
		0,
		0,
		0,
	},
	[3924]=
	{
		3924,
		9999998,
		1,
		9999998003,
		10000,
		0,
		0,
		0,
	},
	[3925]=
	{
		3925,
		9999998,
		1,
		9999998004,
		10000,
		0,
		0,
		0,
	},
	[3926]=
	{
		3926,
		9999998,
		1,
		9999998005,
		10000,
		0,
		0,
		0,
	},
	[3927]=
	{
		3927,
		9999998,
		1,
		9999998006,
		10000,
		0,
		0,
		0,
	},
	[3928]=
	{
		3928,
		9999998,
		1,
		9999998007,
		10000,
		0,
		0,
		0,
	},
	[3929]=
	{
		3929,
		9999998,
		1,
		9999998008,
		10000,
		0,
		0,
		0,
	},
	[3930]=
	{
		3930,
		9999998,
		1,
		9999998009,
		10000,
		0,
		0,
		0,
	},
	[3931]=
	{
		3931,
		9999998,
		1,
		9999998010,
		10000,
		0,
		0,
		0,
	},
	[3932]=
	{
		3932,
		9999998,
		1,
		9999998011,
		10000,
		0,
		0,
		0,
	},
	[3933]=
	{
		3933,
		9999998,
		1,
		9999998012,
		10000,
		0,
		0,
		0,
	},
	[3934]=
	{
		3934,
		9999998,
		1,
		9999998013,
		10000,
		0,
		0,
		0,
	},
	[3935]=
	{
		3935,
		9999998,
		1,
		9999998014,
		10000,
		0,
		0,
		0,
	},
	[3936]=
	{
		3936,
		9999998,
		1,
		9999998015,
		10000,
		0,
		0,
		0,
	},
	[3937]=
	{
		3937,
		9999998,
		1,
		9999998016,
		10000,
		0,
		0,
		0,
	},
	[3938]=
	{
		3938,
		9999998,
		1,
		9999998017,
		10000,
		0,
		0,
		0,
	},
	[3939]=
	{
		3939,
		9999998,
		1,
		9999998018,
		10000,
		0,
		0,
		0,
	},
	[3940]=
	{
		3940,
		9999998,
		1,
		9999998019,
		10000,
		0,
		0,
		0,
	},
	[3941]=
	{
		3941,
		9999998,
		1,
		9999998020,
		10000,
		0,
		0,
		0,
	},
	[3942]=
	{
		3942,
		9999998,
		1,
		9999998021,
		10000,
		0,
		0,
		0,
	},
	[3943]=
	{
		3943,
		9999998,
		1,
		9999998022,
		10000,
		0,
		0,
		0,
	},
	[3944]=
	{
		3944,
		9999998,
		1,
		9999998023,
		10000,
		0,
		0,
		0,
	},
	[3945]=
	{
		3945,
		9999998,
		1,
		9999998024,
		10000,
		0,
		0,
		0,
	},
	[3946]=
	{
		3946,
		9999998,
		1,
		9999998025,
		10000,
		0,
		0,
		0,
	},
	[3947]=
	{
		3947,
		9999998,
		1,
		9999998026,
		10000,
		0,
		0,
		0,
	},
	[3948]=
	{
		3948,
		9999998,
		1,
		9999998027,
		10000,
		0,
		0,
		0,
	},
	[3949]=
	{
		3949,
		9999998,
		1,
		9999998028,
		10000,
		0,
		0,
		0,
	},
	[3950]=
	{
		3950,
		9999998,
		1,
		9999998029,
		10000,
		0,
		0,
		0,
	},
	[3951]=
	{
		3951,
		9999998,
		1,
		9999998030,
		10000,
		0,
		0,
		0,
	},
	[3952]=
	{
		3952,
		9999998,
		1,
		9999998031,
		10000,
		0,
		0,
		0,
	},
	[3953]=
	{
		3953,
		9999998,
		1,
		9999998032,
		10000,
		0,
		0,
		0,
	},
	[3954]=
	{
		3954,
		9999998,
		1,
		9999998033,
		10000,
		0,
		0,
		0,
	},
	[3955]=
	{
		3955,
		9999998,
		1,
		9999998034,
		10000,
		0,
		0,
		0,
	},
	[3956]=
	{
		3956,
		9999998,
		1,
		9999998035,
		10000,
		0,
		0,
		0,
	},
	[3957]=
	{
		3957,
		9999998,
		1,
		9999998036,
		10000,
		0,
		0,
		0,
	},
	[3958]=
	{
		3958,
		9999998,
		1,
		9999998037,
		10000,
		0,
		0,
		0,
	},
	[3959]=
	{
		3959,
		9999998,
		1,
		9999998038,
		10000,
		0,
		0,
		0,
	},
	[3960]=
	{
		3960,
		9999998,
		1,
		9999998039,
		10000,
		0,
		0,
		0,
	},
	[3961]=
	{
		3961,
		9999998,
		1,
		9999998040,
		10000,
		0,
		0,
		0,
	},
	[3962]=
	{
		3962,
		9999998,
		1,
		9999998041,
		10000,
		0,
		0,
		0,
	},
	[3963]=
	{
		3963,
		9999998,
		1,
		9999998042,
		10000,
		0,
		0,
		0,
	},
	[3964]=
	{
		3964,
		9999998,
		1,
		9999998043,
		10000,
		0,
		0,
		0,
	},
	[3965]=
	{
		3965,
		9999998,
		1,
		9999998044,
		10000,
		0,
		0,
		0,
	},
	[3966]=
	{
		3966,
		9999998,
		1,
		9999998045,
		10000,
		0,
		0,
		0,
	},
	[3967]=
	{
		3967,
		9999998,
		1,
		9999998046,
		10000,
		0,
		0,
		0,
	},
	[3968]=
	{
		3968,
		9999998,
		1,
		9999998047,
		10000,
		0,
		0,
		0,
	},
	[3969]=
	{
		3969,
		9999998,
		1,
		9999998048,
		10000,
		0,
		0,
		0,
	},
	[3970]=
	{
		3970,
		9999998,
		1,
		9999998049,
		10000,
		0,
		0,
		0,
	},
	[3971]=
	{
		3971,
		9999998,
		1,
		9999998050,
		10000,
		0,
		0,
		0,
	},
	[3972]=
	{
		3972,
		9999998,
		1,
		9999998051,
		10000,
		0,
		0,
		0,
	},
	[3973]=
	{
		3973,
		9999998,
		1,
		9999998052,
		10000,
		0,
		0,
		0,
	},
	[3974]=
	{
		3974,
		9999998,
		1,
		9999998053,
		10000,
		0,
		0,
		0,
	},
	[3975]=
	{
		3975,
		9999998,
		1,
		9999998054,
		10000,
		0,
		0,
		0,
	},
	[3976]=
	{
		3976,
		9999998,
		1,
		9999998055,
		10000,
		0,
		0,
		0,
	},
	[3977]=
	{
		3977,
		9999998,
		1,
		9999998056,
		10000,
		0,
		0,
		0,
	},
	[3978]=
	{
		3978,
		9999998,
		1,
		9999998057,
		10000,
		0,
		0,
		0,
	},
	[3979]=
	{
		3979,
		9999998,
		1,
		9999998058,
		10000,
		0,
		0,
		0,
	},
	[3980]=
	{
		3980,
		9999998,
		1,
		9999998059,
		10000,
		0,
		0,
		0,
	},
	[3981]=
	{
		3981,
		9999998,
		1,
		9999998060,
		10000,
		0,
		0,
		0,
	},
	[3982]=
	{
		3982,
		9999998,
		1,
		9999998061,
		10000,
		0,
		0,
		0,
	},
	[3983]=
	{
		3983,
		9999998,
		1,
		9999998062,
		10000,
		0,
		0,
		0,
	},
	[3984]=
	{
		3984,
		9999998,
		1,
		9999998063,
		10000,
		0,
		0,
		0,
	},
	[3985]=
	{
		3985,
		9999998,
		1,
		9999998064,
		10000,
		0,
		0,
		0,
	},
	[3986]=
	{
		3986,
		9999998,
		1,
		9999998065,
		10000,
		0,
		0,
		0,
	},
	[3987]=
	{
		3987,
		9999998,
		1,
		9999998066,
		10000,
		0,
		0,
		0,
	},
	[3988]=
	{
		3988,
		9999998,
		1,
		9999998067,
		10000,
		0,
		0,
		0,
	},
	[3989]=
	{
		3989,
		9999998,
		1,
		9999998068,
		10000,
		0,
		0,
		0,
	},
	[3990]=
	{
		3990,
		9999998,
		1,
		9999998069,
		10000,
		0,
		0,
		0,
	},
	[3991]=
	{
		3991,
		9999998,
		1,
		9999998070,
		10000,
		0,
		0,
		0,
	},
	[3992]=
	{
		3992,
		9999998,
		1,
		9999998071,
		10000,
		0,
		0,
		0,
	},
	[3993]=
	{
		3993,
		9999998,
		1,
		9999998072,
		10000,
		0,
		0,
		0,
	},
	[3994]=
	{
		3994,
		9999998,
		1,
		9999998073,
		10000,
		0,
		0,
		0,
	},
	[3995]=
	{
		3995,
		9999998,
		1,
		9999998074,
		10000,
		0,
		0,
		0,
	},
	[3996]=
	{
		3996,
		9999998,
		1,
		9999998075,
		10000,
		0,
		0,
		0,
	},
	[3997]=
	{
		3997,
		9999998,
		1,
		9999998076,
		10000,
		0,
		0,
		0,
	},
	[3998]=
	{
		3998,
		9999998,
		1,
		9999998077,
		10000,
		0,
		0,
		0,
	},
	[3999]=
	{
		3999,
		9999998,
		1,
		9999998078,
		10000,
		0,
		0,
		0,
	},
	[4000]=
	{
		4000,
		9999998,
		1,
		9999998079,
		10000,
		0,
		0,
		0,
	},
	[4001]=
	{
		4001,
		9999998,
		1,
		9999998080,
		10000,
		0,
		0,
		0,
	},
	[4002]=
	{
		4002,
		9999998,
		1,
		9999998081,
		10000,
		0,
		0,
		0,
	},
	[4003]=
	{
		4003,
		9999998,
		1,
		9999998082,
		10000,
		0,
		0,
		0,
	},
	[4004]=
	{
		4004,
		9999998,
		1,
		9999998083,
		10000,
		0,
		0,
		0,
	},
	[4005]=
	{
		4005,
		9999998,
		1,
		9999998084,
		10000,
		0,
		0,
		0,
	},
	[4006]=
	{
		4006,
		9999998,
		1,
		9999998085,
		10000,
		0,
		0,
		0,
	},
	[4007]=
	{
		4007,
		9999998,
		1,
		9999998086,
		10000,
		0,
		0,
		0,
	},
	[4008]=
	{
		4008,
		9999998,
		1,
		9999998087,
		10000,
		0,
		0,
		0,
	},
	[4009]=
	{
		4009,
		9999998,
		1,
		9999998088,
		10000,
		0,
		0,
		0,
	},
	[4010]=
	{
		4010,
		9999998,
		1,
		9999998089,
		10000,
		0,
		0,
		0,
	},
	[4011]=
	{
		4011,
		9999998,
		1,
		9999998090,
		10000,
		0,
		0,
		0,
	},
	[4012]=
	{
		4012,
		9999998,
		1,
		9999998091,
		10000,
		0,
		0,
		0,
	},
	[4013]=
	{
		4013,
		9999998,
		1,
		9999998092,
		10000,
		0,
		0,
		0,
	},
	[4014]=
	{
		4014,
		9999998,
		1,
		9999998093,
		10000,
		0,
		0,
		0,
	},
	[4015]=
	{
		4015,
		9999998,
		1,
		9999998094,
		10000,
		0,
		0,
		0,
	},
	[4016]=
	{
		4016,
		9999998,
		1,
		9999998095,
		10000,
		0,
		0,
		0,
	},
	[4017]=
	{
		4017,
		9999998,
		1,
		9999998096,
		10000,
		0,
		0,
		0,
	},
	[4018]=
	{
		4018,
		9999998,
		1,
		9999998097,
		10000,
		0,
		0,
		0,
	},
	[4019]=
	{
		4019,
		9999998,
		1,
		9999998098,
		10000,
		0,
		0,
		0,
	},
	[4020]=
	{
		4020,
		9999998,
		1,
		9999998099,
		10000,
		0,
		0,
		0,
	},
	[4021]=
	{
		4021,
		9999998,
		1,
		9999998100,
		10000,
		0,
		0,
		0,
	},
	[4022]=
	{
		4022,
		9999998,
		1,
		9999998101,
		10000,
		0,
		0,
		0,
	},
	[4023]=
	{
		4023,
		9999998,
		1,
		9999998102,
		10000,
		0,
		0,
		0,
	},
	[4024]=
	{
		4024,
		9999998,
		1,
		9999998103,
		10000,
		0,
		0,
		0,
	},
	[4025]=
	{
		4025,
		9999998,
		1,
		9999998104,
		10000,
		0,
		0,
		0,
	},
	[4026]=
	{
		4026,
		9999998,
		1,
		9999998105,
		10000,
		0,
		0,
		0,
	},
	[4027]=
	{
		4027,
		9999998,
		1,
		9999998106,
		10000,
		0,
		0,
		0,
	},
	[4028]=
	{
		4028,
		9999998,
		1,
		9999998107,
		10000,
		0,
		0,
		0,
	},
	[4029]=
	{
		4029,
		9999998,
		1,
		9999998108,
		10000,
		0,
		0,
		0,
	},
	[4030]=
	{
		4030,
		9999998,
		1,
		9999998109,
		10000,
		0,
		0,
		0,
	},
	[4031]=
	{
		4031,
		9999998,
		1,
		9999998110,
		10000,
		0,
		0,
		0,
	},
	[4032]=
	{
		4032,
		9999998,
		1,
		9999998111,
		10000,
		0,
		0,
		0,
	},
	[4033]=
	{
		4033,
		9999998,
		1,
		9999998112,
		10000,
		0,
		0,
		0,
	},
	[4034]=
	{
		4034,
		9999998,
		1,
		9999998113,
		10000,
		0,
		0,
		0,
	},
	[4035]=
	{
		4035,
		9999998,
		1,
		9999998114,
		10000,
		0,
		0,
		0,
	},
	[4036]=
	{
		4036,
		9999998,
		1,
		9999998115,
		10000,
		0,
		0,
		0,
	},
	[4037]=
	{
		4037,
		9999998,
		1,
		9999998116,
		10000,
		0,
		0,
		0,
	},
	[4038]=
	{
		4038,
		9999998,
		1,
		9999998117,
		10000,
		0,
		0,
		0,
	},
	[4039]=
	{
		4039,
		9999998,
		1,
		9999998118,
		10000,
		0,
		0,
		0,
	},
	[4040]=
	{
		4040,
		9999998,
		1,
		9999998119,
		10000,
		0,
		0,
		0,
	},
	[4041]=
	{
		4041,
		9999998,
		1,
		9999998120,
		10000,
		0,
		0,
		0,
	},
	[4042]=
	{
		4042,
		9999998,
		1,
		9999998121,
		10000,
		0,
		0,
		0,
	},
	[4043]=
	{
		4043,
		9999998,
		1,
		9999998122,
		10000,
		0,
		0,
		0,
	},
	[4044]=
	{
		4044,
		9999998,
		1,
		9999998123,
		10000,
		0,
		0,
		0,
	},
	[4045]=
	{
		4045,
		9999999,
		1,
		9999999001,
		10000,
		0,
		0,
		0,
	},
	[4046]=
	{
		4046,
		9999999,
		1,
		9999999002,
		10000,
		0,
		0,
		0,
	},
	[4047]=
	{
		4047,
		9999999,
		1,
		9999999003,
		10000,
		0,
		0,
		0,
	},
	[4048]=
	{
		4048,
		9999999,
		1,
		9999999004,
		10000,
		0,
		0,
		0,
	},
	[4049]=
	{
		4049,
		9999999,
		1,
		9999999005,
		10000,
		0,
		0,
		0,
	},
	[4050]=
	{
		4050,
		9999999,
		1,
		9999999006,
		10000,
		0,
		0,
		0,
	},
	[4051]=
	{
		4051,
		9999999,
		1,
		9999999007,
		10000,
		0,
		0,
		0,
	},
	[4052]=
	{
		4052,
		9999999,
		1,
		9999999008,
		10000,
		0,
		0,
		0,
	},
	[4053]=
	{
		4053,
		9999999,
		1,
		9999999009,
		10000,
		0,
		0,
		0,
	},
	[4054]=
	{
		4054,
		9999999,
		1,
		9999999010,
		10000,
		0,
		0,
		0,
	},
	[4055]=
	{
		4055,
		9999999,
		1,
		9999999011,
		10000,
		0,
		0,
		0,
	},
	[4056]=
	{
		4056,
		9999999,
		1,
		9999999012,
		10000,
		0,
		0,
		0,
	},
	[4057]=
	{
		4057,
		9999999,
		1,
		9999999013,
		10000,
		0,
		0,
		0,
	},
	[4058]=
	{
		4058,
		9999999,
		1,
		9999999014,
		10000,
		0,
		0,
		0,
	},
	[4059]=
	{
		4059,
		9999999,
		1,
		9999999015,
		10000,
		0,
		0,
		0,
	},
	[4060]=
	{
		4060,
		9999999,
		1,
		9999999016,
		10000,
		0,
		0,
		0,
	},
	[4061]=
	{
		4061,
		9999999,
		1,
		9999999017,
		10000,
		0,
		0,
		0,
	},
	[4062]=
	{
		4062,
		9999999,
		1,
		9999999018,
		10000,
		0,
		0,
		0,
	},
	[4063]=
	{
		4063,
		9999999,
		1,
		9999999019,
		10000,
		0,
		0,
		0,
	},
	[4064]=
	{
		4064,
		9999999,
		1,
		9999999020,
		10000,
		0,
		0,
		0,
	},
	[4065]=
	{
		4065,
		9999999,
		1,
		9999999021,
		10000,
		0,
		0,
		0,
	},
	[4066]=
	{
		4066,
		9999999,
		1,
		9999999022,
		10000,
		0,
		0,
		0,
	},
	[4067]=
	{
		4067,
		9999999,
		1,
		9999999023,
		10000,
		0,
		0,
		0,
	},
	[4068]=
	{
		4068,
		9999999,
		1,
		9999999024,
		10000,
		0,
		0,
		0,
	},
	[4069]=
	{
		4069,
		9999999,
		1,
		9999999025,
		10000,
		0,
		0,
		0,
	},
	[4070]=
	{
		4070,
		9999999,
		1,
		9999999026,
		10000,
		0,
		0,
		0,
	},
	[4071]=
	{
		4071,
		9999999,
		1,
		9999999027,
		10000,
		0,
		0,
		0,
	},
	[4072]=
	{
		4072,
		9999999,
		1,
		9999999028,
		10000,
		0,
		0,
		0,
	},
	[4073]=
	{
		4073,
		9999999,
		1,
		9999999029,
		10000,
		0,
		0,
		0,
	},
	[4074]=
	{
		4074,
		9999999,
		1,
		9999999030,
		10000,
		0,
		0,
		0,
	},
	[4075]=
	{
		4075,
		9999999,
		1,
		9999999031,
		10000,
		0,
		0,
		0,
	},
	[4076]=
	{
		4076,
		9999999,
		1,
		9999999032,
		10000,
		0,
		0,
		0,
	},
	[4077]=
	{
		4077,
		9999999,
		1,
		9999999033,
		10000,
		0,
		0,
		0,
	},
	[4078]=
	{
		4078,
		9999999,
		1,
		9999999034,
		10000,
		0,
		0,
		0,
	},
	[4079]=
	{
		4079,
		9999999,
		1,
		9999999035,
		10000,
		0,
		0,
		0,
	},
	[4080]=
	{
		4080,
		9999999,
		1,
		9999999036,
		10000,
		0,
		0,
		0,
	},
	[4081]=
	{
		4081,
		9999999,
		1,
		9999999037,
		10000,
		0,
		0,
		0,
	},
	[4082]=
	{
		4082,
		9999999,
		1,
		9999999038,
		10000,
		0,
		0,
		0,
	},
	[4083]=
	{
		4083,
		9999999,
		1,
		9999999039,
		10000,
		0,
		0,
		0,
	},
	[4084]=
	{
		4084,
		9999999,
		1,
		9999999040,
		10000,
		0,
		0,
		0,
	},
	[4085]=
	{
		4085,
		9999999,
		1,
		9999999041,
		10000,
		0,
		0,
		0,
	},
	[4086]=
	{
		4086,
		9999999,
		1,
		9999999042,
		10000,
		0,
		0,
		0,
	},
	[4087]=
	{
		4087,
		9999999,
		1,
		9999999043,
		10000,
		0,
		0,
		0,
	},
	[4088]=
	{
		4088,
		9999999,
		1,
		9999999044,
		10000,
		0,
		0,
		0,
	},
	[4089]=
	{
		4089,
		9999999,
		1,
		9999999045,
		10000,
		0,
		0,
		0,
	},
	[4090]=
	{
		4090,
		9999999,
		1,
		9999999046,
		10000,
		0,
		0,
		0,
	},
	[4091]=
	{
		4091,
		9999999,
		1,
		9999999047,
		10000,
		0,
		0,
		0,
	},
	[4092]=
	{
		4092,
		9999999,
		1,
		9999999048,
		10000,
		0,
		0,
		0,
	},
	[4093]=
	{
		4093,
		9999999,
		1,
		9999999049,
		10000,
		0,
		0,
		0,
	},
	[4094]=
	{
		4094,
		9999999,
		1,
		9999999050,
		10000,
		0,
		0,
		0,
	},
	[4095]=
	{
		4095,
		9999999,
		1,
		9999999051,
		10000,
		0,
		0,
		0,
	},
	[4096]=
	{
		4096,
		9999999,
		1,
		9999999052,
		10000,
		0,
		0,
		0,
	},
	[4097]=
	{
		4097,
		9999999,
		1,
		9999999053,
		10000,
		0,
		0,
		0,
	},
	[4098]=
	{
		4098,
		9999999,
		1,
		9999999054,
		10000,
		0,
		0,
		0,
	},
	[4099]=
	{
		4099,
		9999999,
		1,
		9999999055,
		10000,
		0,
		0,
		0,
	},
	[4100]=
	{
		4100,
		9999999,
		1,
		9999999056,
		10000,
		0,
		0,
		0,
	},
	[4101]=
	{
		4101,
		9999999,
		1,
		9999999057,
		10000,
		0,
		0,
		0,
	},
	[4102]=
	{
		4102,
		9999999,
		1,
		9999999058,
		10000,
		0,
		0,
		0,
	},
	[4103]=
	{
		4103,
		9999999,
		1,
		9999999059,
		10000,
		0,
		0,
		0,
	},
	[4104]=
	{
		4104,
		9999999,
		1,
		9999999060,
		10000,
		0,
		0,
		0,
	},
	[4105]=
	{
		4105,
		9999999,
		1,
		9999999061,
		10000,
		0,
		0,
		0,
	},
	[4106]=
	{
		4106,
		9999999,
		1,
		9999999062,
		10000,
		0,
		0,
		0,
	},
	[4107]=
	{
		4107,
		9999999,
		1,
		9999999063,
		10000,
		0,
		0,
		0,
	},
	[4108]=
	{
		4108,
		9999999,
		1,
		9999999064,
		10000,
		0,
		0,
		0,
	},
	[4109]=
	{
		4109,
		9999999,
		1,
		9999999065,
		10000,
		0,
		0,
		0,
	},
	[4110]=
	{
		4110,
		9999999,
		1,
		9999999066,
		10000,
		0,
		0,
		0,
	},
	[4111]=
	{
		4111,
		9999999,
		1,
		9999999067,
		10000,
		0,
		0,
		0,
	},
	[4112]=
	{
		4112,
		9999999,
		1,
		9999999068,
		10000,
		0,
		0,
		0,
	},
	[4113]=
	{
		4113,
		9999999,
		1,
		9999999069,
		10000,
		0,
		0,
		0,
	},
	[4114]=
	{
		4114,
		9999999,
		1,
		9999999070,
		10000,
		0,
		0,
		0,
	},
	[4115]=
	{
		4115,
		9999999,
		1,
		9999999071,
		10000,
		0,
		0,
		0,
	},
	[4116]=
	{
		4116,
		9999999,
		1,
		9999999072,
		10000,
		0,
		0,
		0,
	},
	[4117]=
	{
		4117,
		9999999,
		1,
		9999999073,
		10000,
		0,
		0,
		0,
	},
	[4118]=
	{
		4118,
		9999999,
		1,
		9999999074,
		10000,
		0,
		0,
		0,
	},
	[4119]=
	{
		4119,
		9999999,
		1,
		9999999075,
		10000,
		0,
		0,
		0,
	},
	[4120]=
	{
		4120,
		9999999,
		1,
		9999999076,
		10000,
		0,
		0,
		0,
	},
	[4121]=
	{
		4121,
		9999999,
		1,
		9999999077,
		10000,
		0,
		0,
		0,
	},
	[4122]=
	{
		4122,
		9999999,
		1,
		9999999078,
		10000,
		0,
		0,
		0,
	},
	[4123]=
	{
		4123,
		9999999,
		1,
		9999999079,
		10000,
		0,
		0,
		0,
	},
	[4124]=
	{
		4124,
		9999999,
		1,
		9999999080,
		10000,
		0,
		0,
		0,
	},
	[4125]=
	{
		4125,
		9999999,
		1,
		9999999081,
		10000,
		0,
		0,
		0,
	},
	[4126]=
	{
		4126,
		9999999,
		1,
		9999999082,
		10000,
		0,
		0,
		0,
	},
	[4127]=
	{
		4127,
		9999999,
		1,
		9999999083,
		10000,
		0,
		0,
		0,
	},
	[4128]=
	{
		4128,
		9999999,
		1,
		9999999084,
		10000,
		0,
		0,
		0,
	},
	[4129]=
	{
		4129,
		9999999,
		1,
		9999999085,
		10000,
		0,
		0,
		0,
	},
	[4130]=
	{
		4130,
		9999999,
		1,
		9999999086,
		10000,
		0,
		0,
		0,
	},
	[4131]=
	{
		4131,
		9999999,
		1,
		9999999087,
		10000,
		0,
		0,
		0,
	},
	[4132]=
	{
		4132,
		9999999,
		1,
		9999999088,
		10000,
		0,
		0,
		0,
	},
	[4133]=
	{
		4133,
		9999999,
		1,
		9999999089,
		10000,
		0,
		0,
		0,
	},
	[4134]=
	{
		4134,
		9999999,
		1,
		9999999090,
		10000,
		0,
		0,
		0,
	},
	[4135]=
	{
		4135,
		9999999,
		1,
		9999999091,
		10000,
		0,
		0,
		0,
	},
	[4136]=
	{
		4136,
		9999999,
		1,
		9999999092,
		10000,
		0,
		0,
		0,
	},
	[4137]=
	{
		4137,
		9999999,
		1,
		9999999093,
		10000,
		0,
		0,
		0,
	},
	[4138]=
	{
		4138,
		9999999,
		1,
		9999999094,
		10000,
		0,
		0,
		0,
	},
	[4139]=
	{
		4139,
		9999999,
		1,
		9999999095,
		10000,
		0,
		0,
		0,
	},
	[4140]=
	{
		4140,
		9999999,
		1,
		9999999096,
		10000,
		0,
		0,
		0,
	},
	[4141]=
	{
		4141,
		9999999,
		1,
		9999999097,
		10000,
		0,
		0,
		0,
	},
	[4142]=
	{
		4142,
		9999999,
		1,
		9999999098,
		10000,
		0,
		0,
		0,
	},
	[4143]=
	{
		4143,
		9999999,
		1,
		9999999099,
		10000,
		0,
		0,
		0,
	},
	[4144]=
	{
		4144,
		9999999,
		1,
		9999999100,
		10000,
		0,
		0,
		0,
	},
	[4145]=
	{
		4145,
		9999999,
		1,
		9999999101,
		10000,
		0,
		0,
		0,
	},
	[4146]=
	{
		4146,
		9999999,
		1,
		9999999102,
		10000,
		0,
		0,
		0,
	},
	[4147]=
	{
		4147,
		9999999,
		1,
		9999999103,
		10000,
		0,
		0,
		0,
	},
	[4148]=
	{
		4148,
		9999999,
		1,
		9999999104,
		10000,
		0,
		0,
		0,
	},
	[4149]=
	{
		4149,
		9999999,
		1,
		9999999105,
		10000,
		0,
		0,
		0,
	},
	[4150]=
	{
		4150,
		9999999,
		1,
		9999999106,
		10000,
		0,
		0,
		0,
	},
	[4151]=
	{
		4151,
		9999999,
		1,
		9999999107,
		10000,
		0,
		0,
		0,
	},
	[4152]=
	{
		4152,
		9999999,
		1,
		9999999108,
		10000,
		0,
		0,
		0,
	},
	[4153]=
	{
		4153,
		9999999,
		1,
		9999999109,
		10000,
		0,
		0,
		0,
	},
	[4154]=
	{
		4154,
		9999999,
		1,
		9999999110,
		10000,
		0,
		0,
		0,
	},
	[4155]=
	{
		4155,
		9999999,
		1,
		9999999111,
		10000,
		0,
		0,
		0,
	},
	[4156]=
	{
		4156,
		9999999,
		1,
		9999999112,
		10000,
		0,
		0,
		0,
	},
	[4157]=
	{
		4157,
		9999999,
		1,
		9999999113,
		10000,
		0,
		0,
		0,
	},
	[4158]=
	{
		4158,
		9999999,
		1,
		9999999114,
		10000,
		0,
		0,
		0,
	},
	[4159]=
	{
		4159,
		9999999,
		1,
		9999999115,
		10000,
		0,
		0,
		0,
	},
	[4160]=
	{
		4160,
		9999999,
		1,
		9999999116,
		10000,
		0,
		0,
		0,
	},
	[4161]=
	{
		4161,
		9999999,
		1,
		9999999117,
		10000,
		0,
		0,
		0,
	},
	[4162]=
	{
		4162,
		9999999,
		1,
		9999999118,
		10000,
		0,
		0,
		0,
	},
	[4163]=
	{
		4163,
		9999999,
		1,
		9999999119,
		10000,
		0,
		0,
		0,
	},
	[4164]=
	{
		4164,
		9999999,
		1,
		9999999120,
		10000,
		0,
		0,
		0,
	},
	[4165]=
	{
		4165,
		9999999,
		1,
		9999999121,
		10000,
		0,
		0,
		0,
	},
	[4166]=
	{
		4166,
		9999999,
		1,
		9999999122,
		10000,
		0,
		0,
		0,
	},
	[4167]=
	{
		4167,
		9999999,
		1,
		9999999123,
		10000,
		0,
		0,
		0,
	},
	[4168]=
	{
		4168,
		9999999,
		1,
		9999999124,
		10000,
		0,
		0,
		0,
	},
	[4169]=
	{
		4169,
		9999999,
		1,
		9999999125,
		10000,
		0,
		0,
		0,
	},
	[4170]=
	{
		4170,
		9999999,
		1,
		9999999126,
		10000,
		0,
		0,
		0,
	},
	[4171]=
	{
		4171,
		9999999,
		1,
		9999999127,
		10000,
		0,
		0,
		0,
	},
	[4172]=
	{
		4172,
		9999999,
		1,
		9999999128,
		10000,
		0,
		0,
		0,
	},
	[4173]=
	{
		4173,
		9999999,
		1,
		9999999129,
		10000,
		0,
		0,
		0,
	},
	[4174]=
	{
		4174,
		9999999,
		1,
		9999999130,
		10000,
		0,
		0,
		0,
	},
	[4175]=
	{
		4175,
		9999999,
		1,
		9999999131,
		10000,
		0,
		0,
		0,
	},
	[4176]=
	{
		4176,
		9999999,
		1,
		9999999132,
		10000,
		0,
		0,
		0,
	},
	[4177]=
	{
		4177,
		9999999,
		1,
		9999999133,
		10000,
		0,
		0,
		0,
	},
	[4178]=
	{
		4178,
		9999999,
		1,
		9999999134,
		10000,
		0,
		0,
		0,
	},
	[4179]=
	{
		4179,
		9999999,
		1,
		9999999135,
		10000,
		0,
		0,
		0,
	},
	[4180]=
	{
		4180,
		9999999,
		1,
		9999999136,
		10000,
		0,
		0,
		0,
	},
	[4181]=
	{
		4181,
		9999999,
		1,
		9999999137,
		10000,
		0,
		0,
		0,
	},
	[4182]=
	{
		4182,
		9999999,
		1,
		9999999138,
		10000,
		0,
		0,
		0,
	},
	[4183]=
	{
		4183,
		9999999,
		1,
		9999999139,
		10000,
		0,
		0,
		0,
	},
	[4184]=
	{
		4184,
		9999999,
		1,
		9999999140,
		10000,
		0,
		0,
		0,
	},
	[4185]=
	{
		4185,
		9999999,
		1,
		9999999141,
		10000,
		0,
		0,
		0,
	},
	[4186]=
	{
		4186,
		9999999,
		1,
		9999999142,
		10000,
		0,
		0,
		0,
	},
	[4187]=
	{
		4187,
		9999999,
		1,
		9999999143,
		10000,
		0,
		0,
		0,
	},
	[4188]=
	{
		4188,
		9999999,
		1,
		9999999144,
		10000,
		0,
		0,
		0,
	},
	[4189]=
	{
		4189,
		9999999,
		1,
		9999999145,
		10000,
		0,
		0,
		0,
	},
	[4190]=
	{
		4190,
		9999999,
		1,
		9999999146,
		10000,
		0,
		0,
		0,
	},
	[4191]=
	{
		4191,
		9999999,
		1,
		9999999147,
		10000,
		0,
		0,
		0,
	},
	[4192]=
	{
		4192,
		9999999,
		1,
		9999999148,
		10000,
		0,
		0,
		0,
	},
	[4193]=
	{
		4193,
		9999999,
		1,
		9999999149,
		10000,
		0,
		0,
		0,
	},
	[4194]=
	{
		4194,
		9999999,
		1,
		9999999150,
		10000,
		0,
		0,
		0,
	},
	[4195]=
	{
		4195,
		9999999,
		1,
		9999999151,
		10000,
		0,
		0,
		0,
	},
	[4196]=
	{
		4196,
		9999999,
		1,
		9999999152,
		10000,
		0,
		0,
		0,
	},
	[4197]=
	{
		4197,
		9999999,
		1,
		9999999153,
		10000,
		0,
		0,
		0,
	},
	[4198]=
	{
		4198,
		9999999,
		1,
		9999999154,
		10000,
		0,
		0,
		0,
	},
	[4199]=
	{
		4199,
		9999999,
		1,
		9999999155,
		10000,
		0,
		0,
		0,
	},
	[4200]=
	{
		4200,
		9999999,
		1,
		9999999156,
		10000,
		0,
		0,
		0,
	},
	[4201]=
	{
		4201,
		9999999,
		1,
		9999999157,
		10000,
		0,
		0,
		0,
	},
	[4202]=
	{
		4202,
		9999999,
		1,
		9999999158,
		10000,
		0,
		0,
		0,
	},
	[4203]=
	{
		4203,
		9999999,
		1,
		9999999159,
		10000,
		0,
		0,
		0,
	},
	[4204]=
	{
		4204,
		9999999,
		1,
		9999999160,
		10000,
		0,
		0,
		0,
	},
	[4205]=
	{
		4205,
		9999999,
		1,
		9999999161,
		10000,
		0,
		0,
		0,
	},
	[4206]=
	{
		4206,
		9999999,
		1,
		9999999162,
		10000,
		0,
		0,
		0,
	},
	[4207]=
	{
		4207,
		9999999,
		1,
		9999999163,
		10000,
		0,
		0,
		0,
	},
	[4208]=
	{
		4208,
		9999999,
		1,
		9999999164,
		10000,
		0,
		0,
		0,
	},
	[4209]=
	{
		4209,
		9999999,
		1,
		9999999165,
		10000,
		0,
		0,
		0,
	},
	[4210]=
	{
		4210,
		9999999,
		1,
		9999999166,
		10000,
		0,
		0,
		0,
	},
	[4211]=
	{
		4211,
		9999999,
		1,
		9999999167,
		10000,
		0,
		0,
		0,
	},
	[4212]=
	{
		4212,
		9999999,
		1,
		9999999168,
		10000,
		0,
		0,
		0,
	},
	[4213]=
	{
		4213,
		9999999,
		1,
		9999999169,
		10000,
		0,
		0,
		0,
	},
	[4214]=
	{
		4214,
		9999999,
		1,
		9999999170,
		10000,
		0,
		0,
		0,
	},
	[4215]=
	{
		4215,
		9999999,
		1,
		9999999171,
		10000,
		0,
		0,
		0,
	},
	[4216]=
	{
		4216,
		9999999,
		1,
		9999999172,
		10000,
		0,
		0,
		0,
	},
	[4217]=
	{
		4217,
		9999999,
		1,
		9999999173,
		10000,
		0,
		0,
		0,
	},
	[4218]=
	{
		4218,
		9999999,
		1,
		9999999174,
		10000,
		0,
		0,
		0,
	},
	[4219]=
	{
		4219,
		9999999,
		1,
		9999999175,
		10000,
		0,
		0,
		0,
	},
	[4220]=
	{
		4220,
		9999999,
		1,
		9999999176,
		10000,
		0,
		0,
		0,
	},
	[4221]=
	{
		4221,
		9999999,
		1,
		9999999177,
		10000,
		0,
		0,
		0,
	},
	[4222]=
	{
		4222,
		9999999,
		1,
		9999999178,
		10000,
		0,
		0,
		0,
	},
	[4223]=
	{
		4223,
		9999999,
		1,
		9999999179,
		10000,
		0,
		0,
		0,
	},
	[4224]=
	{
		4224,
		9999999,
		1,
		9999999180,
		10000,
		0,
		0,
		0,
	},
	[4225]=
	{
		4225,
		9999999,
		1,
		9999999181,
		10000,
		0,
		0,
		0,
	},
	[4226]=
	{
		4226,
		9999999,
		1,
		9999999182,
		10000,
		0,
		0,
		0,
	},
	[4227]=
	{
		4227,
		9999999,
		1,
		9999999183,
		10000,
		0,
		0,
		0,
	},
	[4228]=
	{
		4228,
		9999999,
		1,
		9999999184,
		10000,
		0,
		0,
		0,
	},
	[4229]=
	{
		4229,
		9999999,
		1,
		9999999185,
		10000,
		0,
		0,
		0,
	},
	[4230]=
	{
		4230,
		9999999,
		1,
		9999999186,
		10000,
		0,
		0,
		0,
	},
	[4231]=
	{
		4231,
		9999999,
		1,
		9999999187,
		10000,
		0,
		0,
		0,
	},
	[4232]=
	{
		4232,
		9999999,
		1,
		9999999188,
		10000,
		0,
		0,
		0,
	},
	[4233]=
	{
		4233,
		9999999,
		1,
		9999999189,
		10000,
		0,
		0,
		0,
	},
	[4234]=
	{
		4234,
		9999999,
		1,
		9999999190,
		10000,
		0,
		0,
		0,
	},
	[4235]=
	{
		4235,
		9999999,
		1,
		9999999191,
		10000,
		0,
		0,
		0,
	},
	[4236]=
	{
		4236,
		9999999,
		1,
		9999999192,
		10000,
		0,
		0,
		0,
	},
	[4237]=
	{
		4237,
		9999999,
		1,
		9999999193,
		10000,
		0,
		0,
		0,
	},
	[4238]=
	{
		4238,
		9999999,
		1,
		9999999194,
		10000,
		0,
		0,
		0,
	},
	[4239]=
	{
		4239,
		9999999,
		1,
		9999999195,
		10000,
		0,
		0,
		0,
	},
	[4240]=
	{
		4240,
		9999999,
		1,
		9999999196,
		10000,
		0,
		0,
		0,
	},
	[4241]=
	{
		4241,
		9999999,
		1,
		9999999197,
		10000,
		0,
		0,
		0,
	},
	[4242]=
	{
		4242,
		9999999,
		1,
		9999999198,
		10000,
		0,
		0,
		0,
	},
	[4243]=
	{
		4243,
		9999999,
		1,
		9999999199,
		10000,
		0,
		0,
		0,
	},
	[4244]=
	{
		4244,
		9999999,
		1,
		9999999200,
		10000,
		0,
		0,
		0,
	},
	[4245]=
	{
		4245,
		9999999,
		1,
		9999999201,
		10000,
		0,
		0,
		0,
	},
	[4246]=
	{
		4246,
		9999999,
		1,
		9999999202,
		10000,
		0,
		0,
		0,
	},
	[4247]=
	{
		4247,
		9999999,
		1,
		9999999203,
		10000,
		0,
		0,
		0,
	},
	[4248]=
	{
		4248,
		9999999,
		1,
		9999999204,
		10000,
		0,
		0,
		0,
	},
	[4249]=
	{
		4249,
		9999999,
		1,
		9999999205,
		10000,
		0,
		0,
		0,
	},
	[4250]=
	{
		4250,
		9999999,
		1,
		9999999206,
		10000,
		0,
		0,
		0,
	},
	[4251]=
	{
		4251,
		9999999,
		1,
		9999999207,
		10000,
		0,
		0,
		0,
	},
	[4252]=
	{
		4252,
		9999999,
		1,
		9999999208,
		10000,
		0,
		0,
		0,
	},
	[4253]=
	{
		4253,
		9999999,
		1,
		9999999209,
		10000,
		0,
		0,
		0,
	},

}

do
    MT(KeyMap, DropsList)
end

return DropsList
